Canonical SMILES,Sheet,Row,Activity Level,Minimum Activity Level,Maximum Activity Level,Activity Level Range,Reason
CO[C@H]1/C=C/O[C@@]2(C)Oc3c(C)c(O)c4c(O)c(c(/C=N/N5CCN(C)CC5)c(O)c4c3C2=O)NC(=O)/C(C)=C\C=C\[C@H](C)[C@H](O)[C@@H](C)[C@@H](O)[C@@H](C)[C@H](OC(C)=O)[C@@H]1C,Results_001,240,0.2,0,1,1,参考化合物有效条目超过 8 条；该值比组内最高 Activity Level 低至少 0.4，仅删除该记录
CO[C@H]1/C=C/O[C@@]2(C)Oc3c(C)c(O)c4c(O)c(c(/C=N/N5CCN(C)CC5)c(O)c4c3C2=O)NC(=O)/C(C)=C\C=C\[C@H](C)[C@H](O)[C@@H](C)[C@@H](O)[C@@H](C)[C@H](OC(C)=O)[C@@H]1C,Results_001,266,0.4,0,1,1,参考化合物有效条目超过 8 条；该值比组内最高 Activity Level 低至少 0.4，仅删除该记录
CO[C@H]1/C=C/O[C@@]2(C)Oc3c(C)c(O)c4c(O)c(c(/C=N/N5CCN(C)CC5)c(O)c4c3C2=O)NC(=O)/C(C)=C\C=C\[C@H](C)[C@H](O)[C@@H](C)[C@@H](O)[C@@H](C)[C@H](OC(C)=O)[C@@H]1C,Results_001,290,0.2,0,1,1,参考化合物有效条目超过 8 条；该值比组内最高 Activity Level 低至少 0.4，仅删除该记录
CO[C@H]1/C=C/O[C@@]2(C)Oc3c(C)c(O)c4c(O)c(c(/C=N/N5CCN(C)CC5)c(O)c4c3C2=O)NC(=O)/C(C)=C\C=C\[C@H](C)[C@H](O)[C@@H](C)[C@@H](O)[C@@H](C)[C@H](OC(C)=O)[C@@H]1C,Results_001,334,0.2,0,1,1,参考化合物有效条目超过 8 条；该值比组内最高 Activity Level 低至少 0.4，仅删除该记录
CO[C@H]1/C=C/O[C@@]2(C)Oc3c(C)c(O)c4c(O)c(c(/C=N/N5CCN(C)CC5)c(O)c4c3C2=O)NC(=O)/C(C)=C\C=C\[C@H](C)[C@H](O)[C@@H](C)[C@@H](O)[C@@H](C)[C@H](OC(C)=O)[C@@H]1C,Results_001,362,0.4,0,1,1,参考化合物有效条目超过 8 条；该值比组内最高 Activity Level 低至少 0.4，仅删除该记录
CO[C@H]1/C=C/O[C@@]2(C)Oc3c(C)c(O)c4c(O)c(c(/C=N/N5CCN(C)CC5)c(O)c4c3C2=O)NC(=O)/C(C)=C\C=C\[C@H](C)[C@H](O)[C@@H](C)[C@@H](O)[C@@H](C)[C@H](OC(C)=O)[C@@H]1C,Results_001,363,0.4,0,1,1,参考化合物有效条目超过 8 条；该值比组内最高 Activity Level 低至少 0.4，仅删除该记录
CO[C@H]1/C=C/O[C@@]2(C)Oc3c(C)c(O)c4c(O)c(c(/C=N/N5CCN(C)CC5)c(O)c4c3C2=O)NC(=O)/C(C)=C\C=C\[C@H](C)[C@H](O)[C@@H](C)[C@@H](O)[C@@H](C)[C@H](OC(C)=O)[C@@H]1C,Results_001,399,0.4,0,1,1,参考化合物有效条目超过 8 条；该值比组内最高 Activity Level 低至少 0.4，仅删除该记录
CO[C@H]1/C=C/O[C@@]2(C)Oc3c(C)c(O)c4c(O)c(c(/C=N/N5CCN(C)CC5)c(O)c4c3C2=O)NC(=O)/C(C)=C\C=C\[C@H](C)[C@H](O)[C@@H](C)[C@@H](O)[C@@H](C)[C@H](OC(C)=O)[C@@H]1C,Results_001,1040,0.6,0,1,1,参考化合物有效条目超过 8 条；该值比组内最高 Activity Level 低至少 0.4，仅删除该记录
CO[C@H]1/C=C/O[C@@]2(C)Oc3c(C)c(O)c4c(O)c(c(/C=N/N5CCN(C)CC5)c(O)c4c3C2=O)NC(=O)/C(C)=C\C=C\[C@H](C)[C@H](O)[C@@H](C)[C@@H](O)[C@@H](C)[C@H](OC(C)=O)[C@@H]1C,Results_001,1079,0.2,0,1,1,参考化合物有效条目超过 8 条；该值比组内最高 Activity Level 低至少 0.4，仅删除该记录
CO[C@H]1/C=C/O[C@@]2(C)Oc3c(C)c(O)c4c(O)c(c(/C=N/N5CCN(C)CC5)c(O)c4c3C2=O)NC(=O)/C(C)=C\C=C\[C@H](C)[C@H](O)[C@@H](C)[C@@H](O)[C@@H](C)[C@H](OC(C)=O)[C@@H]1C,Results_001,1264,0.2,0,1,1,参考化合物有效条目超过 8 条；该值比组内最高 Activity Level 低至少 0.4，仅删除该记录
CO[C@H]1/C=C/O[C@@]2(C)Oc3c(C)c(O)c4c(O)c(c(/C=N/N5CCN(C)CC5)c(O)c4c3C2=O)NC(=O)/C(C)=C\C=C\[C@H](C)[C@H](O)[C@@H](C)[C@@H](O)[C@@H](C)[C@H](OC(C)=O)[C@@H]1C,Results_001,1556,0.4,0,1,1,参考化合物有效条目超过 8 条；该值比组内最高 Activity Level 低至少 0.4，仅删除该记录
CO[C@H]1/C=C/O[C@@]2(C)Oc3c(C)c(O)c4c(O)c(c(/C=N/N5CCN(C)CC5)c(O)c4c3C2=O)NC(=O)/C(C)=C\C=C\[C@H](C)[C@H](O)[C@@H](C)[C@@H](O)[C@@H](C)[C@H](OC(C)=O)[C@@H]1C,Results_001,2028,0.2,0,1,1,参考化合物有效条目超过 8 条；该值比组内最高 Activity Level 低至少 0.4，仅删除该记录
CO[C@H]1/C=C/O[C@@]2(C)Oc3c(C)c(O)c4c(O)c(c(/C=N/N5CCN(C)CC5)c(O)c4c3C2=O)NC(=O)/C(C)=C\C=C\[C@H](C)[C@H](O)[C@@H](C)[C@@H](O)[C@@H](C)[C@H](OC(C)=O)[C@@H]1C,Results_001,2287,0.4,0,1,1,参考化合物有效条目超过 8 条；该值比组内最高 Activity Level 低至少 0.4，仅删除该记录
CO[C@H]1/C=C/O[C@@]2(C)Oc3c(C)c(O)c4c(O)c(c(/C=N/N5CCN(C)CC5)c(O)c4c3C2=O)NC(=O)/C(C)=C\C=C\[C@H](C)[C@H](O)[C@@H](C)[C@@H](O)[C@@H](C)[C@H](OC(C)=O)[C@@H]1C,Results_001,2880,0.2,0,1,1,参考化合物有效条目超过 8 条；该值比组内最高 Activity Level 低至少 0.4，仅删除该记录
CO[C@H]1/C=C/O[C@@]2(C)Oc3c(C)c(O)c4c(O)c(c(/C=N/N5CCN(C)CC5)c(O)c4c3C2=O)NC(=O)/C(C)=C\C=C\[C@H](C)[C@H](O)[C@@H](C)[C@@H](O)[C@@H](C)[C@H](OC(C)=O)[C@@H]1C,Results_001,3401,0.25,0,1,1,参考化合物有效条目超过 8 条；该值比组内最高 Activity Level 低至少 0.4，仅删除该记录
CO[C@H]1/C=C/O[C@@]2(C)Oc3c(C)c(O)c4c(O)c(c(/C=N/N5CCN(C)CC5)c(O)c4c3C2=O)NC(=O)/C(C)=C\C=C\[C@H](C)[C@H](O)[C@@H](C)[C@@H](O)[C@@H](C)[C@H](OC(C)=O)[C@@H]1C,Results_001,3404,0.25,0,1,1,参考化合物有效条目超过 8 条；该值比组内最高 Activity Level 低至少 0.4，仅删除该记录
CO[C@H]1/C=C/O[C@@]2(C)Oc3c(C)c(O)c4c(O)c(c(/C=N/N5CCN(C)CC5)c(O)c4c3C2=O)NC(=O)/C(C)=C\C=C\[C@H](C)[C@H](O)[C@@H](C)[C@@H](O)[C@@H](C)[C@H](OC(C)=O)[C@@H]1C,Results_001,3407,0.25,0,1,1,参考化合物有效条目超过 8 条；该值比组内最高 Activity Level 低至少 0.4，仅删除该记录
CO[C@H]1/C=C/O[C@@]2(C)Oc3c(C)c(O)c4c(O)c(c(/C=N/N5CCN(C)CC5)c(O)c4c3C2=O)NC(=O)/C(C)=C\C=C\[C@H](C)[C@H](O)[C@@H](C)[C@@H](O)[C@@H](C)[C@H](OC(C)=O)[C@@H]1C,Results_001,3412,0.25,0,1,1,参考化合物有效条目超过 8 条；该值比组内最高 Activity Level 低至少 0.4，仅删除该记录
CO[C@H]1/C=C/O[C@@]2(C)Oc3c(C)c(O)c4c(O)c(c(/C=N/N5CCN(C)CC5)c(O)c4c3C2=O)NC(=O)/C(C)=C\C=C\[C@H](C)[C@H](O)[C@@H](C)[C@@H](O)[C@@H](C)[C@H](OC(C)=O)[C@@H]1C,Results_001,3940,0.6,0,1,1,参考化合物有效条目超过 8 条；该值比组内最高 Activity Level 低至少 0.4，仅删除该记录
CO[C@H]1/C=C/O[C@@]2(C)Oc3c(C)c(O)c4c(O)c(c(/C=N/N5CCN(C)CC5)c(O)c4c3C2=O)NC(=O)/C(C)=C\C=C\[C@H](C)[C@H](O)[C@@H](C)[C@@H](O)[C@@H](C)[C@H](OC(C)=O)[C@@H]1C,Results_001,4587,0,0,1,1,参考化合物有效条目超过 8 条；该值比组内最高 Activity Level 低至少 0.4，仅删除该记录
CO[C@H]1/C=C/O[C@@]2(C)Oc3c(C)c(O)c4c(O)c(c(/C=N/N5CCN(C)CC5)c(O)c4c3C2=O)NC(=O)/C(C)=C\C=C\[C@H](C)[C@H](O)[C@@H](C)[C@@H](O)[C@@H](C)[C@H](OC(C)=O)[C@@H]1C,Results_001,4862,0.6,0,1,1,参考化合物有效条目超过 8 条；该值比组内最高 Activity Level 低至少 0.4，仅删除该记录
CO[C@H]1/C=C/O[C@@]2(C)Oc3c(C)c(O)c4c(O)c(c(/C=N/N5CCN(C)CC5)c(O)c4c3C2=O)NC(=O)/C(C)=C\C=C\[C@H](C)[C@H](O)[C@@H](C)[C@@H](O)[C@@H](C)[C@H](OC(C)=O)[C@@H]1C,Results_001,5404,0.6,0,1,1,参考化合物有效条目超过 8 条；该值比组内最高 Activity Level 低至少 0.4，仅删除该记录
CO[C@H]1/C=C/O[C@@]2(C)Oc3c(C)c(O)c4c(O)c(c(/C=N/N5CCN(C)CC5)c(O)c4c3C2=O)NC(=O)/C(C)=C\C=C\[C@H](C)[C@H](O)[C@@H](C)[C@@H](O)[C@@H](C)[C@H](OC(C)=O)[C@@H]1C,Results_001,5405,0.6,0,1,1,参考化合物有效条目超过 8 条；该值比组内最高 Activity Level 低至少 0.4，仅删除该记录
CO[C@H]1/C=C/O[C@@]2(C)Oc3c(C)c(O)c4c(O)c(c(/C=N/N5CCN(C)CC5)c(O)c4c3C2=O)NC(=O)/C(C)=C\C=C\[C@H](C)[C@H](O)[C@@H](C)[C@@H](O)[C@@H](C)[C@H](OC(C)=O)[C@@H]1C,Results_001,5620,0.4,0,1,1,参考化合物有效条目超过 8 条；该值比组内最高 Activity Level 低至少 0.4，仅删除该记录
CO[C@H]1/C=C/O[C@@]2(C)Oc3c(C)c(O)c4c(O)c(c(/C=N/N5CCN(C)CC5)c(O)c4c3C2=O)NC(=O)/C(C)=C\C=C\[C@H](C)[C@H](O)[C@@H](C)[C@@H](O)[C@@H](C)[C@H](OC(C)=O)[C@@H]1C,Results_001,5621,0.4,0,1,1,参考化合物有效条目超过 8 条；该值比组内最高 Activity Level 低至少 0.4，仅删除该记录
CO[C@H]1/C=C/O[C@@]2(C)Oc3c(C)c(O)c4c(O)c(c(/C=N/N5CCN(C)CC5)c(O)c4c3C2=O)NC(=O)/C(C)=C\C=C\[C@H](C)[C@H](O)[C@@H](C)[C@@H](O)[C@@H](C)[C@H](OC(C)=O)[C@@H]1C,Results_001,5691,0.2,0,1,1,参考化合物有效条目超过 8 条；该值比组内最高 Activity Level 低至少 0.4，仅删除该记录
CO[C@H]1/C=C/O[C@@]2(C)Oc3c(C)c(O)c4c(O)c(c(/C=N/N5CCN(C)CC5)c(O)c4c3C2=O)NC(=O)/C(C)=C\C=C\[C@H](C)[C@H](O)[C@@H](C)[C@@H](O)[C@@H](C)[C@H](OC(C)=O)[C@@H]1C,Results_001,8558,0,0,1,1,参考化合物有效条目超过 8 条；该值比组内最高 Activity Level 低至少 0.4，仅删除该记录
CO[C@H]1/C=C/O[C@@]2(C)Oc3c(C)c(O)c4c(O)c(c(/C=N/N5CCN(C)CC5)c(O)c4c3C2=O)NC(=O)/C(C)=C\C=C\[C@H](C)[C@H](O)[C@@H](C)[C@@H](O)[C@@H](C)[C@H](OC(C)=O)[C@@H]1C,Results_001,8559,0,0,1,1,参考化合物有效条目超过 8 条；该值比组内最高 Activity Level 低至少 0.4，仅删除该记录
CO[C@H]1/C=C/O[C@@]2(C)Oc3c(C)c(O)c4c(O)c(c(/C=N/N5CCN(C)CC5)c(O)c4c3C2=O)NC(=O)/C(C)=C\C=C\[C@H](C)[C@H](O)[C@@H](C)[C@@H](O)[C@@H](C)[C@H](OC(C)=O)[C@@H]1C,Results_001,8937,0.6,0,1,1,参考化合物有效条目超过 8 条；该值比组内最高 Activity Level 低至少 0.4，仅删除该记录
CO[C@H]1/C=C/O[C@@]2(C)Oc3c(C)c(O)c4c(O)c(c(/C=N/N5CCN(C)CC5)c(O)c4c3C2=O)NC(=O)/C(C)=C\C=C\[C@H](C)[C@H](O)[C@@H](C)[C@@H](O)[C@@H](C)[C@H](OC(C)=O)[C@@H]1C,Results_001,9785,0.4,0,1,1,参考化合物有效条目超过 8 条；该值比组内最高 Activity Level 低至少 0.4，仅删除该记录
CO[C@H]1/C=C/O[C@@]2(C)Oc3c(C)c(O)c4c(O)c(c(/C=N/N5CCN(C)CC5)c(O)c4c3C2=O)NC(=O)/C(C)=C\C=C\[C@H](C)[C@H](O)[C@@H](C)[C@@H](O)[C@@H](C)[C@H](OC(C)=O)[C@@H]1C,Results_001,9786,0.4,0,1,1,参考化合物有效条目超过 8 条；该值比组内最高 Activity Level 低至少 0.4，仅删除该记录
CO[C@H]1/C=C/O[C@@]2(C)Oc3c(C)c(O)c4c(O)c(c(/C=N/N5CCN(C)CC5)c(O)c4c3C2=O)NC(=O)/C(C)=C\C=C\[C@H](C)[C@H](O)[C@@H](C)[C@@H](O)[C@@H](C)[C@H](OC(C)=O)[C@@H]1C,Results_001,9995,0,0,1,1,参考化合物有效条目超过 8 条；该值比组内最高 Activity Level 低至少 0.4，仅删除该记录
CO[C@H]1/C=C/O[C@@]2(C)Oc3c(C)c(O)c4c(O)c(c(/C=N/N5CCN(C)CC5)c(O)c4c3C2=O)NC(=O)/C(C)=C\C=C\[C@H](C)[C@H](O)[C@@H](C)[C@@H](O)[C@@H](C)[C@H](OC(C)=O)[C@@H]1C,Results_001,10223,0.2,0,1,1,参考化合物有效条目超过 8 条；该值比组内最高 Activity Level 低至少 0.4，仅删除该记录
CO[C@H]1/C=C/O[C@@]2(C)Oc3c(C)c(O)c4c(O)c(c(/C=N/N5CCN(C)CC5)c(O)c4c3C2=O)NC(=O)/C(C)=C\C=C\[C@H](C)[C@H](O)[C@@H](C)[C@@H](O)[C@@H](C)[C@H](OC(C)=O)[C@@H]1C,Results_001,10224,0.2,0,1,1,参考化合物有效条目超过 8 条；该值比组内最高 Activity Level 低至少 0.4，仅删除该记录
CO[C@H]1/C=C/O[C@@]2(C)Oc3c(C)c(O)c4c(O)c(c(/C=N/N5CCN(C)CC5)c(O)c4c3C2=O)NC(=O)/C(C)=C\C=C\[C@H](C)[C@H](O)[C@@H](C)[C@@H](O)[C@@H](C)[C@H](OC(C)=O)[C@@H]1C,Results_001,10225,0.2,0,1,1,参考化合物有效条目超过 8 条；该值比组内最高 Activity Level 低至少 0.4，仅删除该记录
CO[C@H]1/C=C/O[C@@]2(C)Oc3c(C)c(O)c4c(O)c(c(/C=N/N5CCN(C)CC5)c(O)c4c3C2=O)NC(=O)/C(C)=C\C=C\[C@H](C)[C@H](O)[C@@H](C)[C@@H](O)[C@@H](C)[C@H](OC(C)=O)[C@@H]1C,Results_001,10226,0.2,0,1,1,参考化合物有效条目超过 8 条；该值比组内最高 Activity Level 低至少 0.4，仅删除该记录
CO[C@H]1/C=C/O[C@@]2(C)Oc3c(C)c(O)c4c(O)c(c(/C=N/N5CCN(C)CC5)c(O)c4c3C2=O)NC(=O)/C(C)=C\C=C\[C@H](C)[C@H](O)[C@@H](C)[C@@H](O)[C@@H](C)[C@H](OC(C)=O)[C@@H]1C,Results_001,10227,0.4,0,1,1,参考化合物有效条目超过 8 条；该值比组内最高 Activity Level 低至少 0.4，仅删除该记录
CO[C@H]1/C=C/O[C@@]2(C)Oc3c(C)c(O)c4c(O)c(c(/C=N/N5CCN(C)CC5)c(O)c4c3C2=O)NC(=O)/C(C)=C\C=C\[C@H](C)[C@H](O)[C@@H](C)[C@@H](O)[C@@H](C)[C@H](OC(C)=O)[C@@H]1C,Results_001,10998,0,0,1,1,参考化合物有效条目超过 8 条；该值比组内最高 Activity Level 低至少 0.4，仅删除该记录
CO[C@H]1/C=C/O[C@@]2(C)Oc3c(C)c(O)c4c(O)c(c(/C=N/N5CCN(C)CC5)c(O)c4c3C2=O)NC(=O)/C(C)=C\C=C\[C@H](C)[C@H](O)[C@@H](C)[C@@H](O)[C@@H](C)[C@H](OC(C)=O)[C@@H]1C,Results_001,11001,0,0,1,1,参考化合物有效条目超过 8 条；该值比组内最高 Activity Level 低至少 0.4，仅删除该记录
CO[C@H]1/C=C/O[C@@]2(C)Oc3c(C)c(O)c4c(O)c(c(/C=N/N5CCN(C)CC5)c(O)c4c3C2=O)NC(=O)/C(C)=C\C=C\[C@H](C)[C@H](O)[C@@H](C)[C@@H](O)[C@@H](C)[C@H](OC(C)=O)[C@@H]1C,Results_001,11003,0.4,0,1,1,参考化合物有效条目超过 8 条；该值比组内最高 Activity Level 低至少 0.4，仅删除该记录
CO[C@H]1/C=C/O[C@@]2(C)Oc3c(C)c(O)c4c(O)c(c(/C=N/N5CCN(C)CC5)c(O)c4c3C2=O)NC(=O)/C(C)=C\C=C\[C@H](C)[C@H](O)[C@@H](C)[C@@H](O)[C@@H](C)[C@H](OC(C)=O)[C@@H]1C,Results_001,11158,0.4,0,1,1,参考化合物有效条目超过 8 条；该值比组内最高 Activity Level 低至少 0.4，仅删除该记录
CO[C@H]1/C=C/O[C@@]2(C)Oc3c(C)c(O)c4c(O)c(c(/C=N/N5CCN(C)CC5)c(O)c4c3C2=O)NC(=O)/C(C)=C\C=C\[C@H](C)[C@H](O)[C@@H](C)[C@@H](O)[C@@H](C)[C@H](OC(C)=O)[C@@H]1C,Results_001,11443,0.4,0,1,1,参考化合物有效条目超过 8 条；该值比组内最高 Activity Level 低至少 0.4，仅删除该记录
CO[C@H]1/C=C/O[C@@]2(C)Oc3c(C)c(O)c4c(O)c(c(/C=N/N5CCN(C)CC5)c(O)c4c3C2=O)NC(=O)/C(C)=C\C=C\[C@H](C)[C@H](O)[C@@H](C)[C@@H](O)[C@@H](C)[C@H](OC(C)=O)[C@@H]1C,Results_001,11444,0.4,0,1,1,参考化合物有效条目超过 8 条；该值比组内最高 Activity Level 低至少 0.4，仅删除该记录
CO[C@H]1/C=C/O[C@@]2(C)Oc3c(C)c(O)c4c(O)c(c(/C=N/N5CCN(C)CC5)c(O)c4c3C2=O)NC(=O)/C(C)=C\C=C\[C@H](C)[C@H](O)[C@@H](C)[C@@H](O)[C@@H](C)[C@H](OC(C)=O)[C@@H]1C,Results_001,11536,0.4,0,1,1,参考化合物有效条目超过 8 条；该值比组内最高 Activity Level 低至少 0.4，仅删除该记录
CO[C@H]1/C=C/O[C@@]2(C)Oc3c(C)c(O)c4c(O)c(c(/C=N/N5CCN(C)CC5)c(O)c4c3C2=O)NC(=O)/C(C)=C\C=C\[C@H](C)[C@H](O)[C@@H](C)[C@@H](O)[C@@H](C)[C@H](OC(C)=O)[C@@H]1C,Results_001,11537,0.4,0,1,1,参考化合物有效条目超过 8 条；该值比组内最高 Activity Level 低至少 0.4，仅删除该记录
CO[C@H]1/C=C/O[C@@]2(C)Oc3c(C)c(O)c4c(O)c(c(/C=N/N5CCN(C)CC5)c(O)c4c3C2=O)NC(=O)/C(C)=C\C=C\[C@H](C)[C@H](O)[C@@H](C)[C@@H](O)[C@@H](C)[C@H](OC(C)=O)[C@@H]1C,Results_001,11657,0.4,0,1,1,参考化合物有效条目超过 8 条；该值比组内最高 Activity Level 低至少 0.4，仅删除该记录
CO[C@H]1/C=C/O[C@@]2(C)Oc3c(C)c(O)c4c(O)c(c(/C=N/N5CCN(C)CC5)c(O)c4c3C2=O)NC(=O)/C(C)=C\C=C\[C@H](C)[C@H](O)[C@@H](C)[C@@H](O)[C@@H](C)[C@H](OC(C)=O)[C@@H]1C,Results_001,11658,0.4,0,1,1,参考化合物有效条目超过 8 条；该值比组内最高 Activity Level 低至少 0.4，仅删除该记录
CO[C@H]1/C=C/O[C@@]2(C)Oc3c(C)c(O)c4c(O)c(c(/C=N/N5CCN(C)CC5)c(O)c4c3C2=O)NC(=O)/C(C)=C\C=C\[C@H](C)[C@H](O)[C@@H](C)[C@@H](O)[C@@H](C)[C@H](OC(C)=O)[C@@H]1C,Results_001,11843,0.1,0,1,1,参考化合物有效条目超过 8 条；该值比组内最高 Activity Level 低至少 0.4，仅删除该记录
CO[C@H]1/C=C/O[C@@]2(C)Oc3c(C)c(O)c4c(O)c(c(/C=N/N5CCN(C)CC5)c(O)c4c3C2=O)NC(=O)/C(C)=C\C=C\[C@H](C)[C@H](O)[C@@H](C)[C@@H](O)[C@@H](C)[C@H](OC(C)=O)[C@@H]1C,Results_001,11986,0.1,0,1,1,参考化合物有效条目超过 8 条；该值比组内最高 Activity Level 低至少 0.4，仅删除该记录
CO[C@H]1/C=C/O[C@@]2(C)Oc3c(C)c(O)c4c(O)c(c(/C=N/N5CCN(C)CC5)c(O)c4c3C2=O)NC(=O)/C(C)=C\C=C\[C@H](C)[C@H](O)[C@@H](C)[C@@H](O)[C@@H](C)[C@H](OC(C)=O)[C@@H]1C,Results_001,11987,0.1,0,1,1,参考化合物有效条目超过 8 条；该值比组内最高 Activity Level 低至少 0.4，仅删除该记录
CO[C@H]1/C=C/O[C@@]2(C)Oc3c(C)c(O)c4c(O)c(c(/C=N/N5CCN(C)CC5)c(O)c4c3C2=O)NC(=O)/C(C)=C\C=C\[C@H](C)[C@H](O)[C@@H](C)[C@@H](O)[C@@H](C)[C@H](OC(C)=O)[C@@H]1C,Results_001,11988,0.1,0,1,1,参考化合物有效条目超过 8 条；该值比组内最高 Activity Level 低至少 0.4，仅删除该记录
CO[C@H]1/C=C/O[C@@]2(C)Oc3c(C)c(O)c4c(O)c(c(/C=N/N5CCN(C)CC5)c(O)c4c3C2=O)NC(=O)/C(C)=C\C=C\[C@H](C)[C@H](O)[C@@H](C)[C@@H](O)[C@@H](C)[C@H](OC(C)=O)[C@@H]1C,Results_001,12278,0.2,0,1,1,参考化合物有效条目超过 8 条；该值比组内最高 Activity Level 低至少 0.4，仅删除该记录
CO[C@H]1/C=C/O[C@@]2(C)Oc3c(C)c(O)c4c(O)c(c(/C=N/N5CCN(C)CC5)c(O)c4c3C2=O)NC(=O)/C(C)=C\C=C\[C@H](C)[C@H](O)[C@@H](C)[C@@H](O)[C@@H](C)[C@H](OC(C)=O)[C@@H]1C,Results_001,12279,0.1,0,1,1,参考化合物有效条目超过 8 条；该值比组内最高 Activity Level 低至少 0.4，仅删除该记录
CO[C@H]1/C=C/O[C@@]2(C)Oc3c(C)c(O)c4c(O)c(c(/C=N/N5CCN(C)CC5)c(O)c4c3C2=O)NC(=O)/C(C)=C\C=C\[C@H](C)[C@H](O)[C@@H](C)[C@@H](O)[C@@H](C)[C@H](OC(C)=O)[C@@H]1C,Results_001,12280,0.1,0,1,1,参考化合物有效条目超过 8 条；该值比组内最高 Activity Level 低至少 0.4，仅删除该记录
CO[C@H]1/C=C/O[C@@]2(C)Oc3c(C)c(O)c4c(O)c(c(/C=N/N5CCN(C)CC5)c(O)c4c3C2=O)NC(=O)/C(C)=C\C=C\[C@H](C)[C@H](O)[C@@H](C)[C@@H](O)[C@@H](C)[C@H](OC(C)=O)[C@@H]1C,Results_001,12282,0.2,0,1,1,参考化合物有效条目超过 8 条；该值比组内最高 Activity Level 低至少 0.4，仅删除该记录
CO[C@H]1/C=C/O[C@@]2(C)Oc3c(C)c(O)c4c(O)c(c(/C=N/N5CCN(C)CC5)c(O)c4c3C2=O)NC(=O)/C(C)=C\C=C\[C@H](C)[C@H](O)[C@@H](C)[C@@H](O)[C@@H](C)[C@H](OC(C)=O)[C@@H]1C,Results_001,12283,0.1,0,1,1,参考化合物有效条目超过 8 条；该值比组内最高 Activity Level 低至少 0.4，仅删除该记录
CO[C@H]1/C=C/O[C@@]2(C)Oc3c(C)c(O)c4c(O)c(c(/C=N/N5CCN(C)CC5)c(O)c4c3C2=O)NC(=O)/C(C)=C\C=C\[C@H](C)[C@H](O)[C@@H](C)[C@@H](O)[C@@H](C)[C@H](OC(C)=O)[C@@H]1C,Results_001,12284,0.1,0,1,1,参考化合物有效条目超过 8 条；该值比组内最高 Activity Level 低至少 0.4，仅删除该记录
CO[C@H]1/C=C/O[C@@]2(C)Oc3c(C)c(O)c4c(O)c(c(/C=N/N5CCN(C)CC5)c(O)c4c3C2=O)NC(=O)/C(C)=C\C=C\[C@H](C)[C@H](O)[C@@H](C)[C@@H](O)[C@@H](C)[C@H](OC(C)=O)[C@@H]1C,Results_001,12514,0.6,0,1,1,参考化合物有效条目超过 8 条；该值比组内最高 Activity Level 低至少 0.4，仅删除该记录
CO[C@H]1/C=C/O[C@@]2(C)Oc3c(C)c(O)c4c(O)c(c(/C=N/N5CCN(C)CC5)c(O)c4c3C2=O)NC(=O)/C(C)=C\C=C\[C@H](C)[C@H](O)[C@@H](C)[C@@H](O)[C@@H](C)[C@H](OC(C)=O)[C@@H]1C,Results_001,12515,0.6,0,1,1,参考化合物有效条目超过 8 条；该值比组内最高 Activity Level 低至少 0.4，仅删除该记录
CO[C@H]1/C=C/O[C@@]2(C)Oc3c(C)c(O)c4c(O)c(c(/C=N/N5CCN(C)CC5)c(O)c4c3C2=O)NC(=O)/C(C)=C\C=C\[C@H](C)[C@H](O)[C@@H](C)[C@@H](O)[C@@H](C)[C@H](OC(C)=O)[C@@H]1C,Results_001,12516,0.6,0,1,1,参考化合物有效条目超过 8 条；该值比组内最高 Activity Level 低至少 0.4，仅删除该记录
CO[C@H]1/C=C/O[C@@]2(C)Oc3c(C)c(O)c4c(O)c(c(/C=N/N5CCN(C)CC5)c(O)c4c3C2=O)NC(=O)/C(C)=C\C=C\[C@H](C)[C@H](O)[C@@H](C)[C@@H](O)[C@@H](C)[C@H](OC(C)=O)[C@@H]1C,Results_001,12517,0.6,0,1,1,参考化合物有效条目超过 8 条；该值比组内最高 Activity Level 低至少 0.4，仅删除该记录
CO[C@H]1/C=C/O[C@@]2(C)Oc3c(C)c(O)c4c(O)c(c(/C=N/N5CCN(C)CC5)c(O)c4c3C2=O)NC(=O)/C(C)=C\C=C\[C@H](C)[C@H](O)[C@@H](C)[C@@H](O)[C@@H](C)[C@H](OC(C)=O)[C@@H]1C,Results_001,12977,0.2,0,1,1,参考化合物有效条目超过 8 条；该值比组内最高 Activity Level 低至少 0.4，仅删除该记录
CO[C@H]1/C=C/O[C@@]2(C)Oc3c(C)c(O)c4c(O)c(c(/C=N/N5CCN(C)CC5)c(O)c4c3C2=O)NC(=O)/C(C)=C\C=C\[C@H](C)[C@H](O)[C@@H](C)[C@@H](O)[C@@H](C)[C@H](OC(C)=O)[C@@H]1C,Results_001,12978,0,0,1,1,参考化合物有效条目超过 8 条；该值比组内最高 Activity Level 低至少 0.4，仅删除该记录
CO[C@H]1/C=C/O[C@@]2(C)Oc3c(C)c(O)c4c(O)c(c(/C=N/N5CCN(C)CC5)c(O)c4c3C2=O)NC(=O)/C(C)=C\C=C\[C@H](C)[C@H](O)[C@@H](C)[C@@H](O)[C@@H](C)[C@H](OC(C)=O)[C@@H]1C,Results_001,13857,0.1,0,1,1,参考化合物有效条目超过 8 条；该值比组内最高 Activity Level 低至少 0.4，仅删除该记录
CO[C@H]1/C=C/O[C@@]2(C)Oc3c(C)c(O)c4c(O)c(c(/C=N/N5CCN(C)CC5)c(O)c4c3C2=O)NC(=O)/C(C)=C\C=C\[C@H](C)[C@H](O)[C@@H](C)[C@@H](O)[C@@H](C)[C@H](OC(C)=O)[C@@H]1C,Results_001,13858,0.1,0,1,1,参考化合物有效条目超过 8 条；该值比组内最高 Activity Level 低至少 0.4，仅删除该记录
CO[C@H]1/C=C/O[C@@]2(C)Oc3c(C)c(O)c4c(O)c(c(/C=N/N5CCN(C)CC5)c(O)c4c3C2=O)NC(=O)/C(C)=C\C=C\[C@H](C)[C@H](O)[C@@H](C)[C@@H](O)[C@@H](C)[C@H](OC(C)=O)[C@@H]1C,Results_001,13859,0.1,0,1,1,参考化合物有效条目超过 8 条；该值比组内最高 Activity Level 低至少 0.4，仅删除该记录
CO[C@H]1/C=C/O[C@@]2(C)Oc3c(C)c(O)c4c(O)c(c(/C=N/N5CCN(C)CC5)c(O)c4c3C2=O)NC(=O)/C(C)=C\C=C\[C@H](C)[C@H](O)[C@@H](C)[C@@H](O)[C@@H](C)[C@H](OC(C)=O)[C@@H]1C,Results_001,14137,0,0,1,1,参考化合物有效条目超过 8 条；该值比组内最高 Activity Level 低至少 0.4，仅删除该记录
CO[C@H]1/C=C/O[C@@]2(C)Oc3c(C)c(O)c4c(O)c(c(/C=N/N5CCN(C)CC5)c(O)c4c3C2=O)NC(=O)/C(C)=C\C=C\[C@H](C)[C@H](O)[C@@H](C)[C@@H](O)[C@@H](C)[C@H](OC(C)=O)[C@@H]1C,Results_001,14280,0.1,0,1,1,参考化合物有效条目超过 8 条；该值比组内最高 Activity Level 低至少 0.4，仅删除该记录
CO[C@H]1/C=C/O[C@@]2(C)Oc3c(C)c(O)c4c(O)c(c(/C=N/N5CCN(C)CC5)c(O)c4c3C2=O)NC(=O)/C(C)=C\C=C\[C@H](C)[C@H](O)[C@@H](C)[C@@H](O)[C@@H](C)[C@H](OC(C)=O)[C@@H]1C,Results_001,14281,0.1,0,1,1,参考化合物有效条目超过 8 条；该值比组内最高 Activity Level 低至少 0.4，仅删除该记录
CO[C@H]1/C=C/O[C@@]2(C)Oc3c(C)c(O)c4c(O)c(c(/C=N/N5CCN(C)CC5)c(O)c4c3C2=O)NC(=O)/C(C)=C\C=C\[C@H](C)[C@H](O)[C@@H](C)[C@@H](O)[C@@H](C)[C@H](OC(C)=O)[C@@H]1C,Results_001,14376,0.1,0,1,1,参考化合物有效条目超过 8 条；该值比组内最高 Activity Level 低至少 0.4，仅删除该记录
CO[C@H]1/C=C/O[C@@]2(C)Oc3c(C)c(O)c4c(O)c(c(/C=N/N5CCN(C)CC5)c(O)c4c3C2=O)NC(=O)/C(C)=C\C=C\[C@H](C)[C@H](O)[C@@H](C)[C@@H](O)[C@@H](C)[C@H](OC(C)=O)[C@@H]1C,Results_001,14377,0.1,0,1,1,参考化合物有效条目超过 8 条；该值比组内最高 Activity Level 低至少 0.4，仅删除该记录
CO[C@H]1/C=C/O[C@@]2(C)Oc3c(C)c(O)c4c(O)c(c(/C=N/N5CCN(C)CC5)c(O)c4c3C2=O)NC(=O)/C(C)=C\C=C\[C@H](C)[C@H](O)[C@@H](C)[C@@H](O)[C@@H](C)[C@H](OC(C)=O)[C@@H]1C,Results_001,14479,0.25,0,1,1,参考化合物有效条目超过 8 条；该值比组内最高 Activity Level 低至少 0.4，仅删除该记录
CO[C@H]1/C=C/O[C@@]2(C)Oc3c(C)c(O)c4c(O)c(c(/C=N/N5CCN(C)CC5)c(O)c4c3C2=O)NC(=O)/C(C)=C\C=C\[C@H](C)[C@H](O)[C@@H](C)[C@@H](O)[C@@H](C)[C@H](OC(C)=O)[C@@H]1C,Results_001,14541,0.6,0,1,1,参考化合物有效条目超过 8 条；该值比组内最高 Activity Level 低至少 0.4，仅删除该记录
CO[C@H]1/C=C/O[C@@]2(C)Oc3c(C)c(O)c4c(O)c(c(/C=N/N5CCN(C)CC5)c(O)c4c3C2=O)NC(=O)/C(C)=C\C=C\[C@H](C)[C@H](O)[C@@H](C)[C@@H](O)[C@@H](C)[C@H](OC(C)=O)[C@@H]1C,Results_001,14542,0.4,0,1,1,参考化合物有效条目超过 8 条；该值比组内最高 Activity Level 低至少 0.4，仅删除该记录
CO[C@H]1/C=C/O[C@@]2(C)Oc3c(C)c(O)c4c(O)c(c(/C=N/N5CCN(C)CC5)c(O)c4c3C2=O)NC(=O)/C(C)=C\C=C\[C@H](C)[C@H](O)[C@@H](C)[C@@H](O)[C@@H](C)[C@H](OC(C)=O)[C@@H]1C,Results_001,14599,0.4,0,1,1,参考化合物有效条目超过 8 条；该值比组内最高 Activity Level 低至少 0.4，仅删除该记录
CO[C@H]1/C=C/O[C@@]2(C)Oc3c(C)c(O)c4c(O)c(c(/C=N/N5CCN(C)CC5)c(O)c4c3C2=O)NC(=O)/C(C)=C\C=C\[C@H](C)[C@H](O)[C@@H](C)[C@@H](O)[C@@H](C)[C@H](OC(C)=O)[C@@H]1C,Results_001,14600,0.4,0,1,1,参考化合物有效条目超过 8 条；该值比组内最高 Activity Level 低至少 0.4，仅删除该记录
CO[C@H]1/C=C/O[C@@]2(C)Oc3c(C)c(O)c4c(O)c(c(/C=N/N5CCN(C)CC5)c(O)c4c3C2=O)NC(=O)/C(C)=C\C=C\[C@H](C)[C@H](O)[C@@H](C)[C@@H](O)[C@@H](C)[C@H](OC(C)=O)[C@@H]1C,Results_001,15204,0.4,0,1,1,参考化合物有效条目超过 8 条；该值比组内最高 Activity Level 低至少 0.4，仅删除该记录
CO[C@H]1/C=C/O[C@@]2(C)Oc3c(C)c(O)c4c(O)c(c(/C=N/N5CCN(C)CC5)c(O)c4c3C2=O)NC(=O)/C(C)=C\C=C\[C@H](C)[C@H](O)[C@@H](C)[C@@H](O)[C@@H](C)[C@H](OC(C)=O)[C@@H]1C,Results_001,15205,0.6,0,1,1,参考化合物有效条目超过 8 条；该值比组内最高 Activity Level 低至少 0.4，仅删除该记录
CO[C@H]1/C=C/O[C@@]2(C)Oc3c(C)c(O)c4c(O)c(c(/C=N/N5CCN(C)CC5)c(O)c4c3C2=O)NC(=O)/C(C)=C\C=C\[C@H](C)[C@H](O)[C@@H](C)[C@@H](O)[C@@H](C)[C@H](OC(C)=O)[C@@H]1C,Results_001,15422,0.2,0,1,1,参考化合物有效条目超过 8 条；该值比组内最高 Activity Level 低至少 0.4，仅删除该记录
CO[C@H]1/C=C/O[C@@]2(C)Oc3c(C)c(O)c4c(O)c(c(/C=N/N5CCN(C)CC5)c(O)c4c3C2=O)NC(=O)/C(C)=C\C=C\[C@H](C)[C@H](O)[C@@H](C)[C@@H](O)[C@@H](C)[C@H](OC(C)=O)[C@@H]1C,Results_001,16133,0,0,1,1,参考化合物有效条目超过 8 条；该值比组内最高 Activity Level 低至少 0.4，仅删除该记录
CO[C@H]1/C=C/O[C@@]2(C)Oc3c(C)c(O)c4c(O)c(c(/C=N/N5CCN(C)CC5)c(O)c4c3C2=O)NC(=O)/C(C)=C\C=C\[C@H](C)[C@H](O)[C@@H](C)[C@@H](O)[C@@H](C)[C@H](OC(C)=O)[C@@H]1C,Results_001,16134,0,0,1,1,参考化合物有效条目超过 8 条；该值比组内最高 Activity Level 低至少 0.4，仅删除该记录
CO[C@H]1/C=C/O[C@@]2(C)Oc3c(C)c(O)c4c(O)c(c(/C=N/N5CCN(C)CC5)c(O)c4c3C2=O)NC(=O)/C(C)=C\C=C\[C@H](C)[C@H](O)[C@@H](C)[C@@H](O)[C@@H](C)[C@H](OC(C)=O)[C@@H]1C,Results_001,16135,0.1,0,1,1,参考化合物有效条目超过 8 条；该值比组内最高 Activity Level 低至少 0.4，仅删除该记录
CO[C@H]1/C=C/O[C@@]2(C)Oc3c(C)c(O)c4c(O)c(c(/C=N/N5CCN(C)CC5)c(O)c4c3C2=O)NC(=O)/C(C)=C\C=C\[C@H](C)[C@H](O)[C@@H](C)[C@@H](O)[C@@H](C)[C@H](OC(C)=O)[C@@H]1C,Results_001,16238,0.1,0,1,1,参考化合物有效条目超过 8 条；该值比组内最高 Activity Level 低至少 0.4，仅删除该记录
CO[C@H]1/C=C/O[C@@]2(C)Oc3c(C)c(O)c4c(O)c(c(/C=N/N5CCN(C)CC5)c(O)c4c3C2=O)NC(=O)/C(C)=C\C=C\[C@H](C)[C@H](O)[C@@H](C)[C@@H](O)[C@@H](C)[C@H](OC(C)=O)[C@@H]1C,Results_001,16239,0.1,0,1,1,参考化合物有效条目超过 8 条；该值比组内最高 Activity Level 低至少 0.4，仅删除该记录
CO[C@H]1/C=C/O[C@@]2(C)Oc3c(C)c(O)c4c(O)c(c(/C=N/N5CCN(C)CC5)c(O)c4c3C2=O)NC(=O)/C(C)=C\C=C\[C@H](C)[C@H](O)[C@@H](C)[C@@H](O)[C@@H](C)[C@H](OC(C)=O)[C@@H]1C,Results_001,16240,0.1,0,1,1,参考化合物有效条目超过 8 条；该值比组内最高 Activity Level 低至少 0.4，仅删除该记录
CO[C@H]1/C=C/O[C@@]2(C)Oc3c(C)c(O)c4c(O)c(c(/C=N/N5CCN(C)CC5)c(O)c4c3C2=O)NC(=O)/C(C)=C\C=C\[C@H](C)[C@H](O)[C@@H](C)[C@@H](O)[C@@H](C)[C@H](OC(C)=O)[C@@H]1C,Results_001,16358,0.2,0,1,1,参考化合物有效条目超过 8 条；该值比组内最高 Activity Level 低至少 0.4，仅删除该记录
CO[C@H]1/C=C/O[C@@]2(C)Oc3c(C)c(O)c4c(O)c(c(/C=N/N5CCN(C)CC5)c(O)c4c3C2=O)NC(=O)/C(C)=C\C=C\[C@H](C)[C@H](O)[C@@H](C)[C@@H](O)[C@@H](C)[C@H](OC(C)=O)[C@@H]1C,Results_001,18143,0.2,0,1,1,参考化合物有效条目超过 8 条；该值比组内最高 Activity Level 低至少 0.4，仅删除该记录
CO[C@H]1/C=C/O[C@@]2(C)Oc3c(C)c(O)c4c(O)c(c(/C=N/N5CCN(C)CC5)c(O)c4c3C2=O)NC(=O)/C(C)=C\C=C\[C@H](C)[C@H](O)[C@@H](C)[C@@H](O)[C@@H](C)[C@H](OC(C)=O)[C@@H]1C,Results_001,18429,0.4,0,1,1,参考化合物有效条目超过 8 条；该值比组内最高 Activity Level 低至少 0.4，仅删除该记录
CO[C@H]1/C=C/O[C@@]2(C)Oc3c(C)c(O)c4c(O)c(c(/C=N/N5CCN(C)CC5)c(O)c4c3C2=O)NC(=O)/C(C)=C\C=C\[C@H](C)[C@H](O)[C@@H](C)[C@@H](O)[C@@H](C)[C@H](OC(C)=O)[C@@H]1C,Results_001,18568,0.6,0,1,1,参考化合物有效条目超过 8 条；该值比组内最高 Activity Level 低至少 0.4，仅删除该记录
CO[C@H]1/C=C/O[C@@]2(C)Oc3c(C)c(O)c4c(O)c(c(/C=N/N5CCN(C)CC5)c(O)c4c3C2=O)NC(=O)/C(C)=C\C=C\[C@H](C)[C@H](O)[C@@H](C)[C@@H](O)[C@@H](C)[C@H](OC(C)=O)[C@@H]1C,Results_001,18569,0.6,0,1,1,参考化合物有效条目超过 8 条；该值比组内最高 Activity Level 低至少 0.4，仅删除该记录
CO[C@H]1/C=C/O[C@@]2(C)Oc3c(C)c(O)c4c(O)c(c(/C=N/N5CCN(C)CC5)c(O)c4c3C2=O)NC(=O)/C(C)=C\C=C\[C@H](C)[C@H](O)[C@@H](C)[C@@H](O)[C@@H](C)[C@H](OC(C)=O)[C@@H]1C,Results_001,18570,0.6,0,1,1,参考化合物有效条目超过 8 条；该值比组内最高 Activity Level 低至少 0.4，仅删除该记录
CO[C@H]1/C=C/O[C@@]2(C)Oc3c(C)c(O)c4c(O)c(c(/C=N/N5CCN(C)CC5)c(O)c4c3C2=O)NC(=O)/C(C)=C\C=C\[C@H](C)[C@H](O)[C@@H](C)[C@@H](O)[C@@H](C)[C@H](OC(C)=O)[C@@H]1C,Results_001,18571,0.6,0,1,1,参考化合物有效条目超过 8 条；该值比组内最高 Activity Level 低至少 0.4，仅删除该记录
CO[C@H]1/C=C/O[C@@]2(C)Oc3c(C)c(O)c4c(O)c(c(/C=N/N5CCN(C)CC5)c(O)c4c3C2=O)NC(=O)/C(C)=C\C=C\[C@H](C)[C@H](O)[C@@H](C)[C@@H](O)[C@@H](C)[C@H](OC(C)=O)[C@@H]1C,Results_001,18572,0.6,0,1,1,参考化合物有效条目超过 8 条；该值比组内最高 Activity Level 低至少 0.4，仅删除该记录
CO[C@H]1/C=C/O[C@@]2(C)Oc3c(C)c(O)c4c(O)c(c(/C=N/N5CCN(C)CC5)c(O)c4c3C2=O)NC(=O)/C(C)=C\C=C\[C@H](C)[C@H](O)[C@@H](C)[C@@H](O)[C@@H](C)[C@H](OC(C)=O)[C@@H]1C,Results_001,18931,0.2,0,1,1,参考化合物有效条目超过 8 条；该值比组内最高 Activity Level 低至少 0.4，仅删除该记录
CO[C@H]1/C=C/O[C@@]2(C)Oc3c(C)c(O)c4c(O)c(c(/C=N/N5CCN(C)CC5)c(O)c4c3C2=O)NC(=O)/C(C)=C\C=C\[C@H](C)[C@H](O)[C@@H](C)[C@@H](O)[C@@H](C)[C@H](OC(C)=O)[C@@H]1C,Results_001,19171,0.6,0,1,1,参考化合物有效条目超过 8 条；该值比组内最高 Activity Level 低至少 0.4，仅删除该记录
CO[C@H]1/C=C/O[C@@]2(C)Oc3c(C)c(O)c4c(O)c(c(/C=N/N5CCN(C)CC5)c(O)c4c3C2=O)NC(=O)/C(C)=C\C=C\[C@H](C)[C@H](O)[C@@H](C)[C@@H](O)[C@@H](C)[C@H](OC(C)=O)[C@@H]1C,Results_001,19340,0,0,1,1,参考化合物有效条目超过 8 条；该值比组内最高 Activity Level 低至少 0.4，仅删除该记录
CO[C@H]1/C=C/O[C@@]2(C)Oc3c(C)c(O)c4c(O)c(c(/C=N/N5CCN(C)CC5)c(O)c4c3C2=O)NC(=O)/C(C)=C\C=C\[C@H](C)[C@H](O)[C@@H](C)[C@@H](O)[C@@H](C)[C@H](OC(C)=O)[C@@H]1C,Results_002,149,0.6,0,1,1,参考化合物有效条目超过 8 条；该值比组内最高 Activity Level 低至少 0.4，仅删除该记录
CO[C@H]1/C=C/O[C@@]2(C)Oc3c(C)c(O)c4c(O)c(c(/C=N/N5CCN(C)CC5)c(O)c4c3C2=O)NC(=O)/C(C)=C\C=C\[C@H](C)[C@H](O)[C@@H](C)[C@@H](O)[C@@H](C)[C@H](OC(C)=O)[C@@H]1C,Results_002,324,0.2,0,1,1,参考化合物有效条目超过 8 条；该值比组内最高 Activity Level 低至少 0.4，仅删除该记录
CO[C@H]1/C=C/O[C@@]2(C)Oc3c(C)c(O)c4c(O)c(c(/C=N/N5CCN(C)CC5)c(O)c4c3C2=O)NC(=O)/C(C)=C\C=C\[C@H](C)[C@H](O)[C@@H](C)[C@@H](O)[C@@H](C)[C@H](OC(C)=O)[C@@H]1C,Results_002,559,0.4,0,1,1,参考化合物有效条目超过 8 条；该值比组内最高 Activity Level 低至少 0.4，仅删除该记录
CO[C@H]1/C=C/O[C@@]2(C)Oc3c(C)c(O)c4c(O)c(c(/C=N/N5CCN(C)CC5)c(O)c4c3C2=O)NC(=O)/C(C)=C\C=C\[C@H](C)[C@H](O)[C@@H](C)[C@@H](O)[C@@H](C)[C@H](OC(C)=O)[C@@H]1C,Results_002,1570,0.4,0,1,1,参考化合物有效条目超过 8 条；该值比组内最高 Activity Level 低至少 0.4，仅删除该记录
CO[C@H]1/C=C/O[C@@]2(C)Oc3c(C)c(O)c4c(O)c(c(/C=N/N5CCN(C)CC5)c(O)c4c3C2=O)NC(=O)/C(C)=C\C=C\[C@H](C)[C@H](O)[C@@H](C)[C@@H](O)[C@@H](C)[C@H](OC(C)=O)[C@@H]1C,Results_002,1636,0.1,0,1,1,参考化合物有效条目超过 8 条；该值比组内最高 Activity Level 低至少 0.4，仅删除该记录
CO[C@H]1/C=C/O[C@@]2(C)Oc3c(C)c(O)c4c(O)c(c(/C=N/N5CCN(C)CC5)c(O)c4c3C2=O)NC(=O)/C(C)=C\C=C\[C@H](C)[C@H](O)[C@@H](C)[C@@H](O)[C@@H](C)[C@H](OC(C)=O)[C@@H]1C,Results_002,1638,0.1,0,1,1,参考化合物有效条目超过 8 条；该值比组内最高 Activity Level 低至少 0.4，仅删除该记录
CO[C@H]1/C=C/O[C@@]2(C)Oc3c(C)c(O)c4c(O)c(c(/C=N/N5CCN(C)CC5)c(O)c4c3C2=O)NC(=O)/C(C)=C\C=C\[C@H](C)[C@H](O)[C@@H](C)[C@@H](O)[C@@H](C)[C@H](OC(C)=O)[C@@H]1C,Results_002,1751,0.4,0,1,1,参考化合物有效条目超过 8 条；该值比组内最高 Activity Level 低至少 0.4，仅删除该记录
CO[C@H]1/C=C/O[C@@]2(C)Oc3c(C)c(O)c4c(O)c(c(/C=N/N5CCN(C)CC5)c(O)c4c3C2=O)NC(=O)/C(C)=C\C=C\[C@H](C)[C@H](O)[C@@H](C)[C@@H](O)[C@@H](C)[C@H](OC(C)=O)[C@@H]1C,Results_002,1752,0.4,0,1,1,参考化合物有效条目超过 8 条；该值比组内最高 Activity Level 低至少 0.4，仅删除该记录
CO[C@H]1/C=C/O[C@@]2(C)Oc3c(C)c(O)c4c(O)c(c(/C=N/N5CCN(C)CC5)c(O)c4c3C2=O)NC(=O)/C(C)=C\C=C\[C@H](C)[C@H](O)[C@@H](C)[C@@H](O)[C@@H](C)[C@H](OC(C)=O)[C@@H]1C,Results_002,1764,0.4,0,1,1,参考化合物有效条目超过 8 条；该值比组内最高 Activity Level 低至少 0.4，仅删除该记录
CO[C@H]1/C=C/O[C@@]2(C)Oc3c(C)c(O)c4c(O)c(c(/C=N/N5CCN(C)CC5)c(O)c4c3C2=O)NC(=O)/C(C)=C\C=C\[C@H](C)[C@H](O)[C@@H](C)[C@@H](O)[C@@H](C)[C@H](OC(C)=O)[C@@H]1C,Results_002,1776,0.4,0,1,1,参考化合物有效条目超过 8 条；该值比组内最高 Activity Level 低至少 0.4，仅删除该记录
CO[C@H]1/C=C/O[C@@]2(C)Oc3c(C)c(O)c4c(O)c(c(/C=N/N5CCN(C)CC5)c(O)c4c3C2=O)NC(=O)/C(C)=C\C=C\[C@H](C)[C@H](O)[C@@H](C)[C@@H](O)[C@@H](C)[C@H](OC(C)=O)[C@@H]1C,Results_002,2215,0.1,0,1,1,参考化合物有效条目超过 8 条；该值比组内最高 Activity Level 低至少 0.4，仅删除该记录
CO[C@H]1/C=C/O[C@@]2(C)Oc3c(C)c(O)c4c(O)c(c(/C=N/N5CCN(C)CC5)c(O)c4c3C2=O)NC(=O)/C(C)=C\C=C\[C@H](C)[C@H](O)[C@@H](C)[C@@H](O)[C@@H](C)[C@H](OC(C)=O)[C@@H]1C,Results_002,2216,0,0,1,1,参考化合物有效条目超过 8 条；该值比组内最高 Activity Level 低至少 0.4，仅删除该记录
CO[C@H]1/C=C/O[C@@]2(C)Oc3c(C)c(O)c4c(O)c(c(/C=N/N5CCN(C)CC5)c(O)c4c3C2=O)NC(=O)/C(C)=C\C=C\[C@H](C)[C@H](O)[C@@H](C)[C@@H](O)[C@@H](C)[C@H](OC(C)=O)[C@@H]1C,Results_002,3082,0.1,0,1,1,参考化合物有效条目超过 8 条；该值比组内最高 Activity Level 低至少 0.4，仅删除该记录
CO[C@H]1/C=C/O[C@@]2(C)Oc3c(C)c(O)c4c(O)c(c(/C=N/N5CCN(C)CC5)c(O)c4c3C2=O)NC(=O)/C(C)=C\C=C\[C@H](C)[C@H](O)[C@@H](C)[C@@H](O)[C@@H](C)[C@H](OC(C)=O)[C@@H]1C,Results_002,3083,0.1,0,1,1,参考化合物有效条目超过 8 条；该值比组内最高 Activity Level 低至少 0.4，仅删除该记录
CO[C@H]1/C=C/O[C@@]2(C)Oc3c(C)c(O)c4c(O)c(c(/C=N/N5CCN(C)CC5)c(O)c4c3C2=O)NC(=O)/C(C)=C\C=C\[C@H](C)[C@H](O)[C@@H](C)[C@@H](O)[C@@H](C)[C@H](OC(C)=O)[C@@H]1C,Results_002,3086,0.1,0,1,1,参考化合物有效条目超过 8 条；该值比组内最高 Activity Level 低至少 0.4，仅删除该记录
CO[C@H]1/C=C/O[C@@]2(C)Oc3c(C)c(O)c4c(O)c(c(/C=N/N5CCN(C)CC5)c(O)c4c3C2=O)NC(=O)/C(C)=C\C=C\[C@H](C)[C@H](O)[C@@H](C)[C@@H](O)[C@@H](C)[C@H](OC(C)=O)[C@@H]1C,Results_002,3087,0.1,0,1,1,参考化合物有效条目超过 8 条；该值比组内最高 Activity Level 低至少 0.4，仅删除该记录
CO[C@H]1/C=C/O[C@@]2(C)Oc3c(C)c(O)c4c(O)c(c(/C=N/N5CCN(C)CC5)c(O)c4c3C2=O)NC(=O)/C(C)=C\C=C\[C@H](C)[C@H](O)[C@@H](C)[C@@H](O)[C@@H](C)[C@H](OC(C)=O)[C@@H]1C,Results_002,5335,0.1,0,1,1,参考化合物有效条目超过 8 条；该值比组内最高 Activity Level 低至少 0.4，仅删除该记录
CO[C@H]1/C=C/O[C@@]2(C)Oc3c(C)c(O)c4c(O)c(c(/C=N/N5CCN(C)CC5)c(O)c4c3C2=O)NC(=O)/C(C)=C\C=C\[C@H](C)[C@H](O)[C@@H](C)[C@@H](O)[C@@H](C)[C@H](OC(C)=O)[C@@H]1C,Results_002,5338,0.1,0,1,1,参考化合物有效条目超过 8 条；该值比组内最高 Activity Level 低至少 0.4，仅删除该记录
CO[C@H]1/C=C/O[C@@]2(C)Oc3c(C)c(O)c4c(O)c(c(/C=N/N5CCN(C)CC5)c(O)c4c3C2=O)NC(=O)/C(C)=C\C=C\[C@H](C)[C@H](O)[C@@H](C)[C@@H](O)[C@@H](C)[C@H](OC(C)=O)[C@@H]1C,Results_002,6664,0.1,0,1,1,参考化合物有效条目超过 8 条；该值比组内最高 Activity Level 低至少 0.4，仅删除该记录
CO[C@H]1/C=C/O[C@@]2(C)Oc3c(C)c(O)c4c(O)c(c(/C=N/N5CCN(C)CC5)c(O)c4c3C2=O)NC(=O)/C(C)=C\C=C\[C@H](C)[C@H](O)[C@@H](C)[C@@H](O)[C@@H](C)[C@H](OC(C)=O)[C@@H]1C,Results_002,6665,0.1,0,1,1,参考化合物有效条目超过 8 条；该值比组内最高 Activity Level 低至少 0.4，仅删除该记录
CO[C@H]1/C=C/O[C@@]2(C)Oc3c(C)c(O)c4c(O)c(c(/C=N/N5CCN(C)CC5)c(O)c4c3C2=O)NC(=O)/C(C)=C\C=C\[C@H](C)[C@H](O)[C@@H](C)[C@@H](O)[C@@H](C)[C@H](OC(C)=O)[C@@H]1C,Results_002,6666,0.1,0,1,1,参考化合物有效条目超过 8 条；该值比组内最高 Activity Level 低至少 0.4，仅删除该记录
CO[C@H]1/C=C/O[C@@]2(C)Oc3c(C)c(O)c4c(O)c(c(/C=N/N5CCN(C)CC5)c(O)c4c3C2=O)NC(=O)/C(C)=C\C=C\[C@H](C)[C@H](O)[C@@H](C)[C@@H](O)[C@@H](C)[C@H](OC(C)=O)[C@@H]1C,Results_002,6669,0.1,0,1,1,参考化合物有效条目超过 8 条；该值比组内最高 Activity Level 低至少 0.4，仅删除该记录
CO[C@H]1/C=C/O[C@@]2(C)Oc3c(C)c(O)c4c(O)c(c(/C=N/N5CCN(C)CC5)c(O)c4c3C2=O)NC(=O)/C(C)=C\C=C\[C@H](C)[C@H](O)[C@@H](C)[C@@H](O)[C@@H](C)[C@H](OC(C)=O)[C@@H]1C,Results_002,6670,0.1,0,1,1,参考化合物有效条目超过 8 条；该值比组内最高 Activity Level 低至少 0.4，仅删除该记录
CO[C@H]1/C=C/O[C@@]2(C)Oc3c(C)c(O)c4c(O)c(c(/C=N/N5CCN(C)CC5)c(O)c4c3C2=O)NC(=O)/C(C)=C\C=C\[C@H](C)[C@H](O)[C@@H](C)[C@@H](O)[C@@H](C)[C@H](OC(C)=O)[C@@H]1C,Results_002,6671,0.1,0,1,1,参考化合物有效条目超过 8 条；该值比组内最高 Activity Level 低至少 0.4，仅删除该记录
CO[C@H]1/C=C/O[C@@]2(C)Oc3c(C)c(O)c4c(O)c(c(/C=N/N5CCN(C)CC5)c(O)c4c3C2=O)NC(=O)/C(C)=C\C=C\[C@H](C)[C@H](O)[C@@H](C)[C@@H](O)[C@@H](C)[C@H](OC(C)=O)[C@@H]1C,Results_002,8125,0.4,0,1,1,参考化合物有效条目超过 8 条；该值比组内最高 Activity Level 低至少 0.4，仅删除该记录
CO[C@H]1/C=C/O[C@@]2(C)Oc3c(C)c(O)c4c(O)c(c(/C=N/N5CCN(C)CC5)c(O)c4c3C2=O)NC(=O)/C(C)=C\C=C\[C@H](C)[C@H](O)[C@@H](C)[C@@H](O)[C@@H](C)[C@H](OC(C)=O)[C@@H]1C,Results_002,8126,0.4,0,1,1,参考化合物有效条目超过 8 条；该值比组内最高 Activity Level 低至少 0.4，仅删除该记录
CO[C@H]1/C=C/O[C@@]2(C)Oc3c(C)c(O)c4c(O)c(c(/C=N/N5CCN(C)CC5)c(O)c4c3C2=O)NC(=O)/C(C)=C\C=C\[C@H](C)[C@H](O)[C@@H](C)[C@@H](O)[C@@H](C)[C@H](OC(C)=O)[C@@H]1C,Results_002,8130,0.4,0,1,1,参考化合物有效条目超过 8 条；该值比组内最高 Activity Level 低至少 0.4，仅删除该记录
CO[C@H]1/C=C/O[C@@]2(C)Oc3c(C)c(O)c4c(O)c(c(/C=N/N5CCN(C)CC5)c(O)c4c3C2=O)NC(=O)/C(C)=C\C=C\[C@H](C)[C@H](O)[C@@H](C)[C@@H](O)[C@@H](C)[C@H](OC(C)=O)[C@@H]1C,Results_002,8131,0.4,0,1,1,参考化合物有效条目超过 8 条；该值比组内最高 Activity Level 低至少 0.4，仅删除该记录
CO[C@H]1/C=C/O[C@@]2(C)Oc3c(C)c(O)c4c(O)c(c(/C=N/N5CCN(C)CC5)c(O)c4c3C2=O)NC(=O)/C(C)=C\C=C\[C@H](C)[C@H](O)[C@@H](C)[C@@H](O)[C@@H](C)[C@H](OC(C)=O)[C@@H]1C,Results_002,8135,0.4,0,1,1,参考化合物有效条目超过 8 条；该值比组内最高 Activity Level 低至少 0.4，仅删除该记录
CO[C@H]1/C=C/O[C@@]2(C)Oc3c(C)c(O)c4c(O)c(c(/C=N/N5CCN(C)CC5)c(O)c4c3C2=O)NC(=O)/C(C)=C\C=C\[C@H](C)[C@H](O)[C@@H](C)[C@@H](O)[C@@H](C)[C@H](OC(C)=O)[C@@H]1C,Results_002,8136,0.4,0,1,1,参考化合物有效条目超过 8 条；该值比组内最高 Activity Level 低至少 0.4，仅删除该记录
CO[C@H]1/C=C/O[C@@]2(C)Oc3c(C)c(O)c4c(O)c(c(/C=N/N5CCN(C)CC5)c(O)c4c3C2=O)NC(=O)/C(C)=C\C=C\[C@H](C)[C@H](O)[C@@H](C)[C@@H](O)[C@@H](C)[C@H](OC(C)=O)[C@@H]1C,Results_002,10324,0.4,0,1,1,参考化合物有效条目超过 8 条；该值比组内最高 Activity Level 低至少 0.4，仅删除该记录
CO[C@H]1/C=C/O[C@@]2(C)Oc3c(C)c(O)c4c(O)c(c(/C=N/N5CCN(C)CC5)c(O)c4c3C2=O)NC(=O)/C(C)=C\C=C\[C@H](C)[C@H](O)[C@@H](C)[C@@H](O)[C@@H](C)[C@H](OC(C)=O)[C@@H]1C,Results_002,10331,0.4,0,1,1,参考化合物有效条目超过 8 条；该值比组内最高 Activity Level 低至少 0.4，仅删除该记录
CO[C@H]1/C=C/O[C@@]2(C)Oc3c(C)c(O)c4c(O)c(c(/C=N/N5CCN(C)CC5)c(O)c4c3C2=O)NC(=O)/C(C)=C\C=C\[C@H](C)[C@H](O)[C@@H](C)[C@@H](O)[C@@H](C)[C@H](OC(C)=O)[C@@H]1C,Results_002,10338,0.4,0,1,1,参考化合物有效条目超过 8 条；该值比组内最高 Activity Level 低至少 0.4，仅删除该记录
CO[C@H]1/C=C/O[C@@]2(C)Oc3c(C)c(O)c4c(O)c(c(/C=N/N5CCN(C)CC5)c(O)c4c3C2=O)NC(=O)/C(C)=C\C=C\[C@H](C)[C@H](O)[C@@H](C)[C@@H](O)[C@@H](C)[C@H](OC(C)=O)[C@@H]1C,Results_002,11697,0.6,0,1,1,参考化合物有效条目超过 8 条；该值比组内最高 Activity Level 低至少 0.4，仅删除该记录
CO[C@H]1/C=C/O[C@@]2(C)Oc3c(C)c(O)c4c(O)c(c(/C=N/N5CCN(C)CC5)c(O)c4c3C2=O)NC(=O)/C(C)=C\C=C\[C@H](C)[C@H](O)[C@@H](C)[C@@H](O)[C@@H](C)[C@H](OC(C)=O)[C@@H]1C,Results_002,12397,0,0,1,1,参考化合物有效条目超过 8 条；该值比组内最高 Activity Level 低至少 0.4，仅删除该记录
CO[C@H]1/C=C/O[C@@]2(C)Oc3c(C)c(O)c4c(O)c(c(/C=N/N5CCN(C)CC5)c(O)c4c3C2=O)NC(=O)/C(C)=C\C=C\[C@H](C)[C@H](O)[C@@H](C)[C@@H](O)[C@@H](C)[C@H](OC(C)=O)[C@@H]1C,Results_002,12486,0.6,0,1,1,参考化合物有效条目超过 8 条；该值比组内最高 Activity Level 低至少 0.4，仅删除该记录
CO[C@H]1/C=C/O[C@@]2(C)Oc3c(C)c(O)c4c(O)c(c(/C=N/N5CCN(C)CC5)c(O)c4c3C2=O)NC(=O)/C(C)=C\C=C\[C@H](C)[C@H](O)[C@@H](C)[C@@H](O)[C@@H](C)[C@H](OC(C)=O)[C@@H]1C,Results_002,12489,0.6,0,1,1,参考化合物有效条目超过 8 条；该值比组内最高 Activity Level 低至少 0.4，仅删除该记录
CO[C@H]1/C=C/O[C@@]2(C)Oc3c(C)c(O)c4c(O)c(c(/C=N/N5CCN(C)CC5)c(O)c4c3C2=O)NC(=O)/C(C)=C\C=C\[C@H](C)[C@H](O)[C@@H](C)[C@@H](O)[C@@H](C)[C@H](OC(C)=O)[C@@H]1C,Results_002,13854,0.4,0,1,1,参考化合物有效条目超过 8 条；该值比组内最高 Activity Level 低至少 0.4，仅删除该记录
CO[C@H]1/C=C/O[C@@]2(C)Oc3c(C)c(O)c4c(O)c(c(/C=N/N5CCN(C)CC5)c(O)c4c3C2=O)NC(=O)/C(C)=C\C=C\[C@H](C)[C@H](O)[C@@H](C)[C@@H](O)[C@@H](C)[C@H](OC(C)=O)[C@@H]1C,Results_002,13859,0.2,0,1,1,参考化合物有效条目超过 8 条；该值比组内最高 Activity Level 低至少 0.4，仅删除该记录
CO[C@H]1/C=C/O[C@@]2(C)Oc3c(C)c(O)c4c(O)c(c(/C=N/N5CCN(C)CC5)c(O)c4c3C2=O)NC(=O)/C(C)=C\C=C\[C@H](C)[C@H](O)[C@@H](C)[C@@H](O)[C@@H](C)[C@H](OC(C)=O)[C@@H]1C,Results_002,14049,0.4,0,1,1,参考化合物有效条目超过 8 条；该值比组内最高 Activity Level 低至少 0.4，仅删除该记录
CO[C@H]1/C=C/O[C@@]2(C)Oc3c(C)c(O)c4c(O)c(c(/C=N/N5CCN(C)CC5)c(O)c4c3C2=O)NC(=O)/C(C)=C\C=C\[C@H](C)[C@H](O)[C@@H](C)[C@@H](O)[C@@H](C)[C@H](OC(C)=O)[C@@H]1C,Results_002,14262,0.6,0,1,1,参考化合物有效条目超过 8 条；该值比组内最高 Activity Level 低至少 0.4，仅删除该记录
CO[C@H]1/C=C/O[C@@]2(C)Oc3c(C)c(O)c4c(O)c(c(/C=N/N5CCN(C)CC5)c(O)c4c3C2=O)NC(=O)/C(C)=C\C=C\[C@H](C)[C@H](O)[C@@H](C)[C@@H](O)[C@@H](C)[C@H](OC(C)=O)[C@@H]1C,Results_002,14263,0.6,0,1,1,参考化合物有效条目超过 8 条；该值比组内最高 Activity Level 低至少 0.4，仅删除该记录
CO[C@H]1/C=C/O[C@@]2(C)Oc3c(C)c(O)c4c(O)c(c(/C=N/N5CCN(C)CC5)c(O)c4c3C2=O)NC(=O)/C(C)=C\C=C\[C@H](C)[C@H](O)[C@@H](C)[C@@H](O)[C@@H](C)[C@H](OC(C)=O)[C@@H]1C,Results_002,14470,0,0,1,1,参考化合物有效条目超过 8 条；该值比组内最高 Activity Level 低至少 0.4，仅删除该记录
CO[C@H]1/C=C/O[C@@]2(C)Oc3c(C)c(O)c4c(O)c(c(/C=N/N5CCN(C)CC5)c(O)c4c3C2=O)NC(=O)/C(C)=C\C=C\[C@H](C)[C@H](O)[C@@H](C)[C@@H](O)[C@@H](C)[C@H](OC(C)=O)[C@@H]1C,Results_002,14499,0,0,1,1,参考化合物有效条目超过 8 条；该值比组内最高 Activity Level 低至少 0.4，仅删除该记录
CO[C@H]1/C=C/O[C@@]2(C)Oc3c(C)c(O)c4c(O)c(c(/C=N/N5CCN(C)CC5)c(O)c4c3C2=O)NC(=O)/C(C)=C\C=C\[C@H](C)[C@H](O)[C@@H](C)[C@@H](O)[C@@H](C)[C@H](OC(C)=O)[C@@H]1C,Results_002,14735,0.4,0,1,1,参考化合物有效条目超过 8 条；该值比组内最高 Activity Level 低至少 0.4，仅删除该记录
CO[C@H]1/C=C/O[C@@]2(C)Oc3c(C)c(O)c4c(O)c(c(/C=N/N5CCN(C)CC5)c(O)c4c3C2=O)NC(=O)/C(C)=C\C=C\[C@H](C)[C@H](O)[C@@H](C)[C@@H](O)[C@@H](C)[C@H](OC(C)=O)[C@@H]1C,Results_002,14776,0.4,0,1,1,参考化合物有效条目超过 8 条；该值比组内最高 Activity Level 低至少 0.4，仅删除该记录
CO[C@H]1/C=C/O[C@@]2(C)Oc3c(C)c(O)c4c(O)c(c(/C=N/N5CCN(C)CC5)c(O)c4c3C2=O)NC(=O)/C(C)=C\C=C\[C@H](C)[C@H](O)[C@@H](C)[C@@H](O)[C@@H](C)[C@H](OC(C)=O)[C@@H]1C,Results_002,14798,0.4,0,1,1,参考化合物有效条目超过 8 条；该值比组内最高 Activity Level 低至少 0.4，仅删除该记录
CO[C@H]1/C=C/O[C@@]2(C)Oc3c(C)c(O)c4c(O)c(c(/C=N/N5CCN(C)CC5)c(O)c4c3C2=O)NC(=O)/C(C)=C\C=C\[C@H](C)[C@H](O)[C@@H](C)[C@@H](O)[C@@H](C)[C@H](OC(C)=O)[C@@H]1C,Results_002,14828,0.2,0,1,1,参考化合物有效条目超过 8 条；该值比组内最高 Activity Level 低至少 0.4，仅删除该记录
CO[C@H]1/C=C/O[C@@]2(C)Oc3c(C)c(O)c4c(O)c(c(/C=N/N5CCN(C)CC5)c(O)c4c3C2=O)NC(=O)/C(C)=C\C=C\[C@H](C)[C@H](O)[C@@H](C)[C@@H](O)[C@@H](C)[C@H](OC(C)=O)[C@@H]1C,Results_002,14856,0.4,0,1,1,参考化合物有效条目超过 8 条；该值比组内最高 Activity Level 低至少 0.4，仅删除该记录
CO[C@H]1/C=C/O[C@@]2(C)Oc3c(C)c(O)c4c(O)c(c(/C=N/N5CCN(C)CC5)c(O)c4c3C2=O)NC(=O)/C(C)=C\C=C\[C@H](C)[C@H](O)[C@@H](C)[C@@H](O)[C@@H](C)[C@H](OC(C)=O)[C@@H]1C,Results_002,14882,0.4,0,1,1,参考化合物有效条目超过 8 条；该值比组内最高 Activity Level 低至少 0.4，仅删除该记录
CO[C@H]1/C=C/O[C@@]2(C)Oc3c(C)c(O)c4c(O)c(c(/C=N/N5CCN(C)CC5)c(O)c4c3C2=O)NC(=O)/C(C)=C\C=C\[C@H](C)[C@H](O)[C@@H](C)[C@@H](O)[C@@H](C)[C@H](OC(C)=O)[C@@H]1C,Results_002,14908,0.4,0,1,1,参考化合物有效条目超过 8 条；该值比组内最高 Activity Level 低至少 0.4，仅删除该记录
CO[C@H]1/C=C/O[C@@]2(C)Oc3c(C)c(O)c4c(O)c(c(/C=N/N5CCN(C)CC5)c(O)c4c3C2=O)NC(=O)/C(C)=C\C=C\[C@H](C)[C@H](O)[C@@H](C)[C@@H](O)[C@@H](C)[C@H](OC(C)=O)[C@@H]1C,Results_002,15004,0,0,1,1,参考化合物有效条目超过 8 条；该值比组内最高 Activity Level 低至少 0.4，仅删除该记录
CO[C@H]1/C=C/O[C@@]2(C)Oc3c(C)c(O)c4c(O)c(c(/C=N/N5CCN(C)CC5)c(O)c4c3C2=O)NC(=O)/C(C)=C\C=C\[C@H](C)[C@H](O)[C@@H](C)[C@@H](O)[C@@H](C)[C@H](OC(C)=O)[C@@H]1C,Results_002,15617,0.1,0,1,1,参考化合物有效条目超过 8 条；该值比组内最高 Activity Level 低至少 0.4，仅删除该记录
CO[C@H]1/C=C/O[C@@]2(C)Oc3c(C)c(O)c4c(O)c(c(/C=N/N5CCN(C)CC5)c(O)c4c3C2=O)NC(=O)/C(C)=C\C=C\[C@H](C)[C@H](O)[C@@H](C)[C@@H](O)[C@@H](C)[C@H](OC(C)=O)[C@@H]1C,Results_002,15618,0.1,0,1,1,参考化合物有效条目超过 8 条；该值比组内最高 Activity Level 低至少 0.4，仅删除该记录
CO[C@H]1/C=C/O[C@@]2(C)Oc3c(C)c(O)c4c(O)c(c(/C=N/N5CCN(C)CC5)c(O)c4c3C2=O)NC(=O)/C(C)=C\C=C\[C@H](C)[C@H](O)[C@@H](C)[C@@H](O)[C@@H](C)[C@H](OC(C)=O)[C@@H]1C,Results_002,15856,0.1,0,1,1,参考化合物有效条目超过 8 条；该值比组内最高 Activity Level 低至少 0.4，仅删除该记录
CO[C@H]1/C=C/O[C@@]2(C)Oc3c(C)c(O)c4c(O)c(c(/C=N/N5CCN(C)CC5)c(O)c4c3C2=O)NC(=O)/C(C)=C\C=C\[C@H](C)[C@H](O)[C@@H](C)[C@@H](O)[C@@H](C)[C@H](OC(C)=O)[C@@H]1C,Results_002,15857,0.1,0,1,1,参考化合物有效条目超过 8 条；该值比组内最高 Activity Level 低至少 0.4，仅删除该记录
CO[C@H]1/C=C/O[C@@]2(C)Oc3c(C)c(O)c4c(O)c(c(/C=N/N5CCN(C)CC5)c(O)c4c3C2=O)NC(=O)/C(C)=C\C=C\[C@H](C)[C@H](O)[C@@H](C)[C@@H](O)[C@@H](C)[C@H](OC(C)=O)[C@@H]1C,Results_002,15966,0.6,0,1,1,参考化合物有效条目超过 8 条；该值比组内最高 Activity Level 低至少 0.4，仅删除该记录
CO[C@H]1/C=C/O[C@@]2(C)Oc3c(C)c(O)c4c(O)c(c(/C=N/N5CCN(C)CC5)c(O)c4c3C2=O)NC(=O)/C(C)=C\C=C\[C@H](C)[C@H](O)[C@@H](C)[C@@H](O)[C@@H](C)[C@H](OC(C)=O)[C@@H]1C,Results_002,16445,0.4,0,1,1,参考化合物有效条目超过 8 条；该值比组内最高 Activity Level 低至少 0.4，仅删除该记录
CO[C@H]1/C=C/O[C@@]2(C)Oc3c(C)c(O)c4c(O)c(c(/C=N/N5CCN(C)CC5)c(O)c4c3C2=O)NC(=O)/C(C)=C\C=C\[C@H](C)[C@H](O)[C@@H](C)[C@@H](O)[C@@H](C)[C@H](OC(C)=O)[C@@H]1C,Results_002,16532,0.2,0,1,1,参考化合物有效条目超过 8 条；该值比组内最高 Activity Level 低至少 0.4，仅删除该记录
CO[C@H]1/C=C/O[C@@]2(C)Oc3c(C)c(O)c4c(O)c(c(/C=N/N5CCN(C)CC5)c(O)c4c3C2=O)NC(=O)/C(C)=C\C=C\[C@H](C)[C@H](O)[C@@H](C)[C@@H](O)[C@@H](C)[C@H](OC(C)=O)[C@@H]1C,Results_002,16902,0,0,1,1,参考化合物有效条目超过 8 条；该值比组内最高 Activity Level 低至少 0.4，仅删除该记录
CO[C@H]1/C=C/O[C@@]2(C)Oc3c(C)c(O)c4c(O)c(c(/C=N/N5CCN(C)CC5)c(O)c4c3C2=O)NC(=O)/C(C)=C\C=C\[C@H](C)[C@H](O)[C@@H](C)[C@@H](O)[C@@H](C)[C@H](OC(C)=O)[C@@H]1C,Results_002,16903,0,0,1,1,参考化合物有效条目超过 8 条；该值比组内最高 Activity Level 低至少 0.4，仅删除该记录
CO[C@H]1/C=C/O[C@@]2(C)Oc3c(C)c(O)c4c(O)c(c(/C=N/N5CCN(C)CC5)c(O)c4c3C2=O)NC(=O)/C(C)=C\C=C\[C@H](C)[C@H](O)[C@@H](C)[C@@H](O)[C@@H](C)[C@H](OC(C)=O)[C@@H]1C,Results_002,18845,0.4,0,1,1,参考化合物有效条目超过 8 条；该值比组内最高 Activity Level 低至少 0.4，仅删除该记录
CO[C@H]1/C=C/O[C@@]2(C)Oc3c(C)c(O)c4c(O)c(c(/C=N/N5CCN(C)CC5)c(O)c4c3C2=O)NC(=O)/C(C)=C\C=C\[C@H](C)[C@H](O)[C@@H](C)[C@@H](O)[C@@H](C)[C@H](OC(C)=O)[C@@H]1C,Results_002,19485,0.6,0,1,1,参考化合物有效条目超过 8 条；该值比组内最高 Activity Level 低至少 0.4，仅删除该记录
CO[C@H]1/C=C/O[C@@]2(C)Oc3c(C)c(O)c4c(O)c(c(/C=N/N5CCN(C)CC5)c(O)c4c3C2=O)NC(=O)/C(C)=C\C=C\[C@H](C)[C@H](O)[C@@H](C)[C@@H](O)[C@@H](C)[C@H](OC(C)=O)[C@@H]1C,Results_003,349,0.6,0,1,1,参考化合物有效条目超过 8 条；该值比组内最高 Activity Level 低至少 0.4，仅删除该记录
CO[C@H]1/C=C/O[C@@]2(C)Oc3c(C)c(O)c4c(O)c(c(/C=N/N5CCN(C)CC5)c(O)c4c3C2=O)NC(=O)/C(C)=C\C=C\[C@H](C)[C@H](O)[C@@H](C)[C@@H](O)[C@@H](C)[C@H](OC(C)=O)[C@@H]1C,Results_003,1762,0.2,0,1,1,参考化合物有效条目超过 8 条；该值比组内最高 Activity Level 低至少 0.4，仅删除该记录
CO[C@H]1/C=C/O[C@@]2(C)Oc3c(C)c(O)c4c(O)c(c(/C=N/N5CCN(C)CC5)c(O)c4c3C2=O)NC(=O)/C(C)=C\C=C\[C@H](C)[C@H](O)[C@@H](C)[C@@H](O)[C@@H](C)[C@H](OC(C)=O)[C@@H]1C,Results_003,2361,0.4,0,1,1,参考化合物有效条目超过 8 条；该值比组内最高 Activity Level 低至少 0.4，仅删除该记录
CO[C@H]1/C=C/O[C@@]2(C)Oc3c(C)c(O)c4c(O)c(c(/C=N/N5CCN(C)CC5)c(O)c4c3C2=O)NC(=O)/C(C)=C\C=C\[C@H](C)[C@H](O)[C@@H](C)[C@@H](O)[C@@H](C)[C@H](OC(C)=O)[C@@H]1C,Results_003,2794,0.4,0,1,1,参考化合物有效条目超过 8 条；该值比组内最高 Activity Level 低至少 0.4，仅删除该记录
CO[C@H]1/C=C/O[C@@]2(C)Oc3c(C)c(O)c4c(O)c(c(/C=N/N5CCN(C)CC5)c(O)c4c3C2=O)NC(=O)/C(C)=C\C=C\[C@H](C)[C@H](O)[C@@H](C)[C@@H](O)[C@@H](C)[C@H](OC(C)=O)[C@@H]1C,Results_003,2795,0.4,0,1,1,参考化合物有效条目超过 8 条；该值比组内最高 Activity Level 低至少 0.4，仅删除该记录
CO[C@H]1/C=C/O[C@@]2(C)Oc3c(C)c(O)c4c(O)c(c(/C=N/N5CCN(C)CC5)c(O)c4c3C2=O)NC(=O)/C(C)=C\C=C\[C@H](C)[C@H](O)[C@@H](C)[C@@H](O)[C@@H](C)[C@H](OC(C)=O)[C@@H]1C,Results_003,3436,0.6,0,1,1,参考化合物有效条目超过 8 条；该值比组内最高 Activity Level 低至少 0.4，仅删除该记录
CO[C@H]1/C=C/O[C@@]2(C)Oc3c(C)c(O)c4c(O)c(c(/C=N/N5CCN(C)CC5)c(O)c4c3C2=O)NC(=O)/C(C)=C\C=C\[C@H](C)[C@H](O)[C@@H](C)[C@@H](O)[C@@H](C)[C@H](OC(C)=O)[C@@H]1C,Results_003,3437,0.6,0,1,1,参考化合物有效条目超过 8 条；该值比组内最高 Activity Level 低至少 0.4，仅删除该记录
CO[C@H]1/C=C/O[C@@]2(C)Oc3c(C)c(O)c4c(O)c(c(/C=N/N5CCN(C)CC5)c(O)c4c3C2=O)NC(=O)/C(C)=C\C=C\[C@H](C)[C@H](O)[C@@H](C)[C@@H](O)[C@@H](C)[C@H](OC(C)=O)[C@@H]1C,Results_003,3493,0.4,0,1,1,参考化合物有效条目超过 8 条；该值比组内最高 Activity Level 低至少 0.4，仅删除该记录
CO[C@H]1/C=C/O[C@@]2(C)Oc3c(C)c(O)c4c(O)c(c(/C=N/N5CCN(C)CC5)c(O)c4c3C2=O)NC(=O)/C(C)=C\C=C\[C@H](C)[C@H](O)[C@@H](C)[C@@H](O)[C@@H](C)[C@H](OC(C)=O)[C@@H]1C,Results_003,3837,0.2,0,1,1,参考化合物有效条目超过 8 条；该值比组内最高 Activity Level 低至少 0.4，仅删除该记录
CO[C@H]1/C=C/O[C@@]2(C)Oc3c(C)c(O)c4c(O)c(c(/C=N/N5CCN(C)CC5)c(O)c4c3C2=O)NC(=O)/C(C)=C\C=C\[C@H](C)[C@H](O)[C@@H](C)[C@@H](O)[C@@H](C)[C@H](OC(C)=O)[C@@H]1C,Results_003,3839,0.2,0,1,1,参考化合物有效条目超过 8 条；该值比组内最高 Activity Level 低至少 0.4，仅删除该记录
CO[C@H]1/C=C/O[C@@]2(C)Oc3c(C)c(O)c4c(O)c(c(/C=N/N5CCN(C)CC5)c(O)c4c3C2=O)NC(=O)/C(C)=C\C=C\[C@H](C)[C@H](O)[C@@H](C)[C@@H](O)[C@@H](C)[C@H](OC(C)=O)[C@@H]1C,Results_003,3983,0.4,0,1,1,参考化合物有效条目超过 8 条；该值比组内最高 Activity Level 低至少 0.4，仅删除该记录
CO[C@H]1/C=C/O[C@@]2(C)Oc3c(C)c(O)c4c(O)c(c(/C=N/N5CCN(C)CC5)c(O)c4c3C2=O)NC(=O)/C(C)=C\C=C\[C@H](C)[C@H](O)[C@@H](C)[C@@H](O)[C@@H](C)[C@H](OC(C)=O)[C@@H]1C,Results_003,3984,0.4,0,1,1,参考化合物有效条目超过 8 条；该值比组内最高 Activity Level 低至少 0.4，仅删除该记录
CO[C@H]1/C=C/O[C@@]2(C)Oc3c(C)c(O)c4c(O)c(c(/C=N/N5CCN(C)CC5)c(O)c4c3C2=O)NC(=O)/C(C)=C\C=C\[C@H](C)[C@H](O)[C@@H](C)[C@@H](O)[C@@H](C)[C@H](OC(C)=O)[C@@H]1C,Results_003,4359,0.4,0,1,1,参考化合物有效条目超过 8 条；该值比组内最高 Activity Level 低至少 0.4，仅删除该记录
CO[C@H]1/C=C/O[C@@]2(C)Oc3c(C)c(O)c4c(O)c(c(/C=N/N5CCN(C)CC5)c(O)c4c3C2=O)NC(=O)/C(C)=C\C=C\[C@H](C)[C@H](O)[C@@H](C)[C@@H](O)[C@@H](C)[C@H](OC(C)=O)[C@@H]1C,Results_003,4360,0.4,0,1,1,参考化合物有效条目超过 8 条；该值比组内最高 Activity Level 低至少 0.4，仅删除该记录
CO[C@H]1/C=C/O[C@@]2(C)Oc3c(C)c(O)c4c(O)c(c(/C=N/N5CCN(C)CC5)c(O)c4c3C2=O)NC(=O)/C(C)=C\C=C\[C@H](C)[C@H](O)[C@@H](C)[C@@H](O)[C@@H](C)[C@H](OC(C)=O)[C@@H]1C,Results_003,4410,0.2,0,1,1,参考化合物有效条目超过 8 条；该值比组内最高 Activity Level 低至少 0.4，仅删除该记录
CO[C@H]1/C=C/O[C@@]2(C)Oc3c(C)c(O)c4c(O)c(c(/C=N/N5CCN(C)CC5)c(O)c4c3C2=O)NC(=O)/C(C)=C\C=C\[C@H](C)[C@H](O)[C@@H](C)[C@@H](O)[C@@H](C)[C@H](OC(C)=O)[C@@H]1C,Results_003,4411,0.1,0,1,1,参考化合物有效条目超过 8 条；该值比组内最高 Activity Level 低至少 0.4，仅删除该记录
CO[C@H]1/C=C/O[C@@]2(C)Oc3c(C)c(O)c4c(O)c(c(/C=N/N5CCN(C)CC5)c(O)c4c3C2=O)NC(=O)/C(C)=C\C=C\[C@H](C)[C@H](O)[C@@H](C)[C@@H](O)[C@@H](C)[C@H](OC(C)=O)[C@@H]1C,Results_003,4490,0.4,0,1,1,参考化合物有效条目超过 8 条；该值比组内最高 Activity Level 低至少 0.4，仅删除该记录
CO[C@H]1/C=C/O[C@@]2(C)Oc3c(C)c(O)c4c(O)c(c(/C=N/N5CCN(C)CC5)c(O)c4c3C2=O)NC(=O)/C(C)=C\C=C\[C@H](C)[C@H](O)[C@@H](C)[C@@H](O)[C@@H](C)[C@H](OC(C)=O)[C@@H]1C,Results_003,4491,0.4,0,1,1,参考化合物有效条目超过 8 条；该值比组内最高 Activity Level 低至少 0.4，仅删除该记录
CO[C@H]1/C=C/O[C@@]2(C)Oc3c(C)c(O)c4c(O)c(c(/C=N/N5CCN(C)CC5)c(O)c4c3C2=O)NC(=O)/C(C)=C\C=C\[C@H](C)[C@H](O)[C@@H](C)[C@@H](O)[C@@H](C)[C@H](OC(C)=O)[C@@H]1C,Results_003,5585,0,0,1,1,参考化合物有效条目超过 8 条；该值比组内最高 Activity Level 低至少 0.4，仅删除该记录
CO[C@H]1/C=C/O[C@@]2(C)Oc3c(C)c(O)c4c(O)c(c(/C=N/N5CCN(C)CC5)c(O)c4c3C2=O)NC(=O)/C(C)=C\C=C\[C@H](C)[C@H](O)[C@@H](C)[C@@H](O)[C@@H](C)[C@H](OC(C)=O)[C@@H]1C,Results_003,5586,0,0,1,1,参考化合物有效条目超过 8 条；该值比组内最高 Activity Level 低至少 0.4，仅删除该记录
CO[C@H]1/C=C/O[C@@]2(C)Oc3c(C)c(O)c4c(O)c(c(/C=N/N5CCN(C)CC5)c(O)c4c3C2=O)NC(=O)/C(C)=C\C=C\[C@H](C)[C@H](O)[C@@H](C)[C@@H](O)[C@@H](C)[C@H](OC(C)=O)[C@@H]1C,Results_003,5588,0,0,1,1,参考化合物有效条目超过 8 条；该值比组内最高 Activity Level 低至少 0.4，仅删除该记录
CO[C@H]1/C=C/O[C@@]2(C)Oc3c(C)c(O)c4c(O)c(c(/C=N/N5CCN(C)CC5)c(O)c4c3C2=O)NC(=O)/C(C)=C\C=C\[C@H](C)[C@H](O)[C@@H](C)[C@@H](O)[C@@H](C)[C@H](OC(C)=O)[C@@H]1C,Results_003,7162,0.2,0,1,1,参考化合物有效条目超过 8 条；该值比组内最高 Activity Level 低至少 0.4，仅删除该记录
CO[C@H]1/C=C/O[C@@]2(C)Oc3c(C)c(O)c4c(O)c(c(/C=N/N5CCN(C)CC5)c(O)c4c3C2=O)NC(=O)/C(C)=C\C=C\[C@H](C)[C@H](O)[C@@H](C)[C@@H](O)[C@@H](C)[C@H](OC(C)=O)[C@@H]1C,Results_003,7282,0.4,0,1,1,参考化合物有效条目超过 8 条；该值比组内最高 Activity Level 低至少 0.4，仅删除该记录
CO[C@H]1/C=C/O[C@@]2(C)Oc3c(C)c(O)c4c(O)c(c(/C=N/N5CCN(C)CC5)c(O)c4c3C2=O)NC(=O)/C(C)=C\C=C\[C@H](C)[C@H](O)[C@@H](C)[C@@H](O)[C@@H](C)[C@H](OC(C)=O)[C@@H]1C,Results_003,7432,0,0,1,1,参考化合物有效条目超过 8 条；该值比组内最高 Activity Level 低至少 0.4，仅删除该记录
CO[C@H]1/C=C/O[C@@]2(C)Oc3c(C)c(O)c4c(O)c(c(/C=N/N5CCN(C)CC5)c(O)c4c3C2=O)NC(=O)/C(C)=C\C=C\[C@H](C)[C@H](O)[C@@H](C)[C@@H](O)[C@@H](C)[C@H](OC(C)=O)[C@@H]1C,Results_003,7433,0.4,0,1,1,参考化合物有效条目超过 8 条；该值比组内最高 Activity Level 低至少 0.4，仅删除该记录
CO[C@H]1/C=C/O[C@@]2(C)Oc3c(C)c(O)c4c(O)c(c(/C=N/N5CCN(C)CC5)c(O)c4c3C2=O)NC(=O)/C(C)=C\C=C\[C@H](C)[C@H](O)[C@@H](C)[C@@H](O)[C@@H](C)[C@H](OC(C)=O)[C@@H]1C,Results_003,7730,0.4,0,1,1,参考化合物有效条目超过 8 条；该值比组内最高 Activity Level 低至少 0.4，仅删除该记录
CO[C@H]1/C=C/O[C@@]2(C)Oc3c(C)c(O)c4c(O)c(c(/C=N/N5CCN(C)CC5)c(O)c4c3C2=O)NC(=O)/C(C)=C\C=C\[C@H](C)[C@H](O)[C@@H](C)[C@@H](O)[C@@H](C)[C@H](OC(C)=O)[C@@H]1C,Results_003,7960,0.2,0,1,1,参考化合物有效条目超过 8 条；该值比组内最高 Activity Level 低至少 0.4，仅删除该记录
CO[C@H]1/C=C/O[C@@]2(C)Oc3c(C)c(O)c4c(O)c(c(/C=N/N5CCN(C)CC5)c(O)c4c3C2=O)NC(=O)/C(C)=C\C=C\[C@H](C)[C@H](O)[C@@H](C)[C@@H](O)[C@@H](C)[C@H](OC(C)=O)[C@@H]1C,Results_003,8240,0.2,0,1,1,参考化合物有效条目超过 8 条；该值比组内最高 Activity Level 低至少 0.4，仅删除该记录
CO[C@H]1/C=C/O[C@@]2(C)Oc3c(C)c(O)c4c(O)c(c(/C=N/N5CCN(C)CC5)c(O)c4c3C2=O)NC(=O)/C(C)=C\C=C\[C@H](C)[C@H](O)[C@@H](C)[C@@H](O)[C@@H](C)[C@H](OC(C)=O)[C@@H]1C,Results_003,8242,0.6,0,1,1,参考化合物有效条目超过 8 条；该值比组内最高 Activity Level 低至少 0.4，仅删除该记录
CO[C@H]1/C=C/O[C@@]2(C)Oc3c(C)c(O)c4c(O)c(c(/C=N/N5CCN(C)CC5)c(O)c4c3C2=O)NC(=O)/C(C)=C\C=C\[C@H](C)[C@H](O)[C@@H](C)[C@@H](O)[C@@H](C)[C@H](OC(C)=O)[C@@H]1C,Results_003,8355,0.4,0,1,1,参考化合物有效条目超过 8 条；该值比组内最高 Activity Level 低至少 0.4，仅删除该记录
CO[C@H]1/C=C/O[C@@]2(C)Oc3c(C)c(O)c4c(O)c(c(/C=N/N5CCN(C)CC5)c(O)c4c3C2=O)NC(=O)/C(C)=C\C=C\[C@H](C)[C@H](O)[C@@H](C)[C@@H](O)[C@@H](C)[C@H](OC(C)=O)[C@@H]1C,Results_003,8911,0.6,0,1,1,参考化合物有效条目超过 8 条；该值比组内最高 Activity Level 低至少 0.4，仅删除该记录
CO[C@H]1/C=C/O[C@@]2(C)Oc3c(C)c(O)c4c(O)c(c(/C=N/N5CCN(C)CC5)c(O)c4c3C2=O)NC(=O)/C(C)=C\C=C\[C@H](C)[C@H](O)[C@@H](C)[C@@H](O)[C@@H](C)[C@H](OC(C)=O)[C@@H]1C,Results_003,9152,0.4,0,1,1,参考化合物有效条目超过 8 条；该值比组内最高 Activity Level 低至少 0.4，仅删除该记录
CO[C@H]1/C=C/O[C@@]2(C)Oc3c(C)c(O)c4c(O)c(c(/C=N/N5CCN(C)CC5)c(O)c4c3C2=O)NC(=O)/C(C)=C\C=C\[C@H](C)[C@H](O)[C@@H](C)[C@@H](O)[C@@H](C)[C@H](OC(C)=O)[C@@H]1C,Results_003,9616,0.2,0,1,1,参考化合物有效条目超过 8 条；该值比组内最高 Activity Level 低至少 0.4，仅删除该记录
CO[C@H]1/C=C/O[C@@]2(C)Oc3c(C)c(O)c4c(O)c(c(/C=N/N5CCN(C)CC5)c(O)c4c3C2=O)NC(=O)/C(C)=C\C=C\[C@H](C)[C@H](O)[C@@H](C)[C@@H](O)[C@@H](C)[C@H](OC(C)=O)[C@@H]1C,Results_003,9621,0.2,0,1,1,参考化合物有效条目超过 8 条；该值比组内最高 Activity Level 低至少 0.4，仅删除该记录
CO[C@H]1/C=C/O[C@@]2(C)Oc3c(C)c(O)c4c(O)c(c(/C=N/N5CCN(C)CC5)c(O)c4c3C2=O)NC(=O)/C(C)=C\C=C\[C@H](C)[C@H](O)[C@@H](C)[C@@H](O)[C@@H](C)[C@H](OC(C)=O)[C@@H]1C,Results_003,9814,0,0,1,1,参考化合物有效条目超过 8 条；该值比组内最高 Activity Level 低至少 0.4，仅删除该记录
CO[C@H]1/C=C/O[C@@]2(C)Oc3c(C)c(O)c4c(O)c(c(/C=N/N5CCN(C)CC5)c(O)c4c3C2=O)NC(=O)/C(C)=C\C=C\[C@H](C)[C@H](O)[C@@H](C)[C@@H](O)[C@@H](C)[C@H](OC(C)=O)[C@@H]1C,Results_003,11385,0.1,0,1,1,参考化合物有效条目超过 8 条；该值比组内最高 Activity Level 低至少 0.4，仅删除该记录
CO[C@H]1/C=C/O[C@@]2(C)Oc3c(C)c(O)c4c(O)c(c(/C=N/N5CCN(C)CC5)c(O)c4c3C2=O)NC(=O)/C(C)=C\C=C\[C@H](C)[C@H](O)[C@@H](C)[C@@H](O)[C@@H](C)[C@H](OC(C)=O)[C@@H]1C,Results_003,11386,0.1,0,1,1,参考化合物有效条目超过 8 条；该值比组内最高 Activity Level 低至少 0.4，仅删除该记录
CO[C@H]1/C=C/O[C@@]2(C)Oc3c(C)c(O)c4c(O)c(c(/C=N/N5CCN(C)CC5)c(O)c4c3C2=O)NC(=O)/C(C)=C\C=C\[C@H](C)[C@H](O)[C@@H](C)[C@@H](O)[C@@H](C)[C@H](OC(C)=O)[C@@H]1C,Results_003,11431,0.4,0,1,1,参考化合物有效条目超过 8 条；该值比组内最高 Activity Level 低至少 0.4，仅删除该记录
CO[C@H]1/C=C/O[C@@]2(C)Oc3c(C)c(O)c4c(O)c(c(/C=N/N5CCN(C)CC5)c(O)c4c3C2=O)NC(=O)/C(C)=C\C=C\[C@H](C)[C@H](O)[C@@H](C)[C@@H](O)[C@@H](C)[C@H](OC(C)=O)[C@@H]1C,Results_003,11432,0.4,0,1,1,参考化合物有效条目超过 8 条；该值比组内最高 Activity Level 低至少 0.4，仅删除该记录
CO[C@H]1/C=C/O[C@@]2(C)Oc3c(C)c(O)c4c(O)c(c(/C=N/N5CCN(C)CC5)c(O)c4c3C2=O)NC(=O)/C(C)=C\C=C\[C@H](C)[C@H](O)[C@@H](C)[C@@H](O)[C@@H](C)[C@H](OC(C)=O)[C@@H]1C,Results_003,11433,0.4,0,1,1,参考化合物有效条目超过 8 条；该值比组内最高 Activity Level 低至少 0.4，仅删除该记录
CO[C@H]1/C=C/O[C@@]2(C)Oc3c(C)c(O)c4c(O)c(c(/C=N/N5CCN(C)CC5)c(O)c4c3C2=O)NC(=O)/C(C)=C\C=C\[C@H](C)[C@H](O)[C@@H](C)[C@@H](O)[C@@H](C)[C@H](OC(C)=O)[C@@H]1C,Results_003,11593,0.2,0,1,1,参考化合物有效条目超过 8 条；该值比组内最高 Activity Level 低至少 0.4，仅删除该记录
CO[C@H]1/C=C/O[C@@]2(C)Oc3c(C)c(O)c4c(O)c(c(/C=N/N5CCN(C)CC5)c(O)c4c3C2=O)NC(=O)/C(C)=C\C=C\[C@H](C)[C@H](O)[C@@H](C)[C@@H](O)[C@@H](C)[C@H](OC(C)=O)[C@@H]1C,Results_003,11594,0.2,0,1,1,参考化合物有效条目超过 8 条；该值比组内最高 Activity Level 低至少 0.4，仅删除该记录
CO[C@H]1/C=C/O[C@@]2(C)Oc3c(C)c(O)c4c(O)c(c(/C=N/N5CCN(C)CC5)c(O)c4c3C2=O)NC(=O)/C(C)=C\C=C\[C@H](C)[C@H](O)[C@@H](C)[C@@H](O)[C@@H](C)[C@H](OC(C)=O)[C@@H]1C,Results_003,12024,0.1,0,1,1,参考化合物有效条目超过 8 条；该值比组内最高 Activity Level 低至少 0.4，仅删除该记录
CO[C@H]1/C=C/O[C@@]2(C)Oc3c(C)c(O)c4c(O)c(c(/C=N/N5CCN(C)CC5)c(O)c4c3C2=O)NC(=O)/C(C)=C\C=C\[C@H](C)[C@H](O)[C@@H](C)[C@@H](O)[C@@H](C)[C@H](OC(C)=O)[C@@H]1C,Results_003,12025,0.1,0,1,1,参考化合物有效条目超过 8 条；该值比组内最高 Activity Level 低至少 0.4，仅删除该记录
CO[C@H]1/C=C/O[C@@]2(C)Oc3c(C)c(O)c4c(O)c(c(/C=N/N5CCN(C)CC5)c(O)c4c3C2=O)NC(=O)/C(C)=C\C=C\[C@H](C)[C@H](O)[C@@H](C)[C@@H](O)[C@@H](C)[C@H](OC(C)=O)[C@@H]1C,Results_003,12131,0.4,0,1,1,参考化合物有效条目超过 8 条；该值比组内最高 Activity Level 低至少 0.4，仅删除该记录
CO[C@H]1/C=C/O[C@@]2(C)Oc3c(C)c(O)c4c(O)c(c(/C=N/N5CCN(C)CC5)c(O)c4c3C2=O)NC(=O)/C(C)=C\C=C\[C@H](C)[C@H](O)[C@@H](C)[C@@H](O)[C@@H](C)[C@H](OC(C)=O)[C@@H]1C,Results_003,12528,0.2,0,1,1,参考化合物有效条目超过 8 条；该值比组内最高 Activity Level 低至少 0.4，仅删除该记录
CO[C@H]1/C=C/O[C@@]2(C)Oc3c(C)c(O)c4c(O)c(c(/C=N/N5CCN(C)CC5)c(O)c4c3C2=O)NC(=O)/C(C)=C\C=C\[C@H](C)[C@H](O)[C@@H](C)[C@@H](O)[C@@H](C)[C@H](OC(C)=O)[C@@H]1C,Results_003,12929,0,0,1,1,参考化合物有效条目超过 8 条；该值比组内最高 Activity Level 低至少 0.4，仅删除该记录
CO[C@H]1/C=C/O[C@@]2(C)Oc3c(C)c(O)c4c(O)c(c(/C=N/N5CCN(C)CC5)c(O)c4c3C2=O)NC(=O)/C(C)=C\C=C\[C@H](C)[C@H](O)[C@@H](C)[C@@H](O)[C@@H](C)[C@H](OC(C)=O)[C@@H]1C,Results_003,13331,0.2,0,1,1,参考化合物有效条目超过 8 条；该值比组内最高 Activity Level 低至少 0.4，仅删除该记录
CO[C@H]1/C=C/O[C@@]2(C)Oc3c(C)c(O)c4c(O)c(c(/C=N/N5CCN(C)CC5)c(O)c4c3C2=O)NC(=O)/C(C)=C\C=C\[C@H](C)[C@H](O)[C@@H](C)[C@@H](O)[C@@H](C)[C@H](OC(C)=O)[C@@H]1C,Results_003,13442,0.2,0,1,1,参考化合物有效条目超过 8 条；该值比组内最高 Activity Level 低至少 0.4，仅删除该记录
CO[C@H]1/C=C/O[C@@]2(C)Oc3c(C)c(O)c4c(O)c(c(/C=N/N5CCN(C)CC5)c(O)c4c3C2=O)NC(=O)/C(C)=C\C=C\[C@H](C)[C@H](O)[C@@H](C)[C@@H](O)[C@@H](C)[C@H](OC(C)=O)[C@@H]1C,Results_003,13444,0.2,0,1,1,参考化合物有效条目超过 8 条；该值比组内最高 Activity Level 低至少 0.4，仅删除该记录
CO[C@H]1/C=C/O[C@@]2(C)Oc3c(C)c(O)c4c(O)c(c(/C=N/N5CCN(C)CC5)c(O)c4c3C2=O)NC(=O)/C(C)=C\C=C\[C@H](C)[C@H](O)[C@@H](C)[C@@H](O)[C@@H](C)[C@H](OC(C)=O)[C@@H]1C,Results_003,13850,0.1,0,1,1,参考化合物有效条目超过 8 条；该值比组内最高 Activity Level 低至少 0.4，仅删除该记录
CO[C@H]1/C=C/O[C@@]2(C)Oc3c(C)c(O)c4c(O)c(c(/C=N/N5CCN(C)CC5)c(O)c4c3C2=O)NC(=O)/C(C)=C\C=C\[C@H](C)[C@H](O)[C@@H](C)[C@@H](O)[C@@H](C)[C@H](OC(C)=O)[C@@H]1C,Results_003,13851,0.1,0,1,1,参考化合物有效条目超过 8 条；该值比组内最高 Activity Level 低至少 0.4，仅删除该记录
CO[C@H]1/C=C/O[C@@]2(C)Oc3c(C)c(O)c4c(O)c(c(/C=N/N5CCN(C)CC5)c(O)c4c3C2=O)NC(=O)/C(C)=C\C=C\[C@H](C)[C@H](O)[C@@H](C)[C@@H](O)[C@@H](C)[C@H](OC(C)=O)[C@@H]1C,Results_003,14064,0.2,0,1,1,参考化合物有效条目超过 8 条；该值比组内最高 Activity Level 低至少 0.4，仅删除该记录
CO[C@H]1/C=C/O[C@@]2(C)Oc3c(C)c(O)c4c(O)c(c(/C=N/N5CCN(C)CC5)c(O)c4c3C2=O)NC(=O)/C(C)=C\C=C\[C@H](C)[C@H](O)[C@@H](C)[C@@H](O)[C@@H](C)[C@H](OC(C)=O)[C@@H]1C,Results_003,14506,0.2,0,1,1,参考化合物有效条目超过 8 条；该值比组内最高 Activity Level 低至少 0.4，仅删除该记录
CO[C@H]1/C=C/O[C@@]2(C)Oc3c(C)c(O)c4c(O)c(c(/C=N/N5CCN(C)CC5)c(O)c4c3C2=O)NC(=O)/C(C)=C\C=C\[C@H](C)[C@H](O)[C@@H](C)[C@@H](O)[C@@H](C)[C@H](OC(C)=O)[C@@H]1C,Results_003,14680,0.6,0,1,1,参考化合物有效条目超过 8 条；该值比组内最高 Activity Level 低至少 0.4，仅删除该记录
CO[C@H]1/C=C/O[C@@]2(C)Oc3c(C)c(O)c4c(O)c(c(/C=N/N5CCN(C)CC5)c(O)c4c3C2=O)NC(=O)/C(C)=C\C=C\[C@H](C)[C@H](O)[C@@H](C)[C@@H](O)[C@@H](C)[C@H](OC(C)=O)[C@@H]1C,Results_003,14681,0.6,0,1,1,参考化合物有效条目超过 8 条；该值比组内最高 Activity Level 低至少 0.4，仅删除该记录
CO[C@H]1/C=C/O[C@@]2(C)Oc3c(C)c(O)c4c(O)c(c(/C=N/N5CCN(C)CC5)c(O)c4c3C2=O)NC(=O)/C(C)=C\C=C\[C@H](C)[C@H](O)[C@@H](C)[C@@H](O)[C@@H](C)[C@H](OC(C)=O)[C@@H]1C,Results_003,14908,0.2,0,1,1,参考化合物有效条目超过 8 条；该值比组内最高 Activity Level 低至少 0.4，仅删除该记录
CO[C@H]1/C=C/O[C@@]2(C)Oc3c(C)c(O)c4c(O)c(c(/C=N/N5CCN(C)CC5)c(O)c4c3C2=O)NC(=O)/C(C)=C\C=C\[C@H](C)[C@H](O)[C@@H](C)[C@@H](O)[C@@H](C)[C@H](OC(C)=O)[C@@H]1C,Results_003,15891,0.1,0,1,1,参考化合物有效条目超过 8 条；该值比组内最高 Activity Level 低至少 0.4，仅删除该记录
CO[C@H]1/C=C/O[C@@]2(C)Oc3c(C)c(O)c4c(O)c(c(/C=N/N5CCN(C)CC5)c(O)c4c3C2=O)NC(=O)/C(C)=C\C=C\[C@H](C)[C@H](O)[C@@H](C)[C@@H](O)[C@@H](C)[C@H](OC(C)=O)[C@@H]1C,Results_003,15892,0.1,0,1,1,参考化合物有效条目超过 8 条；该值比组内最高 Activity Level 低至少 0.4，仅删除该记录
CO[C@H]1/C=C/O[C@@]2(C)Oc3c(C)c(O)c4c(O)c(c(/C=N/N5CCN(C)CC5)c(O)c4c3C2=O)NC(=O)/C(C)=C\C=C\[C@H](C)[C@H](O)[C@@H](C)[C@@H](O)[C@@H](C)[C@H](OC(C)=O)[C@@H]1C,Results_003,15893,0.1,0,1,1,参考化合物有效条目超过 8 条；该值比组内最高 Activity Level 低至少 0.4，仅删除该记录
CO[C@H]1/C=C/O[C@@]2(C)Oc3c(C)c(O)c4c(O)c(c(/C=N/N5CCN(C)CC5)c(O)c4c3C2=O)NC(=O)/C(C)=C\C=C\[C@H](C)[C@H](O)[C@@H](C)[C@@H](O)[C@@H](C)[C@H](OC(C)=O)[C@@H]1C,Results_003,15979,0.4,0,1,1,参考化合物有效条目超过 8 条；该值比组内最高 Activity Level 低至少 0.4，仅删除该记录
CO[C@H]1/C=C/O[C@@]2(C)Oc3c(C)c(O)c4c(O)c(c(/C=N/N5CCN(C)CC5)c(O)c4c3C2=O)NC(=O)/C(C)=C\C=C\[C@H](C)[C@H](O)[C@@H](C)[C@@H](O)[C@@H](C)[C@H](OC(C)=O)[C@@H]1C,Results_003,15980,0.4,0,1,1,参考化合物有效条目超过 8 条；该值比组内最高 Activity Level 低至少 0.4，仅删除该记录
CO[C@H]1/C=C/O[C@@]2(C)Oc3c(C)c(O)c4c(O)c(c(/C=N/N5CCN(C)CC5)c(O)c4c3C2=O)NC(=O)/C(C)=C\C=C\[C@H](C)[C@H](O)[C@@H](C)[C@@H](O)[C@@H](C)[C@H](OC(C)=O)[C@@H]1C,Results_003,17399,0.4,0,1,1,参考化合物有效条目超过 8 条；该值比组内最高 Activity Level 低至少 0.4，仅删除该记录
CO[C@H]1/C=C/O[C@@]2(C)Oc3c(C)c(O)c4c(O)c(c(/C=N/N5CCN(C)CC5)c(O)c4c3C2=O)NC(=O)/C(C)=C\C=C\[C@H](C)[C@H](O)[C@@H](C)[C@@H](O)[C@@H](C)[C@H](OC(C)=O)[C@@H]1C,Results_003,17400,0.4,0,1,1,参考化合物有效条目超过 8 条；该值比组内最高 Activity Level 低至少 0.4，仅删除该记录
CO[C@H]1/C=C/O[C@@]2(C)Oc3c(C)c(O)c4c(O)c(c(/C=N/N5CCN(C)CC5)c(O)c4c3C2=O)NC(=O)/C(C)=C\C=C\[C@H](C)[C@H](O)[C@@H](C)[C@@H](O)[C@@H](C)[C@H](OC(C)=O)[C@@H]1C,Results_003,17521,0.2,0,1,1,参考化合物有效条目超过 8 条；该值比组内最高 Activity Level 低至少 0.4，仅删除该记录
CO[C@H]1/C=C/O[C@@]2(C)Oc3c(C)c(O)c4c(O)c(c(/C=N/N5CCN(C)CC5)c(O)c4c3C2=O)NC(=O)/C(C)=C\C=C\[C@H](C)[C@H](O)[C@@H](C)[C@@H](O)[C@@H](C)[C@H](OC(C)=O)[C@@H]1C,Results_003,17686,0.4,0,1,1,参考化合物有效条目超过 8 条；该值比组内最高 Activity Level 低至少 0.4，仅删除该记录
CO[C@H]1/C=C/O[C@@]2(C)Oc3c(C)c(O)c4c(O)c(c(/C=N/N5CCN(C)CC5)c(O)c4c3C2=O)NC(=O)/C(C)=C\C=C\[C@H](C)[C@H](O)[C@@H](C)[C@@H](O)[C@@H](C)[C@H](OC(C)=O)[C@@H]1C,Results_003,17687,0.4,0,1,1,参考化合物有效条目超过 8 条；该值比组内最高 Activity Level 低至少 0.4，仅删除该记录
CO[C@H]1/C=C/O[C@@]2(C)Oc3c(C)c(O)c4c(O)c(c(/C=N/N5CCN(C)CC5)c(O)c4c3C2=O)NC(=O)/C(C)=C\C=C\[C@H](C)[C@H](O)[C@@H](C)[C@@H](O)[C@@H](C)[C@H](OC(C)=O)[C@@H]1C,Results_003,17975,0.4,0,1,1,参考化合物有效条目超过 8 条；该值比组内最高 Activity Level 低至少 0.4，仅删除该记录
CO[C@H]1/C=C/O[C@@]2(C)Oc3c(C)c(O)c4c(O)c(c(/C=N/N5CCN(C)CC5)c(O)c4c3C2=O)NC(=O)/C(C)=C\C=C\[C@H](C)[C@H](O)[C@@H](C)[C@@H](O)[C@@H](C)[C@H](OC(C)=O)[C@@H]1C,Results_003,18015,0.4,0,1,1,参考化合物有效条目超过 8 条；该值比组内最高 Activity Level 低至少 0.4，仅删除该记录
CO[C@H]1/C=C/O[C@@]2(C)Oc3c(C)c(O)c4c(O)c(c(/C=N/N5CCN(C)CC5)c(O)c4c3C2=O)NC(=O)/C(C)=C\C=C\[C@H](C)[C@H](O)[C@@H](C)[C@@H](O)[C@@H](C)[C@H](OC(C)=O)[C@@H]1C,Results_003,18145,0.4,0,1,1,参考化合物有效条目超过 8 条；该值比组内最高 Activity Level 低至少 0.4，仅删除该记录
CO[C@H]1/C=C/O[C@@]2(C)Oc3c(C)c(O)c4c(O)c(c(/C=N/N5CCN(C)CC5)c(O)c4c3C2=O)NC(=O)/C(C)=C\C=C\[C@H](C)[C@H](O)[C@@H](C)[C@@H](O)[C@@H](C)[C@H](OC(C)=O)[C@@H]1C,Results_003,18632,0.6,0,1,1,参考化合物有效条目超过 8 条；该值比组内最高 Activity Level 低至少 0.4，仅删除该记录
CO[C@H]1/C=C/O[C@@]2(C)Oc3c(C)c(O)c4c(O)c(c(/C=N/N5CCN(C)CC5)c(O)c4c3C2=O)NC(=O)/C(C)=C\C=C\[C@H](C)[C@H](O)[C@@H](C)[C@@H](O)[C@@H](C)[C@H](OC(C)=O)[C@@H]1C,Results_003,18744,0.6,0,1,1,参考化合物有效条目超过 8 条；该值比组内最高 Activity Level 低至少 0.4，仅删除该记录
CO[C@H]1/C=C/O[C@@]2(C)Oc3c(C)c(O)c4c(O)c(c(/C=N/N5CCN(C)CC5)c(O)c4c3C2=O)NC(=O)/C(C)=C\C=C\[C@H](C)[C@H](O)[C@@H](C)[C@@H](O)[C@@H](C)[C@H](OC(C)=O)[C@@H]1C,Results_004,243,0.1,0,1,1,参考化合物有效条目超过 8 条；该值比组内最高 Activity Level 低至少 0.4，仅删除该记录
CO[C@H]1/C=C/O[C@@]2(C)Oc3c(C)c(O)c4c(O)c(c(/C=N/N5CCN(C)CC5)c(O)c4c3C2=O)NC(=O)/C(C)=C\C=C\[C@H](C)[C@H](O)[C@@H](C)[C@@H](O)[C@@H](C)[C@H](OC(C)=O)[C@@H]1C,Results_004,244,0.1,0,1,1,参考化合物有效条目超过 8 条；该值比组内最高 Activity Level 低至少 0.4，仅删除该记录
CO[C@H]1/C=C/O[C@@]2(C)Oc3c(C)c(O)c4c(O)c(c(/C=N/N5CCN(C)CC5)c(O)c4c3C2=O)NC(=O)/C(C)=C\C=C\[C@H](C)[C@H](O)[C@@H](C)[C@@H](O)[C@@H](C)[C@H](OC(C)=O)[C@@H]1C,Results_004,245,0.1,0,1,1,参考化合物有效条目超过 8 条；该值比组内最高 Activity Level 低至少 0.4，仅删除该记录
CO[C@H]1/C=C/O[C@@]2(C)Oc3c(C)c(O)c4c(O)c(c(/C=N/N5CCN(C)CC5)c(O)c4c3C2=O)NC(=O)/C(C)=C\C=C\[C@H](C)[C@H](O)[C@@H](C)[C@@H](O)[C@@H](C)[C@H](OC(C)=O)[C@@H]1C,Results_004,484,0.6,0,1,1,参考化合物有效条目超过 8 条；该值比组内最高 Activity Level 低至少 0.4，仅删除该记录
CO[C@H]1/C=C/O[C@@]2(C)Oc3c(C)c(O)c4c(O)c(c(/C=N/N5CCN(C)CC5)c(O)c4c3C2=O)NC(=O)/C(C)=C\C=C\[C@H](C)[C@H](O)[C@@H](C)[C@@H](O)[C@@H](C)[C@H](OC(C)=O)[C@@H]1C,Results_004,485,0.6,0,1,1,参考化合物有效条目超过 8 条；该值比组内最高 Activity Level 低至少 0.4，仅删除该记录
CO[C@H]1/C=C/O[C@@]2(C)Oc3c(C)c(O)c4c(O)c(c(/C=N/N5CCN(C)CC5)c(O)c4c3C2=O)NC(=O)/C(C)=C\C=C\[C@H](C)[C@H](O)[C@@H](C)[C@@H](O)[C@@H](C)[C@H](OC(C)=O)[C@@H]1C,Results_004,486,0.6,0,1,1,参考化合物有效条目超过 8 条；该值比组内最高 Activity Level 低至少 0.4，仅删除该记录
CO[C@H]1/C=C/O[C@@]2(C)Oc3c(C)c(O)c4c(O)c(c(/C=N/N5CCN(C)CC5)c(O)c4c3C2=O)NC(=O)/C(C)=C\C=C\[C@H](C)[C@H](O)[C@@H](C)[C@@H](O)[C@@H](C)[C@H](OC(C)=O)[C@@H]1C,Results_004,487,0.6,0,1,1,参考化合物有效条目超过 8 条；该值比组内最高 Activity Level 低至少 0.4，仅删除该记录
CO[C@H]1/C=C/O[C@@]2(C)Oc3c(C)c(O)c4c(O)c(c(/C=N/N5CCN(C)CC5)c(O)c4c3C2=O)NC(=O)/C(C)=C\C=C\[C@H](C)[C@H](O)[C@@H](C)[C@@H](O)[C@@H](C)[C@H](OC(C)=O)[C@@H]1C,Results_004,617,0.4,0,1,1,参考化合物有效条目超过 8 条；该值比组内最高 Activity Level 低至少 0.4，仅删除该记录
CO[C@H]1/C=C/O[C@@]2(C)Oc3c(C)c(O)c4c(O)c(c(/C=N/N5CCN(C)CC5)c(O)c4c3C2=O)NC(=O)/C(C)=C\C=C\[C@H](C)[C@H](O)[C@@H](C)[C@@H](O)[C@@H](C)[C@H](OC(C)=O)[C@@H]1C,Results_004,618,0.4,0,1,1,参考化合物有效条目超过 8 条；该值比组内最高 Activity Level 低至少 0.4，仅删除该记录
CO[C@H]1/C=C/O[C@@]2(C)Oc3c(C)c(O)c4c(O)c(c(/C=N/N5CCN(C)CC5)c(O)c4c3C2=O)NC(=O)/C(C)=C\C=C\[C@H](C)[C@H](O)[C@@H](C)[C@@H](O)[C@@H](C)[C@H](OC(C)=O)[C@@H]1C,Results_004,619,0.4,0,1,1,参考化合物有效条目超过 8 条；该值比组内最高 Activity Level 低至少 0.4，仅删除该记录
CO[C@H]1/C=C/O[C@@]2(C)Oc3c(C)c(O)c4c(O)c(c(/C=N/N5CCN(C)CC5)c(O)c4c3C2=O)NC(=O)/C(C)=C\C=C\[C@H](C)[C@H](O)[C@@H](C)[C@@H](O)[C@@H](C)[C@H](OC(C)=O)[C@@H]1C,Results_004,788,0.1,0,1,1,参考化合物有效条目超过 8 条；该值比组内最高 Activity Level 低至少 0.4，仅删除该记录
CO[C@H]1/C=C/O[C@@]2(C)Oc3c(C)c(O)c4c(O)c(c(/C=N/N5CCN(C)CC5)c(O)c4c3C2=O)NC(=O)/C(C)=C\C=C\[C@H](C)[C@H](O)[C@@H](C)[C@@H](O)[C@@H](C)[C@H](OC(C)=O)[C@@H]1C,Results_004,789,0.1,0,1,1,参考化合物有效条目超过 8 条；该值比组内最高 Activity Level 低至少 0.4，仅删除该记录
CO[C@H]1/C=C/O[C@@]2(C)Oc3c(C)c(O)c4c(O)c(c(/C=N/N5CCN(C)CC5)c(O)c4c3C2=O)NC(=O)/C(C)=C\C=C\[C@H](C)[C@H](O)[C@@H](C)[C@@H](O)[C@@H](C)[C@H](OC(C)=O)[C@@H]1C,Results_004,790,0.1,0,1,1,参考化合物有效条目超过 8 条；该值比组内最高 Activity Level 低至少 0.4，仅删除该记录
CO[C@H]1/C=C/O[C@@]2(C)Oc3c(C)c(O)c4c(O)c(c(/C=N/N5CCN(C)CC5)c(O)c4c3C2=O)NC(=O)/C(C)=C\C=C\[C@H](C)[C@H](O)[C@@H](C)[C@@H](O)[C@@H](C)[C@H](OC(C)=O)[C@@H]1C,Results_004,793,0.1,0,1,1,参考化合物有效条目超过 8 条；该值比组内最高 Activity Level 低至少 0.4，仅删除该记录
CO[C@H]1/C=C/O[C@@]2(C)Oc3c(C)c(O)c4c(O)c(c(/C=N/N5CCN(C)CC5)c(O)c4c3C2=O)NC(=O)/C(C)=C\C=C\[C@H](C)[C@H](O)[C@@H](C)[C@@H](O)[C@@H](C)[C@H](OC(C)=O)[C@@H]1C,Results_004,794,0.1,0,1,1,参考化合物有效条目超过 8 条；该值比组内最高 Activity Level 低至少 0.4，仅删除该记录
CO[C@H]1/C=C/O[C@@]2(C)Oc3c(C)c(O)c4c(O)c(c(/C=N/N5CCN(C)CC5)c(O)c4c3C2=O)NC(=O)/C(C)=C\C=C\[C@H](C)[C@H](O)[C@@H](C)[C@@H](O)[C@@H](C)[C@H](OC(C)=O)[C@@H]1C,Results_004,795,0.1,0,1,1,参考化合物有效条目超过 8 条；该值比组内最高 Activity Level 低至少 0.4，仅删除该记录
CO[C@H]1/C=C/O[C@@]2(C)Oc3c(C)c(O)c4c(O)c(c(/C=N/N5CCN(C)CC5)c(O)c4c3C2=O)NC(=O)/C(C)=C\C=C\[C@H](C)[C@H](O)[C@@H](C)[C@@H](O)[C@@H](C)[C@H](OC(C)=O)[C@@H]1C,Results_004,1255,0.5,0,1,1,参考化合物有效条目超过 8 条；该值比组内最高 Activity Level 低至少 0.4，仅删除该记录
CO[C@H]1/C=C/O[C@@]2(C)Oc3c(C)c(O)c4c(O)c(c(/C=N/N5CCN(C)CC5)c(O)c4c3C2=O)NC(=O)/C(C)=C\C=C\[C@H](C)[C@H](O)[C@@H](C)[C@@H](O)[C@@H](C)[C@H](OC(C)=O)[C@@H]1C,Results_004,1947,0.6,0,1,1,参考化合物有效条目超过 8 条；该值比组内最高 Activity Level 低至少 0.4，仅删除该记录
CO[C@H]1/C=C/O[C@@]2(C)Oc3c(C)c(O)c4c(O)c(c(/C=N/N5CCN(C)CC5)c(O)c4c3C2=O)NC(=O)/C(C)=C\C=C\[C@H](C)[C@H](O)[C@@H](C)[C@@H](O)[C@@H](C)[C@H](OC(C)=O)[C@@H]1C,Results_004,1948,0.2,0,1,1,参考化合物有效条目超过 8 条；该值比组内最高 Activity Level 低至少 0.4，仅删除该记录
CO[C@H]1/C=C/O[C@@]2(C)Oc3c(C)c(O)c4c(O)c(c(/C=N/N5CCN(C)CC5)c(O)c4c3C2=O)NC(=O)/C(C)=C\C=C\[C@H](C)[C@H](O)[C@@H](C)[C@@H](O)[C@@H](C)[C@H](OC(C)=O)[C@@H]1C,Results_004,2081,0.2,0,1,1,参考化合物有效条目超过 8 条；该值比组内最高 Activity Level 低至少 0.4，仅删除该记录
CO[C@H]1/C=C/O[C@@]2(C)Oc3c(C)c(O)c4c(O)c(c(/C=N/N5CCN(C)CC5)c(O)c4c3C2=O)NC(=O)/C(C)=C\C=C\[C@H](C)[C@H](O)[C@@H](C)[C@@H](O)[C@@H](C)[C@H](OC(C)=O)[C@@H]1C,Results_004,2082,0.2,0,1,1,参考化合物有效条目超过 8 条；该值比组内最高 Activity Level 低至少 0.4，仅删除该记录
CO[C@H]1/C=C/O[C@@]2(C)Oc3c(C)c(O)c4c(O)c(c(/C=N/N5CCN(C)CC5)c(O)c4c3C2=O)NC(=O)/C(C)=C\C=C\[C@H](C)[C@H](O)[C@@H](C)[C@@H](O)[C@@H](C)[C@H](OC(C)=O)[C@@H]1C,Results_004,2500,0.4,0,1,1,参考化合物有效条目超过 8 条；该值比组内最高 Activity Level 低至少 0.4，仅删除该记录
CO[C@H]1/C=C/O[C@@]2(C)Oc3c(C)c(O)c4c(O)c(c(/C=N/N5CCN(C)CC5)c(O)c4c3C2=O)NC(=O)/C(C)=C\C=C\[C@H](C)[C@H](O)[C@@H](C)[C@@H](O)[C@@H](C)[C@H](OC(C)=O)[C@@H]1C,Results_004,2730,0.4,0,1,1,参考化合物有效条目超过 8 条；该值比组内最高 Activity Level 低至少 0.4，仅删除该记录
CO[C@H]1/C=C/O[C@@]2(C)Oc3c(C)c(O)c4c(O)c(c(/C=N/N5CCN(C)CC5)c(O)c4c3C2=O)NC(=O)/C(C)=C\C=C\[C@H](C)[C@H](O)[C@@H](C)[C@@H](O)[C@@H](C)[C@H](OC(C)=O)[C@@H]1C,Results_004,3287,0.4,0,1,1,参考化合物有效条目超过 8 条；该值比组内最高 Activity Level 低至少 0.4，仅删除该记录
CO[C@H]1/C=C/O[C@@]2(C)Oc3c(C)c(O)c4c(O)c(c(/C=N/N5CCN(C)CC5)c(O)c4c3C2=O)NC(=O)/C(C)=C\C=C\[C@H](C)[C@H](O)[C@@H](C)[C@@H](O)[C@@H](C)[C@H](OC(C)=O)[C@@H]1C,Results_004,3322,0.4,0,1,1,参考化合物有效条目超过 8 条；该值比组内最高 Activity Level 低至少 0.4，仅删除该记录
CO[C@H]1/C=C/O[C@@]2(C)Oc3c(C)c(O)c4c(O)c(c(/C=N/N5CCN(C)CC5)c(O)c4c3C2=O)NC(=O)/C(C)=C\C=C\[C@H](C)[C@H](O)[C@@H](C)[C@@H](O)[C@@H](C)[C@H](OC(C)=O)[C@@H]1C,Results_004,3323,0.4,0,1,1,参考化合物有效条目超过 8 条；该值比组内最高 Activity Level 低至少 0.4，仅删除该记录
CO[C@H]1/C=C/O[C@@]2(C)Oc3c(C)c(O)c4c(O)c(c(/C=N/N5CCN(C)CC5)c(O)c4c3C2=O)NC(=O)/C(C)=C\C=C\[C@H](C)[C@H](O)[C@@H](C)[C@@H](O)[C@@H](C)[C@H](OC(C)=O)[C@@H]1C,Results_004,3462,0.2,0,1,1,参考化合物有效条目超过 8 条；该值比组内最高 Activity Level 低至少 0.4，仅删除该记录
CO[C@H]1/C=C/O[C@@]2(C)Oc3c(C)c(O)c4c(O)c(c(/C=N/N5CCN(C)CC5)c(O)c4c3C2=O)NC(=O)/C(C)=C\C=C\[C@H](C)[C@H](O)[C@@H](C)[C@@H](O)[C@@H](C)[C@H](OC(C)=O)[C@@H]1C,Results_004,4808,0.1,0,1,1,参考化合物有效条目超过 8 条；该值比组内最高 Activity Level 低至少 0.4，仅删除该记录
CO[C@H]1/C=C/O[C@@]2(C)Oc3c(C)c(O)c4c(O)c(c(/C=N/N5CCN(C)CC5)c(O)c4c3C2=O)NC(=O)/C(C)=C\C=C\[C@H](C)[C@H](O)[C@@H](C)[C@@H](O)[C@@H](C)[C@H](OC(C)=O)[C@@H]1C,Results_004,4809,0.1,0,1,1,参考化合物有效条目超过 8 条；该值比组内最高 Activity Level 低至少 0.4，仅删除该记录
CO[C@H]1/C=C/O[C@@]2(C)Oc3c(C)c(O)c4c(O)c(c(/C=N/N5CCN(C)CC5)c(O)c4c3C2=O)NC(=O)/C(C)=C\C=C\[C@H](C)[C@H](O)[C@@H](C)[C@@H](O)[C@@H](C)[C@H](OC(C)=O)[C@@H]1C,Results_004,4811,0.6,0,1,1,参考化合物有效条目超过 8 条；该值比组内最高 Activity Level 低至少 0.4，仅删除该记录
CO[C@H]1/C=C/O[C@@]2(C)Oc3c(C)c(O)c4c(O)c(c(/C=N/N5CCN(C)CC5)c(O)c4c3C2=O)NC(=O)/C(C)=C\C=C\[C@H](C)[C@H](O)[C@@H](C)[C@@H](O)[C@@H](C)[C@H](OC(C)=O)[C@@H]1C,Results_004,4812,0.4,0,1,1,参考化合物有效条目超过 8 条；该值比组内最高 Activity Level 低至少 0.4，仅删除该记录
CO[C@H]1/C=C/O[C@@]2(C)Oc3c(C)c(O)c4c(O)c(c(/C=N/N5CCN(C)CC5)c(O)c4c3C2=O)NC(=O)/C(C)=C\C=C\[C@H](C)[C@H](O)[C@@H](C)[C@@H](O)[C@@H](C)[C@H](OC(C)=O)[C@@H]1C,Results_004,5492,0.4,0,1,1,参考化合物有效条目超过 8 条；该值比组内最高 Activity Level 低至少 0.4，仅删除该记录
CO[C@H]1/C=C/O[C@@]2(C)Oc3c(C)c(O)c4c(O)c(c(/C=N/N5CCN(C)CC5)c(O)c4c3C2=O)NC(=O)/C(C)=C\C=C\[C@H](C)[C@H](O)[C@@H](C)[C@@H](O)[C@@H](C)[C@H](OC(C)=O)[C@@H]1C,Results_004,5533,0.4,0,1,1,参考化合物有效条目超过 8 条；该值比组内最高 Activity Level 低至少 0.4，仅删除该记录
CO[C@H]1/C=C/O[C@@]2(C)Oc3c(C)c(O)c4c(O)c(c(/C=N/N5CCN(C)CC5)c(O)c4c3C2=O)NC(=O)/C(C)=C\C=C\[C@H](C)[C@H](O)[C@@H](C)[C@@H](O)[C@@H](C)[C@H](OC(C)=O)[C@@H]1C,Results_004,6247,0.6,0,1,1,参考化合物有效条目超过 8 条；该值比组内最高 Activity Level 低至少 0.4，仅删除该记录
CO[C@H]1/C=C/O[C@@]2(C)Oc3c(C)c(O)c4c(O)c(c(/C=N/N5CCN(C)CC5)c(O)c4c3C2=O)NC(=O)/C(C)=C\C=C\[C@H](C)[C@H](O)[C@@H](C)[C@@H](O)[C@@H](C)[C@H](OC(C)=O)[C@@H]1C,Results_004,6566,0.25,0,1,1,参考化合物有效条目超过 8 条；该值比组内最高 Activity Level 低至少 0.4，仅删除该记录
CO[C@H]1/C=C/O[C@@]2(C)Oc3c(C)c(O)c4c(O)c(c(/C=N/N5CCN(C)CC5)c(O)c4c3C2=O)NC(=O)/C(C)=C\C=C\[C@H](C)[C@H](O)[C@@H](C)[C@@H](O)[C@@H](C)[C@H](OC(C)=O)[C@@H]1C,Results_004,6966,0,0,1,1,参考化合物有效条目超过 8 条；该值比组内最高 Activity Level 低至少 0.4，仅删除该记录
CO[C@H]1/C=C/O[C@@]2(C)Oc3c(C)c(O)c4c(O)c(c(/C=N/N5CCN(C)CC5)c(O)c4c3C2=O)NC(=O)/C(C)=C\C=C\[C@H](C)[C@H](O)[C@@H](C)[C@@H](O)[C@@H](C)[C@H](OC(C)=O)[C@@H]1C,Results_004,7869,0.6,0,1,1,参考化合物有效条目超过 8 条；该值比组内最高 Activity Level 低至少 0.4，仅删除该记录
CO[C@H]1/C=C/O[C@@]2(C)Oc3c(C)c(O)c4c(O)c(c(/C=N/N5CCN(C)CC5)c(O)c4c3C2=O)NC(=O)/C(C)=C\C=C\[C@H](C)[C@H](O)[C@@H](C)[C@@H](O)[C@@H](C)[C@H](OC(C)=O)[C@@H]1C,Results_004,8136,0.4,0,1,1,参考化合物有效条目超过 8 条；该值比组内最高 Activity Level 低至少 0.4，仅删除该记录
CO[C@H]1/C=C/O[C@@]2(C)Oc3c(C)c(O)c4c(O)c(c(/C=N/N5CCN(C)CC5)c(O)c4c3C2=O)NC(=O)/C(C)=C\C=C\[C@H](C)[C@H](O)[C@@H](C)[C@@H](O)[C@@H](C)[C@H](OC(C)=O)[C@@H]1C,Results_004,8254,0.2,0,1,1,参考化合物有效条目超过 8 条；该值比组内最高 Activity Level 低至少 0.4，仅删除该记录
CO[C@H]1/C=C/O[C@@]2(C)Oc3c(C)c(O)c4c(O)c(c(/C=N/N5CCN(C)CC5)c(O)c4c3C2=O)NC(=O)/C(C)=C\C=C\[C@H](C)[C@H](O)[C@@H](C)[C@@H](O)[C@@H](C)[C@H](OC(C)=O)[C@@H]1C,Results_004,8544,0.4,0,1,1,参考化合物有效条目超过 8 条；该值比组内最高 Activity Level 低至少 0.4，仅删除该记录
CO[C@H]1/C=C/O[C@@]2(C)Oc3c(C)c(O)c4c(O)c(c(/C=N/N5CCN(C)CC5)c(O)c4c3C2=O)NC(=O)/C(C)=C\C=C\[C@H](C)[C@H](O)[C@@H](C)[C@@H](O)[C@@H](C)[C@H](OC(C)=O)[C@@H]1C,Results_004,8667,0.6,0,1,1,参考化合物有效条目超过 8 条；该值比组内最高 Activity Level 低至少 0.4，仅删除该记录
CO[C@H]1/C=C/O[C@@]2(C)Oc3c(C)c(O)c4c(O)c(c(/C=N/N5CCN(C)CC5)c(O)c4c3C2=O)NC(=O)/C(C)=C\C=C\[C@H](C)[C@H](O)[C@@H](C)[C@@H](O)[C@@H](C)[C@H](OC(C)=O)[C@@H]1C,Results_004,9232,0.4,0,1,1,参考化合物有效条目超过 8 条；该值比组内最高 Activity Level 低至少 0.4，仅删除该记录
CO[C@H]1/C=C/O[C@@]2(C)Oc3c(C)c(O)c4c(O)c(c(/C=N/N5CCN(C)CC5)c(O)c4c3C2=O)NC(=O)/C(C)=C\C=C\[C@H](C)[C@H](O)[C@@H](C)[C@@H](O)[C@@H](C)[C@H](OC(C)=O)[C@@H]1C,Results_004,9384,0.4,0,1,1,参考化合物有效条目超过 8 条；该值比组内最高 Activity Level 低至少 0.4，仅删除该记录
CO[C@H]1/C=C/O[C@@]2(C)Oc3c(C)c(O)c4c(O)c(c(/C=N/N5CCN(C)CC5)c(O)c4c3C2=O)NC(=O)/C(C)=C\C=C\[C@H](C)[C@H](O)[C@@H](C)[C@@H](O)[C@@H](C)[C@H](OC(C)=O)[C@@H]1C,Results_004,9825,0,0,1,1,参考化合物有效条目超过 8 条；该值比组内最高 Activity Level 低至少 0.4，仅删除该记录
CO[C@H]1/C=C/O[C@@]2(C)Oc3c(C)c(O)c4c(O)c(c(/C=N/N5CCN(C)CC5)c(O)c4c3C2=O)NC(=O)/C(C)=C\C=C\[C@H](C)[C@H](O)[C@@H](C)[C@@H](O)[C@@H](C)[C@H](OC(C)=O)[C@@H]1C,Results_004,9826,0,0,1,1,参考化合物有效条目超过 8 条；该值比组内最高 Activity Level 低至少 0.4，仅删除该记录
CO[C@H]1/C=C/O[C@@]2(C)Oc3c(C)c(O)c4c(O)c(c(/C=N/N5CCN(C)CC5)c(O)c4c3C2=O)NC(=O)/C(C)=C\C=C\[C@H](C)[C@H](O)[C@@H](C)[C@@H](O)[C@@H](C)[C@H](OC(C)=O)[C@@H]1C,Results_004,10112,0.6,0,1,1,参考化合物有效条目超过 8 条；该值比组内最高 Activity Level 低至少 0.4，仅删除该记录
CO[C@H]1/C=C/O[C@@]2(C)Oc3c(C)c(O)c4c(O)c(c(/C=N/N5CCN(C)CC5)c(O)c4c3C2=O)NC(=O)/C(C)=C\C=C\[C@H](C)[C@H](O)[C@@H](C)[C@@H](O)[C@@H](C)[C@H](OC(C)=O)[C@@H]1C,Results_004,10335,0.2,0,1,1,参考化合物有效条目超过 8 条；该值比组内最高 Activity Level 低至少 0.4，仅删除该记录
CO[C@H]1/C=C/O[C@@]2(C)Oc3c(C)c(O)c4c(O)c(c(/C=N/N5CCN(C)CC5)c(O)c4c3C2=O)NC(=O)/C(C)=C\C=C\[C@H](C)[C@H](O)[C@@H](C)[C@@H](O)[C@@H](C)[C@H](OC(C)=O)[C@@H]1C,Results_004,10338,0.2,0,1,1,参考化合物有效条目超过 8 条；该值比组内最高 Activity Level 低至少 0.4，仅删除该记录
CO[C@H]1/C=C/O[C@@]2(C)Oc3c(C)c(O)c4c(O)c(c(/C=N/N5CCN(C)CC5)c(O)c4c3C2=O)NC(=O)/C(C)=C\C=C\[C@H](C)[C@H](O)[C@@H](C)[C@@H](O)[C@@H](C)[C@H](OC(C)=O)[C@@H]1C,Results_004,10339,0.2,0,1,1,参考化合物有效条目超过 8 条；该值比组内最高 Activity Level 低至少 0.4，仅删除该记录
CO[C@H]1/C=C/O[C@@]2(C)Oc3c(C)c(O)c4c(O)c(c(/C=N/N5CCN(C)CC5)c(O)c4c3C2=O)NC(=O)/C(C)=C\C=C\[C@H](C)[C@H](O)[C@@H](C)[C@@H](O)[C@@H](C)[C@H](OC(C)=O)[C@@H]1C,Results_004,10427,0.4,0,1,1,参考化合物有效条目超过 8 条；该值比组内最高 Activity Level 低至少 0.4，仅删除该记录
CO[C@H]1/C=C/O[C@@]2(C)Oc3c(C)c(O)c4c(O)c(c(/C=N/N5CCN(C)CC5)c(O)c4c3C2=O)NC(=O)/C(C)=C\C=C\[C@H](C)[C@H](O)[C@@H](C)[C@@H](O)[C@@H](C)[C@H](OC(C)=O)[C@@H]1C,Results_004,10428,0.4,0,1,1,参考化合物有效条目超过 8 条；该值比组内最高 Activity Level 低至少 0.4，仅删除该记录
CO[C@H]1/C=C/O[C@@]2(C)Oc3c(C)c(O)c4c(O)c(c(/C=N/N5CCN(C)CC5)c(O)c4c3C2=O)NC(=O)/C(C)=C\C=C\[C@H](C)[C@H](O)[C@@H](C)[C@@H](O)[C@@H](C)[C@H](OC(C)=O)[C@@H]1C,Results_004,10429,0.4,0,1,1,参考化合物有效条目超过 8 条；该值比组内最高 Activity Level 低至少 0.4，仅删除该记录
CO[C@H]1/C=C/O[C@@]2(C)Oc3c(C)c(O)c4c(O)c(c(/C=N/N5CCN(C)CC5)c(O)c4c3C2=O)NC(=O)/C(C)=C\C=C\[C@H](C)[C@H](O)[C@@H](C)[C@@H](O)[C@@H](C)[C@H](OC(C)=O)[C@@H]1C,Results_004,10430,0.4,0,1,1,参考化合物有效条目超过 8 条；该值比组内最高 Activity Level 低至少 0.4，仅删除该记录
CO[C@H]1/C=C/O[C@@]2(C)Oc3c(C)c(O)c4c(O)c(c(/C=N/N5CCN(C)CC5)c(O)c4c3C2=O)NC(=O)/C(C)=C\C=C\[C@H](C)[C@H](O)[C@@H](C)[C@@H](O)[C@@H](C)[C@H](OC(C)=O)[C@@H]1C,Results_004,10431,0.4,0,1,1,参考化合物有效条目超过 8 条；该值比组内最高 Activity Level 低至少 0.4，仅删除该记录
CO[C@H]1/C=C/O[C@@]2(C)Oc3c(C)c(O)c4c(O)c(c(/C=N/N5CCN(C)CC5)c(O)c4c3C2=O)NC(=O)/C(C)=C\C=C\[C@H](C)[C@H](O)[C@@H](C)[C@@H](O)[C@@H](C)[C@H](OC(C)=O)[C@@H]1C,Results_004,10433,0.4,0,1,1,参考化合物有效条目超过 8 条；该值比组内最高 Activity Level 低至少 0.4，仅删除该记录
CO[C@H]1/C=C/O[C@@]2(C)Oc3c(C)c(O)c4c(O)c(c(/C=N/N5CCN(C)CC5)c(O)c4c3C2=O)NC(=O)/C(C)=C\C=C\[C@H](C)[C@H](O)[C@@H](C)[C@@H](O)[C@@H](C)[C@H](OC(C)=O)[C@@H]1C,Results_004,10679,0.6,0,1,1,参考化合物有效条目超过 8 条；该值比组内最高 Activity Level 低至少 0.4，仅删除该记录
CO[C@H]1/C=C/O[C@@]2(C)Oc3c(C)c(O)c4c(O)c(c(/C=N/N5CCN(C)CC5)c(O)c4c3C2=O)NC(=O)/C(C)=C\C=C\[C@H](C)[C@H](O)[C@@H](C)[C@@H](O)[C@@H](C)[C@H](OC(C)=O)[C@@H]1C,Results_004,10680,0.6,0,1,1,参考化合物有效条目超过 8 条；该值比组内最高 Activity Level 低至少 0.4，仅删除该记录
CO[C@H]1/C=C/O[C@@]2(C)Oc3c(C)c(O)c4c(O)c(c(/C=N/N5CCN(C)CC5)c(O)c4c3C2=O)NC(=O)/C(C)=C\C=C\[C@H](C)[C@H](O)[C@@H](C)[C@@H](O)[C@@H](C)[C@H](OC(C)=O)[C@@H]1C,Results_004,10706,0.4,0,1,1,参考化合物有效条目超过 8 条；该值比组内最高 Activity Level 低至少 0.4，仅删除该记录
CO[C@H]1/C=C/O[C@@]2(C)Oc3c(C)c(O)c4c(O)c(c(/C=N/N5CCN(C)CC5)c(O)c4c3C2=O)NC(=O)/C(C)=C\C=C\[C@H](C)[C@H](O)[C@@H](C)[C@@H](O)[C@@H](C)[C@H](OC(C)=O)[C@@H]1C,Results_004,10709,0.6,0,1,1,参考化合物有效条目超过 8 条；该值比组内最高 Activity Level 低至少 0.4，仅删除该记录
CO[C@H]1/C=C/O[C@@]2(C)Oc3c(C)c(O)c4c(O)c(c(/C=N/N5CCN(C)CC5)c(O)c4c3C2=O)NC(=O)/C(C)=C\C=C\[C@H](C)[C@H](O)[C@@H](C)[C@@H](O)[C@@H](C)[C@H](OC(C)=O)[C@@H]1C,Results_004,10710,0.2,0,1,1,参考化合物有效条目超过 8 条；该值比组内最高 Activity Level 低至少 0.4，仅删除该记录
CO[C@H]1/C=C/O[C@@]2(C)Oc3c(C)c(O)c4c(O)c(c(/C=N/N5CCN(C)CC5)c(O)c4c3C2=O)NC(=O)/C(C)=C\C=C\[C@H](C)[C@H](O)[C@@H](C)[C@@H](O)[C@@H](C)[C@H](OC(C)=O)[C@@H]1C,Results_004,10796,0.4,0,1,1,参考化合物有效条目超过 8 条；该值比组内最高 Activity Level 低至少 0.4，仅删除该记录
CO[C@H]1/C=C/O[C@@]2(C)Oc3c(C)c(O)c4c(O)c(c(/C=N/N5CCN(C)CC5)c(O)c4c3C2=O)NC(=O)/C(C)=C\C=C\[C@H](C)[C@H](O)[C@@H](C)[C@@H](O)[C@@H](C)[C@H](OC(C)=O)[C@@H]1C,Results_004,10797,0.4,0,1,1,参考化合物有效条目超过 8 条；该值比组内最高 Activity Level 低至少 0.4，仅删除该记录
CO[C@H]1/C=C/O[C@@]2(C)Oc3c(C)c(O)c4c(O)c(c(/C=N/N5CCN(C)CC5)c(O)c4c3C2=O)NC(=O)/C(C)=C\C=C\[C@H](C)[C@H](O)[C@@H](C)[C@@H](O)[C@@H](C)[C@H](OC(C)=O)[C@@H]1C,Results_004,10798,0.4,0,1,1,参考化合物有效条目超过 8 条；该值比组内最高 Activity Level 低至少 0.4，仅删除该记录
CO[C@H]1/C=C/O[C@@]2(C)Oc3c(C)c(O)c4c(O)c(c(/C=N/N5CCN(C)CC5)c(O)c4c3C2=O)NC(=O)/C(C)=C\C=C\[C@H](C)[C@H](O)[C@@H](C)[C@@H](O)[C@@H](C)[C@H](OC(C)=O)[C@@H]1C,Results_004,10799,0.4,0,1,1,参考化合物有效条目超过 8 条；该值比组内最高 Activity Level 低至少 0.4，仅删除该记录
CO[C@H]1/C=C/O[C@@]2(C)Oc3c(C)c(O)c4c(O)c(c(/C=N/N5CCN(C)CC5)c(O)c4c3C2=O)NC(=O)/C(C)=C\C=C\[C@H](C)[C@H](O)[C@@H](C)[C@@H](O)[C@@H](C)[C@H](OC(C)=O)[C@@H]1C,Results_004,11472,0,0,1,1,参考化合物有效条目超过 8 条；该值比组内最高 Activity Level 低至少 0.4，仅删除该记录
CO[C@H]1/C=C/O[C@@]2(C)Oc3c(C)c(O)c4c(O)c(c(/C=N/N5CCN(C)CC5)c(O)c4c3C2=O)NC(=O)/C(C)=C\C=C\[C@H](C)[C@H](O)[C@@H](C)[C@@H](O)[C@@H](C)[C@H](OC(C)=O)[C@@H]1C,Results_004,11473,0.1,0,1,1,参考化合物有效条目超过 8 条；该值比组内最高 Activity Level 低至少 0.4，仅删除该记录
CO[C@H]1/C=C/O[C@@]2(C)Oc3c(C)c(O)c4c(O)c(c(/C=N/N5CCN(C)CC5)c(O)c4c3C2=O)NC(=O)/C(C)=C\C=C\[C@H](C)[C@H](O)[C@@H](C)[C@@H](O)[C@@H](C)[C@H](OC(C)=O)[C@@H]1C,Results_004,11677,0.2,0,1,1,参考化合物有效条目超过 8 条；该值比组内最高 Activity Level 低至少 0.4，仅删除该记录
CO[C@H]1/C=C/O[C@@]2(C)Oc3c(C)c(O)c4c(O)c(c(/C=N/N5CCN(C)CC5)c(O)c4c3C2=O)NC(=O)/C(C)=C\C=C\[C@H](C)[C@H](O)[C@@H](C)[C@@H](O)[C@@H](C)[C@H](OC(C)=O)[C@@H]1C,Results_004,11785,0,0,1,1,参考化合物有效条目超过 8 条；该值比组内最高 Activity Level 低至少 0.4，仅删除该记录
CO[C@H]1/C=C/O[C@@]2(C)Oc3c(C)c(O)c4c(O)c(c(/C=N/N5CCN(C)CC5)c(O)c4c3C2=O)NC(=O)/C(C)=C\C=C\[C@H](C)[C@H](O)[C@@H](C)[C@@H](O)[C@@H](C)[C@H](OC(C)=O)[C@@H]1C,Results_004,13107,0.6,0,1,1,参考化合物有效条目超过 8 条；该值比组内最高 Activity Level 低至少 0.4，仅删除该记录
CO[C@H]1/C=C/O[C@@]2(C)Oc3c(C)c(O)c4c(O)c(c(/C=N/N5CCN(C)CC5)c(O)c4c3C2=O)NC(=O)/C(C)=C\C=C\[C@H](C)[C@H](O)[C@@H](C)[C@@H](O)[C@@H](C)[C@H](OC(C)=O)[C@@H]1C,Results_004,13108,0.6,0,1,1,参考化合物有效条目超过 8 条；该值比组内最高 Activity Level 低至少 0.4，仅删除该记录
CO[C@H]1/C=C/O[C@@]2(C)Oc3c(C)c(O)c4c(O)c(c(/C=N/N5CCN(C)CC5)c(O)c4c3C2=O)NC(=O)/C(C)=C\C=C\[C@H](C)[C@H](O)[C@@H](C)[C@@H](O)[C@@H](C)[C@H](OC(C)=O)[C@@H]1C,Results_004,13435,0.2,0,1,1,参考化合物有效条目超过 8 条；该值比组内最高 Activity Level 低至少 0.4，仅删除该记录
CO[C@H]1/C=C/O[C@@]2(C)Oc3c(C)c(O)c4c(O)c(c(/C=N/N5CCN(C)CC5)c(O)c4c3C2=O)NC(=O)/C(C)=C\C=C\[C@H](C)[C@H](O)[C@@H](C)[C@@H](O)[C@@H](C)[C@H](OC(C)=O)[C@@H]1C,Results_004,13549,0.4,0,1,1,参考化合物有效条目超过 8 条；该值比组内最高 Activity Level 低至少 0.4，仅删除该记录
CO[C@H]1/C=C/O[C@@]2(C)Oc3c(C)c(O)c4c(O)c(c(/C=N/N5CCN(C)CC5)c(O)c4c3C2=O)NC(=O)/C(C)=C\C=C\[C@H](C)[C@H](O)[C@@H](C)[C@@H](O)[C@@H](C)[C@H](OC(C)=O)[C@@H]1C,Results_004,13730,0.6,0,1,1,参考化合物有效条目超过 8 条；该值比组内最高 Activity Level 低至少 0.4，仅删除该记录
CO[C@H]1/C=C/O[C@@]2(C)Oc3c(C)c(O)c4c(O)c(c(/C=N/N5CCN(C)CC5)c(O)c4c3C2=O)NC(=O)/C(C)=C\C=C\[C@H](C)[C@H](O)[C@@H](C)[C@@H](O)[C@@H](C)[C@H](OC(C)=O)[C@@H]1C,Results_004,13963,0,0,1,1,参考化合物有效条目超过 8 条；该值比组内最高 Activity Level 低至少 0.4，仅删除该记录
CO[C@H]1/C=C/O[C@@]2(C)Oc3c(C)c(O)c4c(O)c(c(/C=N/N5CCN(C)CC5)c(O)c4c3C2=O)NC(=O)/C(C)=C\C=C\[C@H](C)[C@H](O)[C@@H](C)[C@@H](O)[C@@H](C)[C@H](OC(C)=O)[C@@H]1C,Results_004,14051,0.6,0,1,1,参考化合物有效条目超过 8 条；该值比组内最高 Activity Level 低至少 0.4，仅删除该记录
CO[C@H]1/C=C/O[C@@]2(C)Oc3c(C)c(O)c4c(O)c(c(/C=N/N5CCN(C)CC5)c(O)c4c3C2=O)NC(=O)/C(C)=C\C=C\[C@H](C)[C@H](O)[C@@H](C)[C@@H](O)[C@@H](C)[C@H](OC(C)=O)[C@@H]1C,Results_004,14052,0.4,0,1,1,参考化合物有效条目超过 8 条；该值比组内最高 Activity Level 低至少 0.4，仅删除该记录
CO[C@H]1/C=C/O[C@@]2(C)Oc3c(C)c(O)c4c(O)c(c(/C=N/N5CCN(C)CC5)c(O)c4c3C2=O)NC(=O)/C(C)=C\C=C\[C@H](C)[C@H](O)[C@@H](C)[C@@H](O)[C@@H](C)[C@H](OC(C)=O)[C@@H]1C,Results_004,14053,0.6,0,1,1,参考化合物有效条目超过 8 条；该值比组内最高 Activity Level 低至少 0.4，仅删除该记录
CO[C@H]1/C=C/O[C@@]2(C)Oc3c(C)c(O)c4c(O)c(c(/C=N/N5CCN(C)CC5)c(O)c4c3C2=O)NC(=O)/C(C)=C\C=C\[C@H](C)[C@H](O)[C@@H](C)[C@@H](O)[C@@H](C)[C@H](OC(C)=O)[C@@H]1C,Results_004,14055,0.6,0,1,1,参考化合物有效条目超过 8 条；该值比组内最高 Activity Level 低至少 0.4，仅删除该记录
CO[C@H]1/C=C/O[C@@]2(C)Oc3c(C)c(O)c4c(O)c(c(/C=N/N5CCN(C)CC5)c(O)c4c3C2=O)NC(=O)/C(C)=C\C=C\[C@H](C)[C@H](O)[C@@H](C)[C@@H](O)[C@@H](C)[C@H](OC(C)=O)[C@@H]1C,Results_004,14056,0.4,0,1,1,参考化合物有效条目超过 8 条；该值比组内最高 Activity Level 低至少 0.4，仅删除该记录
CO[C@H]1/C=C/O[C@@]2(C)Oc3c(C)c(O)c4c(O)c(c(/C=N/N5CCN(C)CC5)c(O)c4c3C2=O)NC(=O)/C(C)=C\C=C\[C@H](C)[C@H](O)[C@@H](C)[C@@H](O)[C@@H](C)[C@H](OC(C)=O)[C@@H]1C,Results_004,14057,0.6,0,1,1,参考化合物有效条目超过 8 条；该值比组内最高 Activity Level 低至少 0.4，仅删除该记录
CO[C@H]1/C=C/O[C@@]2(C)Oc3c(C)c(O)c4c(O)c(c(/C=N/N5CCN(C)CC5)c(O)c4c3C2=O)NC(=O)/C(C)=C\C=C\[C@H](C)[C@H](O)[C@@H](C)[C@@H](O)[C@@H](C)[C@H](OC(C)=O)[C@@H]1C,Results_004,14390,0.4,0,1,1,参考化合物有效条目超过 8 条；该值比组内最高 Activity Level 低至少 0.4，仅删除该记录
CO[C@H]1/C=C/O[C@@]2(C)Oc3c(C)c(O)c4c(O)c(c(/C=N/N5CCN(C)CC5)c(O)c4c3C2=O)NC(=O)/C(C)=C\C=C\[C@H](C)[C@H](O)[C@@H](C)[C@@H](O)[C@@H](C)[C@H](OC(C)=O)[C@@H]1C,Results_004,14797,0.4,0,1,1,参考化合物有效条目超过 8 条；该值比组内最高 Activity Level 低至少 0.4，仅删除该记录
CO[C@H]1/C=C/O[C@@]2(C)Oc3c(C)c(O)c4c(O)c(c(/C=N/N5CCN(C)CC5)c(O)c4c3C2=O)NC(=O)/C(C)=C\C=C\[C@H](C)[C@H](O)[C@@H](C)[C@@H](O)[C@@H](C)[C@H](OC(C)=O)[C@@H]1C,Results_004,14798,0.4,0,1,1,参考化合物有效条目超过 8 条；该值比组内最高 Activity Level 低至少 0.4，仅删除该记录
CO[C@H]1/C=C/O[C@@]2(C)Oc3c(C)c(O)c4c(O)c(c(/C=N/N5CCN(C)CC5)c(O)c4c3C2=O)NC(=O)/C(C)=C\C=C\[C@H](C)[C@H](O)[C@@H](C)[C@@H](O)[C@@H](C)[C@H](OC(C)=O)[C@@H]1C,Results_004,14800,0.6,0,1,1,参考化合物有效条目超过 8 条；该值比组内最高 Activity Level 低至少 0.4，仅删除该记录
CO[C@H]1/C=C/O[C@@]2(C)Oc3c(C)c(O)c4c(O)c(c(/C=N/N5CCN(C)CC5)c(O)c4c3C2=O)NC(=O)/C(C)=C\C=C\[C@H](C)[C@H](O)[C@@H](C)[C@@H](O)[C@@H](C)[C@H](OC(C)=O)[C@@H]1C,Results_004,14947,0.6,0,1,1,参考化合物有效条目超过 8 条；该值比组内最高 Activity Level 低至少 0.4，仅删除该记录
CO[C@H]1/C=C/O[C@@]2(C)Oc3c(C)c(O)c4c(O)c(c(/C=N/N5CCN(C)CC5)c(O)c4c3C2=O)NC(=O)/C(C)=C\C=C\[C@H](C)[C@H](O)[C@@H](C)[C@@H](O)[C@@H](C)[C@H](OC(C)=O)[C@@H]1C,Results_004,15063,0.6,0,1,1,参考化合物有效条目超过 8 条；该值比组内最高 Activity Level 低至少 0.4，仅删除该记录
CO[C@H]1/C=C/O[C@@]2(C)Oc3c(C)c(O)c4c(O)c(c(/C=N/N5CCN(C)CC5)c(O)c4c3C2=O)NC(=O)/C(C)=C\C=C\[C@H](C)[C@H](O)[C@@H](C)[C@@H](O)[C@@H](C)[C@H](OC(C)=O)[C@@H]1C,Results_004,15159,0.6,0,1,1,参考化合物有效条目超过 8 条；该值比组内最高 Activity Level 低至少 0.4，仅删除该记录
CO[C@H]1/C=C/O[C@@]2(C)Oc3c(C)c(O)c4c(O)c(c(/C=N/N5CCN(C)CC5)c(O)c4c3C2=O)NC(=O)/C(C)=C\C=C\[C@H](C)[C@H](O)[C@@H](C)[C@@H](O)[C@@H](C)[C@H](OC(C)=O)[C@@H]1C,Results_004,15161,0.2,0,1,1,参考化合物有效条目超过 8 条；该值比组内最高 Activity Level 低至少 0.4，仅删除该记录
CO[C@H]1/C=C/O[C@@]2(C)Oc3c(C)c(O)c4c(O)c(c(/C=N/N5CCN(C)CC5)c(O)c4c3C2=O)NC(=O)/C(C)=C\C=C\[C@H](C)[C@H](O)[C@@H](C)[C@@H](O)[C@@H](C)[C@H](OC(C)=O)[C@@H]1C,Results_004,15163,0.1,0,1,1,参考化合物有效条目超过 8 条；该值比组内最高 Activity Level 低至少 0.4，仅删除该记录
CO[C@H]1/C=C/O[C@@]2(C)Oc3c(C)c(O)c4c(O)c(c(/C=N/N5CCN(C)CC5)c(O)c4c3C2=O)NC(=O)/C(C)=C\C=C\[C@H](C)[C@H](O)[C@@H](C)[C@@H](O)[C@@H](C)[C@H](OC(C)=O)[C@@H]1C,Results_004,15164,0.2,0,1,1,参考化合物有效条目超过 8 条；该值比组内最高 Activity Level 低至少 0.4，仅删除该记录
CO[C@H]1/C=C/O[C@@]2(C)Oc3c(C)c(O)c4c(O)c(c(/C=N/N5CCN(C)CC5)c(O)c4c3C2=O)NC(=O)/C(C)=C\C=C\[C@H](C)[C@H](O)[C@@H](C)[C@@H](O)[C@@H](C)[C@H](OC(C)=O)[C@@H]1C,Results_004,15165,0.2,0,1,1,参考化合物有效条目超过 8 条；该值比组内最高 Activity Level 低至少 0.4，仅删除该记录
CO[C@H]1/C=C/O[C@@]2(C)Oc3c(C)c(O)c4c(O)c(c(/C=N/N5CCN(C)CC5)c(O)c4c3C2=O)NC(=O)/C(C)=C\C=C\[C@H](C)[C@H](O)[C@@H](C)[C@@H](O)[C@@H](C)[C@H](OC(C)=O)[C@@H]1C,Results_004,15412,0.4,0,1,1,参考化合物有效条目超过 8 条；该值比组内最高 Activity Level 低至少 0.4，仅删除该记录
CO[C@H]1/C=C/O[C@@]2(C)Oc3c(C)c(O)c4c(O)c(c(/C=N/N5CCN(C)CC5)c(O)c4c3C2=O)NC(=O)/C(C)=C\C=C\[C@H](C)[C@H](O)[C@@H](C)[C@@H](O)[C@@H](C)[C@H](OC(C)=O)[C@@H]1C,Results_004,15746,0.4,0,1,1,参考化合物有效条目超过 8 条；该值比组内最高 Activity Level 低至少 0.4，仅删除该记录
CO[C@H]1/C=C/O[C@@]2(C)Oc3c(C)c(O)c4c(O)c(c(/C=N/N5CCN(C)CC5)c(O)c4c3C2=O)NC(=O)/C(C)=C\C=C\[C@H](C)[C@H](O)[C@@H](C)[C@@H](O)[C@@H](C)[C@H](OC(C)=O)[C@@H]1C,Results_004,15764,0,0,1,1,参考化合物有效条目超过 8 条；该值比组内最高 Activity Level 低至少 0.4，仅删除该记录
CO[C@H]1/C=C/O[C@@]2(C)Oc3c(C)c(O)c4c(O)c(c(/C=N/N5CCN(C)CC5)c(O)c4c3C2=O)NC(=O)/C(C)=C\C=C\[C@H](C)[C@H](O)[C@@H](C)[C@@H](O)[C@@H](C)[C@H](OC(C)=O)[C@@H]1C,Results_004,16253,0.4,0,1,1,参考化合物有效条目超过 8 条；该值比组内最高 Activity Level 低至少 0.4，仅删除该记录
CO[C@H]1/C=C/O[C@@]2(C)Oc3c(C)c(O)c4c(O)c(c(/C=N/N5CCN(C)CC5)c(O)c4c3C2=O)NC(=O)/C(C)=C\C=C\[C@H](C)[C@H](O)[C@@H](C)[C@@H](O)[C@@H](C)[C@H](OC(C)=O)[C@@H]1C,Results_004,16392,0,0,1,1,参考化合物有效条目超过 8 条；该值比组内最高 Activity Level 低至少 0.4，仅删除该记录
CO[C@H]1/C=C/O[C@@]2(C)Oc3c(C)c(O)c4c(O)c(c(/C=N/N5CCN(C)CC5)c(O)c4c3C2=O)NC(=O)/C(C)=C\C=C\[C@H](C)[C@H](O)[C@@H](C)[C@@H](O)[C@@H](C)[C@H](OC(C)=O)[C@@H]1C,Results_004,16393,0,0,1,1,参考化合物有效条目超过 8 条；该值比组内最高 Activity Level 低至少 0.4，仅删除该记录
CO[C@H]1/C=C/O[C@@]2(C)Oc3c(C)c(O)c4c(O)c(c(/C=N/N5CCN(C)CC5)c(O)c4c3C2=O)NC(=O)/C(C)=C\C=C\[C@H](C)[C@H](O)[C@@H](C)[C@@H](O)[C@@H](C)[C@H](OC(C)=O)[C@@H]1C,Results_004,16507,0,0,1,1,参考化合物有效条目超过 8 条；该值比组内最高 Activity Level 低至少 0.4，仅删除该记录
CO[C@H]1/C=C/O[C@@]2(C)Oc3c(C)c(O)c4c(O)c(c(/C=N/N5CCN(C)CC5)c(O)c4c3C2=O)NC(=O)/C(C)=C\C=C\[C@H](C)[C@H](O)[C@@H](C)[C@@H](O)[C@@H](C)[C@H](OC(C)=O)[C@@H]1C,Results_004,16508,0.4,0,1,1,参考化合物有效条目超过 8 条；该值比组内最高 Activity Level 低至少 0.4，仅删除该记录
CO[C@H]1/C=C/O[C@@]2(C)Oc3c(C)c(O)c4c(O)c(c(/C=N/N5CCN(C)CC5)c(O)c4c3C2=O)NC(=O)/C(C)=C\C=C\[C@H](C)[C@H](O)[C@@H](C)[C@@H](O)[C@@H](C)[C@H](OC(C)=O)[C@@H]1C,Results_004,17810,0.1,0,1,1,参考化合物有效条目超过 8 条；该值比组内最高 Activity Level 低至少 0.4，仅删除该记录
CO[C@H]1/C=C/O[C@@]2(C)Oc3c(C)c(O)c4c(O)c(c(/C=N/N5CCN(C)CC5)c(O)c4c3C2=O)NC(=O)/C(C)=C\C=C\[C@H](C)[C@H](O)[C@@H](C)[C@@H](O)[C@@H](C)[C@H](OC(C)=O)[C@@H]1C,Results_004,18524,0.2,0,1,1,参考化合物有效条目超过 8 条；该值比组内最高 Activity Level 低至少 0.4，仅删除该记录
CO[C@H]1/C=C/O[C@@]2(C)Oc3c(C)c(O)c4c(O)c(c(/C=N/N5CCN(C)CC5)c(O)c4c3C2=O)NC(=O)/C(C)=C\C=C\[C@H](C)[C@H](O)[C@@H](C)[C@@H](O)[C@@H](C)[C@H](OC(C)=O)[C@@H]1C,Results_004,18933,0.4,0,1,1,参考化合物有效条目超过 8 条；该值比组内最高 Activity Level 低至少 0.4，仅删除该记录
CO[C@H]1/C=C/O[C@@]2(C)Oc3c(C)c(O)c4c(O)c(c(/C=N/N5CCN(C)CC5)c(O)c4c3C2=O)NC(=O)/C(C)=C\C=C\[C@H](C)[C@H](O)[C@@H](C)[C@@H](O)[C@@H](C)[C@H](OC(C)=O)[C@@H]1C,Results_004,18944,0.4,0,1,1,参考化合物有效条目超过 8 条；该值比组内最高 Activity Level 低至少 0.4，仅删除该记录
CO[C@H]1/C=C/O[C@@]2(C)Oc3c(C)c(O)c4c(O)c(c(/C=N/N5CCN(C)CC5)c(O)c4c3C2=O)NC(=O)/C(C)=C\C=C\[C@H](C)[C@H](O)[C@@H](C)[C@@H](O)[C@@H](C)[C@H](OC(C)=O)[C@@H]1C,Results_004,19147,0.4,0,1,1,参考化合物有效条目超过 8 条；该值比组内最高 Activity Level 低至少 0.4，仅删除该记录
CO[C@H]1/C=C/O[C@@]2(C)Oc3c(C)c(O)c4c(O)c(c(/C=N/N5CCN(C)CC5)c(O)c4c3C2=O)NC(=O)/C(C)=C\C=C\[C@H](C)[C@H](O)[C@@H](C)[C@@H](O)[C@@H](C)[C@H](OC(C)=O)[C@@H]1C,Results_004,19195,0.4,0,1,1,参考化合物有效条目超过 8 条；该值比组内最高 Activity Level 低至少 0.4，仅删除该记录
CO[C@H]1/C=C/O[C@@]2(C)Oc3c(C)c(O)c4c(O)c(c(/C=N/N5CCN(C)CC5)c(O)c4c3C2=O)NC(=O)/C(C)=C\C=C\[C@H](C)[C@H](O)[C@@H](C)[C@@H](O)[C@@H](C)[C@H](OC(C)=O)[C@@H]1C,Results_005,617,0.4,0,1,1,参考化合物有效条目超过 8 条；该值比组内最高 Activity Level 低至少 0.4，仅删除该记录
CO[C@H]1/C=C/O[C@@]2(C)Oc3c(C)c(O)c4c(O)c(c(/C=N/N5CCN(C)CC5)c(O)c4c3C2=O)NC(=O)/C(C)=C\C=C\[C@H](C)[C@H](O)[C@@H](C)[C@@H](O)[C@@H](C)[C@H](OC(C)=O)[C@@H]1C,Results_005,618,0.4,0,1,1,参考化合物有效条目超过 8 条；该值比组内最高 Activity Level 低至少 0.4，仅删除该记录
CO[C@H]1/C=C/O[C@@]2(C)Oc3c(C)c(O)c4c(O)c(c(/C=N/N5CCN(C)CC5)c(O)c4c3C2=O)NC(=O)/C(C)=C\C=C\[C@H](C)[C@H](O)[C@@H](C)[C@@H](O)[C@@H](C)[C@H](OC(C)=O)[C@@H]1C,Results_005,619,0.4,0,1,1,参考化合物有效条目超过 8 条；该值比组内最高 Activity Level 低至少 0.4，仅删除该记录
CO[C@H]1/C=C/O[C@@]2(C)Oc3c(C)c(O)c4c(O)c(c(/C=N/N5CCN(C)CC5)c(O)c4c3C2=O)NC(=O)/C(C)=C\C=C\[C@H](C)[C@H](O)[C@@H](C)[C@@H](O)[C@@H](C)[C@H](OC(C)=O)[C@@H]1C,Results_005,659,0.1,0,1,1,参考化合物有效条目超过 8 条；该值比组内最高 Activity Level 低至少 0.4，仅删除该记录
CO[C@H]1/C=C/O[C@@]2(C)Oc3c(C)c(O)c4c(O)c(c(/C=N/N5CCN(C)CC5)c(O)c4c3C2=O)NC(=O)/C(C)=C\C=C\[C@H](C)[C@H](O)[C@@H](C)[C@@H](O)[C@@H](C)[C@H](OC(C)=O)[C@@H]1C,Results_005,660,0.1,0,1,1,参考化合物有效条目超过 8 条；该值比组内最高 Activity Level 低至少 0.4，仅删除该记录
CO[C@H]1/C=C/O[C@@]2(C)Oc3c(C)c(O)c4c(O)c(c(/C=N/N5CCN(C)CC5)c(O)c4c3C2=O)NC(=O)/C(C)=C\C=C\[C@H](C)[C@H](O)[C@@H](C)[C@@H](O)[C@@H](C)[C@H](OC(C)=O)[C@@H]1C,Results_005,844,0.6,0,1,1,参考化合物有效条目超过 8 条；该值比组内最高 Activity Level 低至少 0.4，仅删除该记录
CO[C@H]1/C=C/O[C@@]2(C)Oc3c(C)c(O)c4c(O)c(c(/C=N/N5CCN(C)CC5)c(O)c4c3C2=O)NC(=O)/C(C)=C\C=C\[C@H](C)[C@H](O)[C@@H](C)[C@@H](O)[C@@H](C)[C@H](OC(C)=O)[C@@H]1C,Results_005,846,0.6,0,1,1,参考化合物有效条目超过 8 条；该值比组内最高 Activity Level 低至少 0.4，仅删除该记录
CO[C@H]1/C=C/O[C@@]2(C)Oc3c(C)c(O)c4c(O)c(c(/C=N/N5CCN(C)CC5)c(O)c4c3C2=O)NC(=O)/C(C)=C\C=C\[C@H](C)[C@H](O)[C@@H](C)[C@@H](O)[C@@H](C)[C@H](OC(C)=O)[C@@H]1C,Results_005,1593,0.4,0,1,1,参考化合物有效条目超过 8 条；该值比组内最高 Activity Level 低至少 0.4，仅删除该记录
CO[C@H]1/C=C/O[C@@]2(C)Oc3c(C)c(O)c4c(O)c(c(/C=N/N5CCN(C)CC5)c(O)c4c3C2=O)NC(=O)/C(C)=C\C=C\[C@H](C)[C@H](O)[C@@H](C)[C@@H](O)[C@@H](C)[C@H](OC(C)=O)[C@@H]1C,Results_005,1594,0.4,0,1,1,参考化合物有效条目超过 8 条；该值比组内最高 Activity Level 低至少 0.4，仅删除该记录
CO[C@H]1/C=C/O[C@@]2(C)Oc3c(C)c(O)c4c(O)c(c(/C=N/N5CCN(C)CC5)c(O)c4c3C2=O)NC(=O)/C(C)=C\C=C\[C@H](C)[C@H](O)[C@@H](C)[C@@H](O)[C@@H](C)[C@H](OC(C)=O)[C@@H]1C,Results_005,1595,0.4,0,1,1,参考化合物有效条目超过 8 条；该值比组内最高 Activity Level 低至少 0.4，仅删除该记录
CO[C@H]1/C=C/O[C@@]2(C)Oc3c(C)c(O)c4c(O)c(c(/C=N/N5CCN(C)CC5)c(O)c4c3C2=O)NC(=O)/C(C)=C\C=C\[C@H](C)[C@H](O)[C@@H](C)[C@@H](O)[C@@H](C)[C@H](OC(C)=O)[C@@H]1C,Results_005,1756,0.2,0,1,1,参考化合物有效条目超过 8 条；该值比组内最高 Activity Level 低至少 0.4，仅删除该记录
CO[C@H]1/C=C/O[C@@]2(C)Oc3c(C)c(O)c4c(O)c(c(/C=N/N5CCN(C)CC5)c(O)c4c3C2=O)NC(=O)/C(C)=C\C=C\[C@H](C)[C@H](O)[C@@H](C)[C@@H](O)[C@@H](C)[C@H](OC(C)=O)[C@@H]1C,Results_005,2359,0.4,0,1,1,参考化合物有效条目超过 8 条；该值比组内最高 Activity Level 低至少 0.4，仅删除该记录
CO[C@H]1/C=C/O[C@@]2(C)Oc3c(C)c(O)c4c(O)c(c(/C=N/N5CCN(C)CC5)c(O)c4c3C2=O)NC(=O)/C(C)=C\C=C\[C@H](C)[C@H](O)[C@@H](C)[C@@H](O)[C@@H](C)[C@H](OC(C)=O)[C@@H]1C,Results_005,3049,0.1,0,1,1,参考化合物有效条目超过 8 条；该值比组内最高 Activity Level 低至少 0.4，仅删除该记录
CO[C@H]1/C=C/O[C@@]2(C)Oc3c(C)c(O)c4c(O)c(c(/C=N/N5CCN(C)CC5)c(O)c4c3C2=O)NC(=O)/C(C)=C\C=C\[C@H](C)[C@H](O)[C@@H](C)[C@@H](O)[C@@H](C)[C@H](OC(C)=O)[C@@H]1C,Results_005,3459,0.2,0,1,1,参考化合物有效条目超过 8 条；该值比组内最高 Activity Level 低至少 0.4，仅删除该记录
CO[C@H]1/C=C/O[C@@]2(C)Oc3c(C)c(O)c4c(O)c(c(/C=N/N5CCN(C)CC5)c(O)c4c3C2=O)NC(=O)/C(C)=C\C=C\[C@H](C)[C@H](O)[C@@H](C)[C@@H](O)[C@@H](C)[C@H](OC(C)=O)[C@@H]1C,Results_005,3554,0.1,0,1,1,参考化合物有效条目超过 8 条；该值比组内最高 Activity Level 低至少 0.4，仅删除该记录
CO[C@H]1/C=C/O[C@@]2(C)Oc3c(C)c(O)c4c(O)c(c(/C=N/N5CCN(C)CC5)c(O)c4c3C2=O)NC(=O)/C(C)=C\C=C\[C@H](C)[C@H](O)[C@@H](C)[C@@H](O)[C@@H](C)[C@H](OC(C)=O)[C@@H]1C,Results_005,3555,0.1,0,1,1,参考化合物有效条目超过 8 条；该值比组内最高 Activity Level 低至少 0.4，仅删除该记录
CO[C@H]1/C=C/O[C@@]2(C)Oc3c(C)c(O)c4c(O)c(c(/C=N/N5CCN(C)CC5)c(O)c4c3C2=O)NC(=O)/C(C)=C\C=C\[C@H](C)[C@H](O)[C@@H](C)[C@@H](O)[C@@H](C)[C@H](OC(C)=O)[C@@H]1C,Results_005,3556,0.1,0,1,1,参考化合物有效条目超过 8 条；该值比组内最高 Activity Level 低至少 0.4，仅删除该记录
CO[C@H]1/C=C/O[C@@]2(C)Oc3c(C)c(O)c4c(O)c(c(/C=N/N5CCN(C)CC5)c(O)c4c3C2=O)NC(=O)/C(C)=C\C=C\[C@H](C)[C@H](O)[C@@H](C)[C@@H](O)[C@@H](C)[C@H](OC(C)=O)[C@@H]1C,Results_005,3557,0.1,0,1,1,参考化合物有效条目超过 8 条；该值比组内最高 Activity Level 低至少 0.4，仅删除该记录
CO[C@H]1/C=C/O[C@@]2(C)Oc3c(C)c(O)c4c(O)c(c(/C=N/N5CCN(C)CC5)c(O)c4c3C2=O)NC(=O)/C(C)=C\C=C\[C@H](C)[C@H](O)[C@@H](C)[C@@H](O)[C@@H](C)[C@H](OC(C)=O)[C@@H]1C,Results_005,3558,0.1,0,1,1,参考化合物有效条目超过 8 条；该值比组内最高 Activity Level 低至少 0.4，仅删除该记录
CO[C@H]1/C=C/O[C@@]2(C)Oc3c(C)c(O)c4c(O)c(c(/C=N/N5CCN(C)CC5)c(O)c4c3C2=O)NC(=O)/C(C)=C\C=C\[C@H](C)[C@H](O)[C@@H](C)[C@@H](O)[C@@H](C)[C@H](OC(C)=O)[C@@H]1C,Results_005,3561,0.1,0,1,1,参考化合物有效条目超过 8 条；该值比组内最高 Activity Level 低至少 0.4，仅删除该记录
CO[C@H]1/C=C/O[C@@]2(C)Oc3c(C)c(O)c4c(O)c(c(/C=N/N5CCN(C)CC5)c(O)c4c3C2=O)NC(=O)/C(C)=C\C=C\[C@H](C)[C@H](O)[C@@H](C)[C@@H](O)[C@@H](C)[C@H](OC(C)=O)[C@@H]1C,Results_005,3562,0.1,0,1,1,参考化合物有效条目超过 8 条；该值比组内最高 Activity Level 低至少 0.4，仅删除该记录
CO[C@H]1/C=C/O[C@@]2(C)Oc3c(C)c(O)c4c(O)c(c(/C=N/N5CCN(C)CC5)c(O)c4c3C2=O)NC(=O)/C(C)=C\C=C\[C@H](C)[C@H](O)[C@@H](C)[C@@H](O)[C@@H](C)[C@H](OC(C)=O)[C@@H]1C,Results_005,3563,0.1,0,1,1,参考化合物有效条目超过 8 条；该值比组内最高 Activity Level 低至少 0.4，仅删除该记录
CO[C@H]1/C=C/O[C@@]2(C)Oc3c(C)c(O)c4c(O)c(c(/C=N/N5CCN(C)CC5)c(O)c4c3C2=O)NC(=O)/C(C)=C\C=C\[C@H](C)[C@H](O)[C@@H](C)[C@@H](O)[C@@H](C)[C@H](OC(C)=O)[C@@H]1C,Results_005,3565,0.2,0,1,1,参考化合物有效条目超过 8 条；该值比组内最高 Activity Level 低至少 0.4，仅删除该记录
CO[C@H]1/C=C/O[C@@]2(C)Oc3c(C)c(O)c4c(O)c(c(/C=N/N5CCN(C)CC5)c(O)c4c3C2=O)NC(=O)/C(C)=C\C=C\[C@H](C)[C@H](O)[C@@H](C)[C@@H](O)[C@@H](C)[C@H](OC(C)=O)[C@@H]1C,Results_005,3566,0.1,0,1,1,参考化合物有效条目超过 8 条；该值比组内最高 Activity Level 低至少 0.4，仅删除该记录
CO[C@H]1/C=C/O[C@@]2(C)Oc3c(C)c(O)c4c(O)c(c(/C=N/N5CCN(C)CC5)c(O)c4c3C2=O)NC(=O)/C(C)=C\C=C\[C@H](C)[C@H](O)[C@@H](C)[C@@H](O)[C@@H](C)[C@H](OC(C)=O)[C@@H]1C,Results_005,3567,0.1,0,1,1,参考化合物有效条目超过 8 条；该值比组内最高 Activity Level 低至少 0.4，仅删除该记录
CO[C@H]1/C=C/O[C@@]2(C)Oc3c(C)c(O)c4c(O)c(c(/C=N/N5CCN(C)CC5)c(O)c4c3C2=O)NC(=O)/C(C)=C\C=C\[C@H](C)[C@H](O)[C@@H](C)[C@@H](O)[C@@H](C)[C@H](OC(C)=O)[C@@H]1C,Results_005,3568,0.1,0,1,1,参考化合物有效条目超过 8 条；该值比组内最高 Activity Level 低至少 0.4，仅删除该记录
CO[C@H]1/C=C/O[C@@]2(C)Oc3c(C)c(O)c4c(O)c(c(/C=N/N5CCN(C)CC5)c(O)c4c3C2=O)NC(=O)/C(C)=C\C=C\[C@H](C)[C@H](O)[C@@H](C)[C@@H](O)[C@@H](C)[C@H](OC(C)=O)[C@@H]1C,Results_005,3570,0.1,0,1,1,参考化合物有效条目超过 8 条；该值比组内最高 Activity Level 低至少 0.4，仅删除该记录
CO[C@H]1/C=C/O[C@@]2(C)Oc3c(C)c(O)c4c(O)c(c(/C=N/N5CCN(C)CC5)c(O)c4c3C2=O)NC(=O)/C(C)=C\C=C\[C@H](C)[C@H](O)[C@@H](C)[C@@H](O)[C@@H](C)[C@H](OC(C)=O)[C@@H]1C,Results_005,3571,0.1,0,1,1,参考化合物有效条目超过 8 条；该值比组内最高 Activity Level 低至少 0.4，仅删除该记录
CO[C@H]1/C=C/O[C@@]2(C)Oc3c(C)c(O)c4c(O)c(c(/C=N/N5CCN(C)CC5)c(O)c4c3C2=O)NC(=O)/C(C)=C\C=C\[C@H](C)[C@H](O)[C@@H](C)[C@@H](O)[C@@H](C)[C@H](OC(C)=O)[C@@H]1C,Results_005,3572,0.1,0,1,1,参考化合物有效条目超过 8 条；该值比组内最高 Activity Level 低至少 0.4，仅删除该记录
CO[C@H]1/C=C/O[C@@]2(C)Oc3c(C)c(O)c4c(O)c(c(/C=N/N5CCN(C)CC5)c(O)c4c3C2=O)NC(=O)/C(C)=C\C=C\[C@H](C)[C@H](O)[C@@H](C)[C@@H](O)[C@@H](C)[C@H](OC(C)=O)[C@@H]1C,Results_005,3573,0.1,0,1,1,参考化合物有效条目超过 8 条；该值比组内最高 Activity Level 低至少 0.4，仅删除该记录
CO[C@H]1/C=C/O[C@@]2(C)Oc3c(C)c(O)c4c(O)c(c(/C=N/N5CCN(C)CC5)c(O)c4c3C2=O)NC(=O)/C(C)=C\C=C\[C@H](C)[C@H](O)[C@@H](C)[C@@H](O)[C@@H](C)[C@H](OC(C)=O)[C@@H]1C,Results_005,3575,0.1,0,1,1,参考化合物有效条目超过 8 条；该值比组内最高 Activity Level 低至少 0.4，仅删除该记录
CO[C@H]1/C=C/O[C@@]2(C)Oc3c(C)c(O)c4c(O)c(c(/C=N/N5CCN(C)CC5)c(O)c4c3C2=O)NC(=O)/C(C)=C\C=C\[C@H](C)[C@H](O)[C@@H](C)[C@@H](O)[C@@H](C)[C@H](OC(C)=O)[C@@H]1C,Results_005,3786,0.4,0,1,1,参考化合物有效条目超过 8 条；该值比组内最高 Activity Level 低至少 0.4，仅删除该记录
CO[C@H]1/C=C/O[C@@]2(C)Oc3c(C)c(O)c4c(O)c(c(/C=N/N5CCN(C)CC5)c(O)c4c3C2=O)NC(=O)/C(C)=C\C=C\[C@H](C)[C@H](O)[C@@H](C)[C@@H](O)[C@@H](C)[C@H](OC(C)=O)[C@@H]1C,Results_005,3932,0.6,0,1,1,参考化合物有效条目超过 8 条；该值比组内最高 Activity Level 低至少 0.4，仅删除该记录
CO[C@H]1/C=C/O[C@@]2(C)Oc3c(C)c(O)c4c(O)c(c(/C=N/N5CCN(C)CC5)c(O)c4c3C2=O)NC(=O)/C(C)=C\C=C\[C@H](C)[C@H](O)[C@@H](C)[C@@H](O)[C@@H](C)[C@H](OC(C)=O)[C@@H]1C,Results_005,3933,0,0,1,1,参考化合物有效条目超过 8 条；该值比组内最高 Activity Level 低至少 0.4，仅删除该记录
CO[C@H]1/C=C/O[C@@]2(C)Oc3c(C)c(O)c4c(O)c(c(/C=N/N5CCN(C)CC5)c(O)c4c3C2=O)NC(=O)/C(C)=C\C=C\[C@H](C)[C@H](O)[C@@H](C)[C@@H](O)[C@@H](C)[C@H](OC(C)=O)[C@@H]1C,Results_005,4848,0.6,0,1,1,参考化合物有效条目超过 8 条；该值比组内最高 Activity Level 低至少 0.4，仅删除该记录
CO[C@H]1/C=C/O[C@@]2(C)Oc3c(C)c(O)c4c(O)c(c(/C=N/N5CCN(C)CC5)c(O)c4c3C2=O)NC(=O)/C(C)=C\C=C\[C@H](C)[C@H](O)[C@@H](C)[C@@H](O)[C@@H](C)[C@H](OC(C)=O)[C@@H]1C,Results_005,4849,0.6,0,1,1,参考化合物有效条目超过 8 条；该值比组内最高 Activity Level 低至少 0.4，仅删除该记录
CO[C@H]1/C=C/O[C@@]2(C)Oc3c(C)c(O)c4c(O)c(c(/C=N/N5CCN(C)CC5)c(O)c4c3C2=O)NC(=O)/C(C)=C\C=C\[C@H](C)[C@H](O)[C@@H](C)[C@@H](O)[C@@H](C)[C@H](OC(C)=O)[C@@H]1C,Results_005,4850,0.6,0,1,1,参考化合物有效条目超过 8 条；该值比组内最高 Activity Level 低至少 0.4，仅删除该记录
CO[C@H]1/C=C/O[C@@]2(C)Oc3c(C)c(O)c4c(O)c(c(/C=N/N5CCN(C)CC5)c(O)c4c3C2=O)NC(=O)/C(C)=C\C=C\[C@H](C)[C@H](O)[C@@H](C)[C@@H](O)[C@@H](C)[C@H](OC(C)=O)[C@@H]1C,Results_005,4851,0.6,0,1,1,参考化合物有效条目超过 8 条；该值比组内最高 Activity Level 低至少 0.4，仅删除该记录
CO[C@H]1/C=C/O[C@@]2(C)Oc3c(C)c(O)c4c(O)c(c(/C=N/N5CCN(C)CC5)c(O)c4c3C2=O)NC(=O)/C(C)=C\C=C\[C@H](C)[C@H](O)[C@@H](C)[C@@H](O)[C@@H](C)[C@H](OC(C)=O)[C@@H]1C,Results_005,5210,0.6,0,1,1,参考化合物有效条目超过 8 条；该值比组内最高 Activity Level 低至少 0.4，仅删除该记录
CO[C@H]1/C=C/O[C@@]2(C)Oc3c(C)c(O)c4c(O)c(c(/C=N/N5CCN(C)CC5)c(O)c4c3C2=O)NC(=O)/C(C)=C\C=C\[C@H](C)[C@H](O)[C@@H](C)[C@@H](O)[C@@H](C)[C@H](OC(C)=O)[C@@H]1C,Results_005,5211,0.6,0,1,1,参考化合物有效条目超过 8 条；该值比组内最高 Activity Level 低至少 0.4，仅删除该记录
CO[C@H]1/C=C/O[C@@]2(C)Oc3c(C)c(O)c4c(O)c(c(/C=N/N5CCN(C)CC5)c(O)c4c3C2=O)NC(=O)/C(C)=C\C=C\[C@H](C)[C@H](O)[C@@H](C)[C@@H](O)[C@@H](C)[C@H](OC(C)=O)[C@@H]1C,Results_005,5212,0.6,0,1,1,参考化合物有效条目超过 8 条；该值比组内最高 Activity Level 低至少 0.4，仅删除该记录
CO[C@H]1/C=C/O[C@@]2(C)Oc3c(C)c(O)c4c(O)c(c(/C=N/N5CCN(C)CC5)c(O)c4c3C2=O)NC(=O)/C(C)=C\C=C\[C@H](C)[C@H](O)[C@@H](C)[C@@H](O)[C@@H](C)[C@H](OC(C)=O)[C@@H]1C,Results_005,5214,0.6,0,1,1,参考化合物有效条目超过 8 条；该值比组内最高 Activity Level 低至少 0.4，仅删除该记录
CO[C@H]1/C=C/O[C@@]2(C)Oc3c(C)c(O)c4c(O)c(c(/C=N/N5CCN(C)CC5)c(O)c4c3C2=O)NC(=O)/C(C)=C\C=C\[C@H](C)[C@H](O)[C@@H](C)[C@@H](O)[C@@H](C)[C@H](OC(C)=O)[C@@H]1C,Results_005,6016,0.6,0,1,1,参考化合物有效条目超过 8 条；该值比组内最高 Activity Level 低至少 0.4，仅删除该记录
CO[C@H]1/C=C/O[C@@]2(C)Oc3c(C)c(O)c4c(O)c(c(/C=N/N5CCN(C)CC5)c(O)c4c3C2=O)NC(=O)/C(C)=C\C=C\[C@H](C)[C@H](O)[C@@H](C)[C@@H](O)[C@@H](C)[C@H](OC(C)=O)[C@@H]1C,Results_005,6019,0.6,0,1,1,参考化合物有效条目超过 8 条；该值比组内最高 Activity Level 低至少 0.4，仅删除该记录
CO[C@H]1/C=C/O[C@@]2(C)Oc3c(C)c(O)c4c(O)c(c(/C=N/N5CCN(C)CC5)c(O)c4c3C2=O)NC(=O)/C(C)=C\C=C\[C@H](C)[C@H](O)[C@@H](C)[C@@H](O)[C@@H](C)[C@H](OC(C)=O)[C@@H]1C,Results_005,7022,0.5,0,1,1,参考化合物有效条目超过 8 条；该值比组内最高 Activity Level 低至少 0.4，仅删除该记录
CO[C@H]1/C=C/O[C@@]2(C)Oc3c(C)c(O)c4c(O)c(c(/C=N/N5CCN(C)CC5)c(O)c4c3C2=O)NC(=O)/C(C)=C\C=C\[C@H](C)[C@H](O)[C@@H](C)[C@@H](O)[C@@H](C)[C@H](OC(C)=O)[C@@H]1C,Results_005,8497,0.1,0,1,1,参考化合物有效条目超过 8 条；该值比组内最高 Activity Level 低至少 0.4，仅删除该记录
CO[C@H]1/C=C/O[C@@]2(C)Oc3c(C)c(O)c4c(O)c(c(/C=N/N5CCN(C)CC5)c(O)c4c3C2=O)NC(=O)/C(C)=C\C=C\[C@H](C)[C@H](O)[C@@H](C)[C@@H](O)[C@@H](C)[C@H](OC(C)=O)[C@@H]1C,Results_005,8498,0.1,0,1,1,参考化合物有效条目超过 8 条；该值比组内最高 Activity Level 低至少 0.4，仅删除该记录
CO[C@H]1/C=C/O[C@@]2(C)Oc3c(C)c(O)c4c(O)c(c(/C=N/N5CCN(C)CC5)c(O)c4c3C2=O)NC(=O)/C(C)=C\C=C\[C@H](C)[C@H](O)[C@@H](C)[C@@H](O)[C@@H](C)[C@H](OC(C)=O)[C@@H]1C,Results_005,8677,0.1,0,1,1,参考化合物有效条目超过 8 条；该值比组内最高 Activity Level 低至少 0.4，仅删除该记录
CO[C@H]1/C=C/O[C@@]2(C)Oc3c(C)c(O)c4c(O)c(c(/C=N/N5CCN(C)CC5)c(O)c4c3C2=O)NC(=O)/C(C)=C\C=C\[C@H](C)[C@H](O)[C@@H](C)[C@@H](O)[C@@H](C)[C@H](OC(C)=O)[C@@H]1C,Results_005,8941,0.6,0,1,1,参考化合物有效条目超过 8 条；该值比组内最高 Activity Level 低至少 0.4，仅删除该记录
CO[C@H]1/C=C/O[C@@]2(C)Oc3c(C)c(O)c4c(O)c(c(/C=N/N5CCN(C)CC5)c(O)c4c3C2=O)NC(=O)/C(C)=C\C=C\[C@H](C)[C@H](O)[C@@H](C)[C@@H](O)[C@@H](C)[C@H](OC(C)=O)[C@@H]1C,Results_005,9139,0.4,0,1,1,参考化合物有效条目超过 8 条；该值比组内最高 Activity Level 低至少 0.4，仅删除该记录
CO[C@H]1/C=C/O[C@@]2(C)Oc3c(C)c(O)c4c(O)c(c(/C=N/N5CCN(C)CC5)c(O)c4c3C2=O)NC(=O)/C(C)=C\C=C\[C@H](C)[C@H](O)[C@@H](C)[C@@H](O)[C@@H](C)[C@H](OC(C)=O)[C@@H]1C,Results_005,9140,0.4,0,1,1,参考化合物有效条目超过 8 条；该值比组内最高 Activity Level 低至少 0.4，仅删除该记录
CO[C@H]1/C=C/O[C@@]2(C)Oc3c(C)c(O)c4c(O)c(c(/C=N/N5CCN(C)CC5)c(O)c4c3C2=O)NC(=O)/C(C)=C\C=C\[C@H](C)[C@H](O)[C@@H](C)[C@@H](O)[C@@H](C)[C@H](OC(C)=O)[C@@H]1C,Results_005,9141,0.6,0,1,1,参考化合物有效条目超过 8 条；该值比组内最高 Activity Level 低至少 0.4，仅删除该记录
CO[C@H]1/C=C/O[C@@]2(C)Oc3c(C)c(O)c4c(O)c(c(/C=N/N5CCN(C)CC5)c(O)c4c3C2=O)NC(=O)/C(C)=C\C=C\[C@H](C)[C@H](O)[C@@H](C)[C@@H](O)[C@@H](C)[C@H](OC(C)=O)[C@@H]1C,Results_005,9658,0,0,1,1,参考化合物有效条目超过 8 条；该值比组内最高 Activity Level 低至少 0.4，仅删除该记录
CO[C@H]1/C=C/O[C@@]2(C)Oc3c(C)c(O)c4c(O)c(c(/C=N/N5CCN(C)CC5)c(O)c4c3C2=O)NC(=O)/C(C)=C\C=C\[C@H](C)[C@H](O)[C@@H](C)[C@@H](O)[C@@H](C)[C@H](OC(C)=O)[C@@H]1C,Results_005,9659,0,0,1,1,参考化合物有效条目超过 8 条；该值比组内最高 Activity Level 低至少 0.4，仅删除该记录
CO[C@H]1/C=C/O[C@@]2(C)Oc3c(C)c(O)c4c(O)c(c(/C=N/N5CCN(C)CC5)c(O)c4c3C2=O)NC(=O)/C(C)=C\C=C\[C@H](C)[C@H](O)[C@@H](C)[C@@H](O)[C@@H](C)[C@H](OC(C)=O)[C@@H]1C,Results_005,9661,0,0,1,1,参考化合物有效条目超过 8 条；该值比组内最高 Activity Level 低至少 0.4，仅删除该记录
CO[C@H]1/C=C/O[C@@]2(C)Oc3c(C)c(O)c4c(O)c(c(/C=N/N5CCN(C)CC5)c(O)c4c3C2=O)NC(=O)/C(C)=C\C=C\[C@H](C)[C@H](O)[C@@H](C)[C@@H](O)[C@@H](C)[C@H](OC(C)=O)[C@@H]1C,Results_005,10946,0.2,0,1,1,参考化合物有效条目超过 8 条；该值比组内最高 Activity Level 低至少 0.4，仅删除该记录
CO[C@H]1/C=C/O[C@@]2(C)Oc3c(C)c(O)c4c(O)c(c(/C=N/N5CCN(C)CC5)c(O)c4c3C2=O)NC(=O)/C(C)=C\C=C\[C@H](C)[C@H](O)[C@@H](C)[C@@H](O)[C@@H](C)[C@H](OC(C)=O)[C@@H]1C,Results_005,10974,0.2,0,1,1,参考化合物有效条目超过 8 条；该值比组内最高 Activity Level 低至少 0.4，仅删除该记录
CO[C@H]1/C=C/O[C@@]2(C)Oc3c(C)c(O)c4c(O)c(c(/C=N/N5CCN(C)CC5)c(O)c4c3C2=O)NC(=O)/C(C)=C\C=C\[C@H](C)[C@H](O)[C@@H](C)[C@@H](O)[C@@H](C)[C@H](OC(C)=O)[C@@H]1C,Results_005,11088,0.2,0,1,1,参考化合物有效条目超过 8 条；该值比组内最高 Activity Level 低至少 0.4，仅删除该记录
CO[C@H]1/C=C/O[C@@]2(C)Oc3c(C)c(O)c4c(O)c(c(/C=N/N5CCN(C)CC5)c(O)c4c3C2=O)NC(=O)/C(C)=C\C=C\[C@H](C)[C@H](O)[C@@H](C)[C@@H](O)[C@@H](C)[C@H](OC(C)=O)[C@@H]1C,Results_005,11316,0.6,0,1,1,参考化合物有效条目超过 8 条；该值比组内最高 Activity Level 低至少 0.4，仅删除该记录
CO[C@H]1/C=C/O[C@@]2(C)Oc3c(C)c(O)c4c(O)c(c(/C=N/N5CCN(C)CC5)c(O)c4c3C2=O)NC(=O)/C(C)=C\C=C\[C@H](C)[C@H](O)[C@@H](C)[C@@H](O)[C@@H](C)[C@H](OC(C)=O)[C@@H]1C,Results_005,11317,0.6,0,1,1,参考化合物有效条目超过 8 条；该值比组内最高 Activity Level 低至少 0.4，仅删除该记录
CO[C@H]1/C=C/O[C@@]2(C)Oc3c(C)c(O)c4c(O)c(c(/C=N/N5CCN(C)CC5)c(O)c4c3C2=O)NC(=O)/C(C)=C\C=C\[C@H](C)[C@H](O)[C@@H](C)[C@@H](O)[C@@H](C)[C@H](OC(C)=O)[C@@H]1C,Results_005,11318,0.6,0,1,1,参考化合物有效条目超过 8 条；该值比组内最高 Activity Level 低至少 0.4，仅删除该记录
CO[C@H]1/C=C/O[C@@]2(C)Oc3c(C)c(O)c4c(O)c(c(/C=N/N5CCN(C)CC5)c(O)c4c3C2=O)NC(=O)/C(C)=C\C=C\[C@H](C)[C@H](O)[C@@H](C)[C@@H](O)[C@@H](C)[C@H](OC(C)=O)[C@@H]1C,Results_005,11319,0.6,0,1,1,参考化合物有效条目超过 8 条；该值比组内最高 Activity Level 低至少 0.4，仅删除该记录
CO[C@H]1/C=C/O[C@@]2(C)Oc3c(C)c(O)c4c(O)c(c(/C=N/N5CCN(C)CC5)c(O)c4c3C2=O)NC(=O)/C(C)=C\C=C\[C@H](C)[C@H](O)[C@@H](C)[C@@H](O)[C@@H](C)[C@H](OC(C)=O)[C@@H]1C,Results_005,11320,0.6,0,1,1,参考化合物有效条目超过 8 条；该值比组内最高 Activity Level 低至少 0.4，仅删除该记录
CO[C@H]1/C=C/O[C@@]2(C)Oc3c(C)c(O)c4c(O)c(c(/C=N/N5CCN(C)CC5)c(O)c4c3C2=O)NC(=O)/C(C)=C\C=C\[C@H](C)[C@H](O)[C@@H](C)[C@@H](O)[C@@H](C)[C@H](OC(C)=O)[C@@H]1C,Results_005,11321,0.6,0,1,1,参考化合物有效条目超过 8 条；该值比组内最高 Activity Level 低至少 0.4，仅删除该记录
CO[C@H]1/C=C/O[C@@]2(C)Oc3c(C)c(O)c4c(O)c(c(/C=N/N5CCN(C)CC5)c(O)c4c3C2=O)NC(=O)/C(C)=C\C=C\[C@H](C)[C@H](O)[C@@H](C)[C@@H](O)[C@@H](C)[C@H](OC(C)=O)[C@@H]1C,Results_005,11322,0.6,0,1,1,参考化合物有效条目超过 8 条；该值比组内最高 Activity Level 低至少 0.4，仅删除该记录
CO[C@H]1/C=C/O[C@@]2(C)Oc3c(C)c(O)c4c(O)c(c(/C=N/N5CCN(C)CC5)c(O)c4c3C2=O)NC(=O)/C(C)=C\C=C\[C@H](C)[C@H](O)[C@@H](C)[C@@H](O)[C@@H](C)[C@H](OC(C)=O)[C@@H]1C,Results_005,11323,0.6,0,1,1,参考化合物有效条目超过 8 条；该值比组内最高 Activity Level 低至少 0.4，仅删除该记录
CO[C@H]1/C=C/O[C@@]2(C)Oc3c(C)c(O)c4c(O)c(c(/C=N/N5CCN(C)CC5)c(O)c4c3C2=O)NC(=O)/C(C)=C\C=C\[C@H](C)[C@H](O)[C@@H](C)[C@@H](O)[C@@H](C)[C@H](OC(C)=O)[C@@H]1C,Results_005,11324,0.6,0,1,1,参考化合物有效条目超过 8 条；该值比组内最高 Activity Level 低至少 0.4，仅删除该记录
CO[C@H]1/C=C/O[C@@]2(C)Oc3c(C)c(O)c4c(O)c(c(/C=N/N5CCN(C)CC5)c(O)c4c3C2=O)NC(=O)/C(C)=C\C=C\[C@H](C)[C@H](O)[C@@H](C)[C@@H](O)[C@@H](C)[C@H](OC(C)=O)[C@@H]1C,Results_005,11325,0.6,0,1,1,参考化合物有效条目超过 8 条；该值比组内最高 Activity Level 低至少 0.4，仅删除该记录
CO[C@H]1/C=C/O[C@@]2(C)Oc3c(C)c(O)c4c(O)c(c(/C=N/N5CCN(C)CC5)c(O)c4c3C2=O)NC(=O)/C(C)=C\C=C\[C@H](C)[C@H](O)[C@@H](C)[C@@H](O)[C@@H](C)[C@H](OC(C)=O)[C@@H]1C,Results_005,11419,0.25,0,1,1,参考化合物有效条目超过 8 条；该值比组内最高 Activity Level 低至少 0.4，仅删除该记录
CO[C@H]1/C=C/O[C@@]2(C)Oc3c(C)c(O)c4c(O)c(c(/C=N/N5CCN(C)CC5)c(O)c4c3C2=O)NC(=O)/C(C)=C\C=C\[C@H](C)[C@H](O)[C@@H](C)[C@@H](O)[C@@H](C)[C@H](OC(C)=O)[C@@H]1C,Results_005,11424,0,0,1,1,参考化合物有效条目超过 8 条；该值比组内最高 Activity Level 低至少 0.4，仅删除该记录
CO[C@H]1/C=C/O[C@@]2(C)Oc3c(C)c(O)c4c(O)c(c(/C=N/N5CCN(C)CC5)c(O)c4c3C2=O)NC(=O)/C(C)=C\C=C\[C@H](C)[C@H](O)[C@@H](C)[C@@H](O)[C@@H](C)[C@H](OC(C)=O)[C@@H]1C,Results_005,11425,0.4,0,1,1,参考化合物有效条目超过 8 条；该值比组内最高 Activity Level 低至少 0.4，仅删除该记录
CO[C@H]1/C=C/O[C@@]2(C)Oc3c(C)c(O)c4c(O)c(c(/C=N/N5CCN(C)CC5)c(O)c4c3C2=O)NC(=O)/C(C)=C\C=C\[C@H](C)[C@H](O)[C@@H](C)[C@@H](O)[C@@H](C)[C@H](OC(C)=O)[C@@H]1C,Results_005,11740,0.25,0,1,1,参考化合物有效条目超过 8 条；该值比组内最高 Activity Level 低至少 0.4，仅删除该记录
CO[C@H]1/C=C/O[C@@]2(C)Oc3c(C)c(O)c4c(O)c(c(/C=N/N5CCN(C)CC5)c(O)c4c3C2=O)NC(=O)/C(C)=C\C=C\[C@H](C)[C@H](O)[C@@H](C)[C@@H](O)[C@@H](C)[C@H](OC(C)=O)[C@@H]1C,Results_005,12166,0,0,1,1,参考化合物有效条目超过 8 条；该值比组内最高 Activity Level 低至少 0.4，仅删除该记录
CO[C@H]1/C=C/O[C@@]2(C)Oc3c(C)c(O)c4c(O)c(c(/C=N/N5CCN(C)CC5)c(O)c4c3C2=O)NC(=O)/C(C)=C\C=C\[C@H](C)[C@H](O)[C@@H](C)[C@@H](O)[C@@H](C)[C@H](OC(C)=O)[C@@H]1C,Results_005,12416,0.1,0,1,1,参考化合物有效条目超过 8 条；该值比组内最高 Activity Level 低至少 0.4，仅删除该记录
CO[C@H]1/C=C/O[C@@]2(C)Oc3c(C)c(O)c4c(O)c(c(/C=N/N5CCN(C)CC5)c(O)c4c3C2=O)NC(=O)/C(C)=C\C=C\[C@H](C)[C@H](O)[C@@H](C)[C@@H](O)[C@@H](C)[C@H](OC(C)=O)[C@@H]1C,Results_005,12583,0.4,0,1,1,参考化合物有效条目超过 8 条；该值比组内最高 Activity Level 低至少 0.4，仅删除该记录
CO[C@H]1/C=C/O[C@@]2(C)Oc3c(C)c(O)c4c(O)c(c(/C=N/N5CCN(C)CC5)c(O)c4c3C2=O)NC(=O)/C(C)=C\C=C\[C@H](C)[C@H](O)[C@@H](C)[C@@H](O)[C@@H](C)[C@H](OC(C)=O)[C@@H]1C,Results_005,12584,0.4,0,1,1,参考化合物有效条目超过 8 条；该值比组内最高 Activity Level 低至少 0.4，仅删除该记录
CO[C@H]1/C=C/O[C@@]2(C)Oc3c(C)c(O)c4c(O)c(c(/C=N/N5CCN(C)CC5)c(O)c4c3C2=O)NC(=O)/C(C)=C\C=C\[C@H](C)[C@H](O)[C@@H](C)[C@@H](O)[C@@H](C)[C@H](OC(C)=O)[C@@H]1C,Results_005,12586,0.4,0,1,1,参考化合物有效条目超过 8 条；该值比组内最高 Activity Level 低至少 0.4，仅删除该记录
CO[C@H]1/C=C/O[C@@]2(C)Oc3c(C)c(O)c4c(O)c(c(/C=N/N5CCN(C)CC5)c(O)c4c3C2=O)NC(=O)/C(C)=C\C=C\[C@H](C)[C@H](O)[C@@H](C)[C@@H](O)[C@@H](C)[C@H](OC(C)=O)[C@@H]1C,Results_005,12587,0.4,0,1,1,参考化合物有效条目超过 8 条；该值比组内最高 Activity Level 低至少 0.4，仅删除该记录
CO[C@H]1/C=C/O[C@@]2(C)Oc3c(C)c(O)c4c(O)c(c(/C=N/N5CCN(C)CC5)c(O)c4c3C2=O)NC(=O)/C(C)=C\C=C\[C@H](C)[C@H](O)[C@@H](C)[C@@H](O)[C@@H](C)[C@H](OC(C)=O)[C@@H]1C,Results_005,12589,0.4,0,1,1,参考化合物有效条目超过 8 条；该值比组内最高 Activity Level 低至少 0.4，仅删除该记录
CO[C@H]1/C=C/O[C@@]2(C)Oc3c(C)c(O)c4c(O)c(c(/C=N/N5CCN(C)CC5)c(O)c4c3C2=O)NC(=O)/C(C)=C\C=C\[C@H](C)[C@H](O)[C@@H](C)[C@@H](O)[C@@H](C)[C@H](OC(C)=O)[C@@H]1C,Results_005,12590,0.4,0,1,1,参考化合物有效条目超过 8 条；该值比组内最高 Activity Level 低至少 0.4，仅删除该记录
CO[C@H]1/C=C/O[C@@]2(C)Oc3c(C)c(O)c4c(O)c(c(/C=N/N5CCN(C)CC5)c(O)c4c3C2=O)NC(=O)/C(C)=C\C=C\[C@H](C)[C@H](O)[C@@H](C)[C@@H](O)[C@@H](C)[C@H](OC(C)=O)[C@@H]1C,Results_005,13061,0.6,0,1,1,参考化合物有效条目超过 8 条；该值比组内最高 Activity Level 低至少 0.4，仅删除该记录
CO[C@H]1/C=C/O[C@@]2(C)Oc3c(C)c(O)c4c(O)c(c(/C=N/N5CCN(C)CC5)c(O)c4c3C2=O)NC(=O)/C(C)=C\C=C\[C@H](C)[C@H](O)[C@@H](C)[C@@H](O)[C@@H](C)[C@H](OC(C)=O)[C@@H]1C,Results_005,13062,0.6,0,1,1,参考化合物有效条目超过 8 条；该值比组内最高 Activity Level 低至少 0.4，仅删除该记录
CO[C@H]1/C=C/O[C@@]2(C)Oc3c(C)c(O)c4c(O)c(c(/C=N/N5CCN(C)CC5)c(O)c4c3C2=O)NC(=O)/C(C)=C\C=C\[C@H](C)[C@H](O)[C@@H](C)[C@@H](O)[C@@H](C)[C@H](OC(C)=O)[C@@H]1C,Results_005,13390,0,0,1,1,参考化合物有效条目超过 8 条；该值比组内最高 Activity Level 低至少 0.4，仅删除该记录
CO[C@H]1/C=C/O[C@@]2(C)Oc3c(C)c(O)c4c(O)c(c(/C=N/N5CCN(C)CC5)c(O)c4c3C2=O)NC(=O)/C(C)=C\C=C\[C@H](C)[C@H](O)[C@@H](C)[C@@H](O)[C@@H](C)[C@H](OC(C)=O)[C@@H]1C,Results_005,13391,0.4,0,1,1,参考化合物有效条目超过 8 条；该值比组内最高 Activity Level 低至少 0.4，仅删除该记录
CO[C@H]1/C=C/O[C@@]2(C)Oc3c(C)c(O)c4c(O)c(c(/C=N/N5CCN(C)CC5)c(O)c4c3C2=O)NC(=O)/C(C)=C\C=C\[C@H](C)[C@H](O)[C@@H](C)[C@@H](O)[C@@H](C)[C@H](OC(C)=O)[C@@H]1C,Results_005,13613,0,0,1,1,参考化合物有效条目超过 8 条；该值比组内最高 Activity Level 低至少 0.4，仅删除该记录
CO[C@H]1/C=C/O[C@@]2(C)Oc3c(C)c(O)c4c(O)c(c(/C=N/N5CCN(C)CC5)c(O)c4c3C2=O)NC(=O)/C(C)=C\C=C\[C@H](C)[C@H](O)[C@@H](C)[C@@H](O)[C@@H](C)[C@H](OC(C)=O)[C@@H]1C,Results_005,13663,0.6,0,1,1,参考化合物有效条目超过 8 条；该值比组内最高 Activity Level 低至少 0.4，仅删除该记录
CO[C@H]1/C=C/O[C@@]2(C)Oc3c(C)c(O)c4c(O)c(c(/C=N/N5CCN(C)CC5)c(O)c4c3C2=O)NC(=O)/C(C)=C\C=C\[C@H](C)[C@H](O)[C@@H](C)[C@@H](O)[C@@H](C)[C@H](OC(C)=O)[C@@H]1C,Results_005,14209,0.4,0,1,1,参考化合物有效条目超过 8 条；该值比组内最高 Activity Level 低至少 0.4，仅删除该记录
CO[C@H]1/C=C/O[C@@]2(C)Oc3c(C)c(O)c4c(O)c(c(/C=N/N5CCN(C)CC5)c(O)c4c3C2=O)NC(=O)/C(C)=C\C=C\[C@H](C)[C@H](O)[C@@H](C)[C@@H](O)[C@@H](C)[C@H](OC(C)=O)[C@@H]1C,Results_005,14781,0.2,0,1,1,参考化合物有效条目超过 8 条；该值比组内最高 Activity Level 低至少 0.4，仅删除该记录
CO[C@H]1/C=C/O[C@@]2(C)Oc3c(C)c(O)c4c(O)c(c(/C=N/N5CCN(C)CC5)c(O)c4c3C2=O)NC(=O)/C(C)=C\C=C\[C@H](C)[C@H](O)[C@@H](C)[C@@H](O)[C@@H](C)[C@H](OC(C)=O)[C@@H]1C,Results_005,14786,0.2,0,1,1,参考化合物有效条目超过 8 条；该值比组内最高 Activity Level 低至少 0.4，仅删除该记录
CO[C@H]1/C=C/O[C@@]2(C)Oc3c(C)c(O)c4c(O)c(c(/C=N/N5CCN(C)CC5)c(O)c4c3C2=O)NC(=O)/C(C)=C\C=C\[C@H](C)[C@H](O)[C@@H](C)[C@@H](O)[C@@H](C)[C@H](OC(C)=O)[C@@H]1C,Results_005,14791,0.2,0,1,1,参考化合物有效条目超过 8 条；该值比组内最高 Activity Level 低至少 0.4，仅删除该记录
CO[C@H]1/C=C/O[C@@]2(C)Oc3c(C)c(O)c4c(O)c(c(/C=N/N5CCN(C)CC5)c(O)c4c3C2=O)NC(=O)/C(C)=C\C=C\[C@H](C)[C@H](O)[C@@H](C)[C@@H](O)[C@@H](C)[C@H](OC(C)=O)[C@@H]1C,Results_005,14796,0.2,0,1,1,参考化合物有效条目超过 8 条；该值比组内最高 Activity Level 低至少 0.4，仅删除该记录
CO[C@H]1/C=C/O[C@@]2(C)Oc3c(C)c(O)c4c(O)c(c(/C=N/N5CCN(C)CC5)c(O)c4c3C2=O)NC(=O)/C(C)=C\C=C\[C@H](C)[C@H](O)[C@@H](C)[C@@H](O)[C@@H](C)[C@H](OC(C)=O)[C@@H]1C,Results_005,14801,0.2,0,1,1,参考化合物有效条目超过 8 条；该值比组内最高 Activity Level 低至少 0.4，仅删除该记录
CO[C@H]1/C=C/O[C@@]2(C)Oc3c(C)c(O)c4c(O)c(c(/C=N/N5CCN(C)CC5)c(O)c4c3C2=O)NC(=O)/C(C)=C\C=C\[C@H](C)[C@H](O)[C@@H](C)[C@@H](O)[C@@H](C)[C@H](OC(C)=O)[C@@H]1C,Results_005,14811,0.2,0,1,1,参考化合物有效条目超过 8 条；该值比组内最高 Activity Level 低至少 0.4，仅删除该记录
CO[C@H]1/C=C/O[C@@]2(C)Oc3c(C)c(O)c4c(O)c(c(/C=N/N5CCN(C)CC5)c(O)c4c3C2=O)NC(=O)/C(C)=C\C=C\[C@H](C)[C@H](O)[C@@H](C)[C@@H](O)[C@@H](C)[C@H](OC(C)=O)[C@@H]1C,Results_005,14889,0.2,0,1,1,参考化合物有效条目超过 8 条；该值比组内最高 Activity Level 低至少 0.4，仅删除该记录
CO[C@H]1/C=C/O[C@@]2(C)Oc3c(C)c(O)c4c(O)c(c(/C=N/N5CCN(C)CC5)c(O)c4c3C2=O)NC(=O)/C(C)=C\C=C\[C@H](C)[C@H](O)[C@@H](C)[C@@H](O)[C@@H](C)[C@H](OC(C)=O)[C@@H]1C,Results_005,14890,0.2,0,1,1,参考化合物有效条目超过 8 条；该值比组内最高 Activity Level 低至少 0.4，仅删除该记录
CO[C@H]1/C=C/O[C@@]2(C)Oc3c(C)c(O)c4c(O)c(c(/C=N/N5CCN(C)CC5)c(O)c4c3C2=O)NC(=O)/C(C)=C\C=C\[C@H](C)[C@H](O)[C@@H](C)[C@@H](O)[C@@H](C)[C@H](OC(C)=O)[C@@H]1C,Results_005,14891,0.2,0,1,1,参考化合物有效条目超过 8 条；该值比组内最高 Activity Level 低至少 0.4，仅删除该记录
CO[C@H]1/C=C/O[C@@]2(C)Oc3c(C)c(O)c4c(O)c(c(/C=N/N5CCN(C)CC5)c(O)c4c3C2=O)NC(=O)/C(C)=C\C=C\[C@H](C)[C@H](O)[C@@H](C)[C@@H](O)[C@@H](C)[C@H](OC(C)=O)[C@@H]1C,Results_005,14892,0.2,0,1,1,参考化合物有效条目超过 8 条；该值比组内最高 Activity Level 低至少 0.4，仅删除该记录
CO[C@H]1/C=C/O[C@@]2(C)Oc3c(C)c(O)c4c(O)c(c(/C=N/N5CCN(C)CC5)c(O)c4c3C2=O)NC(=O)/C(C)=C\C=C\[C@H](C)[C@H](O)[C@@H](C)[C@@H](O)[C@@H](C)[C@H](OC(C)=O)[C@@H]1C,Results_005,14893,0.4,0,1,1,参考化合物有效条目超过 8 条；该值比组内最高 Activity Level 低至少 0.4，仅删除该记录
CO[C@H]1/C=C/O[C@@]2(C)Oc3c(C)c(O)c4c(O)c(c(/C=N/N5CCN(C)CC5)c(O)c4c3C2=O)NC(=O)/C(C)=C\C=C\[C@H](C)[C@H](O)[C@@H](C)[C@@H](O)[C@@H](C)[C@H](OC(C)=O)[C@@H]1C,Results_005,14894,0.6,0,1,1,参考化合物有效条目超过 8 条；该值比组内最高 Activity Level 低至少 0.4，仅删除该记录
CO[C@H]1/C=C/O[C@@]2(C)Oc3c(C)c(O)c4c(O)c(c(/C=N/N5CCN(C)CC5)c(O)c4c3C2=O)NC(=O)/C(C)=C\C=C\[C@H](C)[C@H](O)[C@@H](C)[C@@H](O)[C@@H](C)[C@H](OC(C)=O)[C@@H]1C,Results_005,15087,0.4,0,1,1,参考化合物有效条目超过 8 条；该值比组内最高 Activity Level 低至少 0.4，仅删除该记录
CO[C@H]1/C=C/O[C@@]2(C)Oc3c(C)c(O)c4c(O)c(c(/C=N/N5CCN(C)CC5)c(O)c4c3C2=O)NC(=O)/C(C)=C\C=C\[C@H](C)[C@H](O)[C@@H](C)[C@@H](O)[C@@H](C)[C@H](OC(C)=O)[C@@H]1C,Results_005,15088,0.2,0,1,1,参考化合物有效条目超过 8 条；该值比组内最高 Activity Level 低至少 0.4，仅删除该记录
CO[C@H]1/C=C/O[C@@]2(C)Oc3c(C)c(O)c4c(O)c(c(/C=N/N5CCN(C)CC5)c(O)c4c3C2=O)NC(=O)/C(C)=C\C=C\[C@H](C)[C@H](O)[C@@H](C)[C@@H](O)[C@@H](C)[C@H](OC(C)=O)[C@@H]1C,Results_005,16836,0.4,0,1,1,参考化合物有效条目超过 8 条；该值比组内最高 Activity Level 低至少 0.4，仅删除该记录
CO[C@H]1/C=C/O[C@@]2(C)Oc3c(C)c(O)c4c(O)c(c(/C=N/N5CCN(C)CC5)c(O)c4c3C2=O)NC(=O)/C(C)=C\C=C\[C@H](C)[C@H](O)[C@@H](C)[C@@H](O)[C@@H](C)[C@H](OC(C)=O)[C@@H]1C,Results_005,16838,0.4,0,1,1,参考化合物有效条目超过 8 条；该值比组内最高 Activity Level 低至少 0.4，仅删除该记录
CO[C@H]1/C=C/O[C@@]2(C)Oc3c(C)c(O)c4c(O)c(c(/C=N/N5CCN(C)CC5)c(O)c4c3C2=O)NC(=O)/C(C)=C\C=C\[C@H](C)[C@H](O)[C@@H](C)[C@@H](O)[C@@H](C)[C@H](OC(C)=O)[C@@H]1C,Results_005,17973,0.6,0,1,1,参考化合物有效条目超过 8 条；该值比组内最高 Activity Level 低至少 0.4，仅删除该记录
CO[C@H]1/C=C/O[C@@]2(C)Oc3c(C)c(O)c4c(O)c(c(/C=N/N5CCN(C)CC5)c(O)c4c3C2=O)NC(=O)/C(C)=C\C=C\[C@H](C)[C@H](O)[C@@H](C)[C@@H](O)[C@@H](C)[C@H](OC(C)=O)[C@@H]1C,Results_005,18778,0.4,0,1,1,参考化合物有效条目超过 8 条；该值比组内最高 Activity Level 低至少 0.4，仅删除该记录
CO[C@H]1/C=C/O[C@@]2(C)Oc3c(C)c(O)c4c(O)c(c(/C=N/N5CCN(C)CC5)c(O)c4c3C2=O)NC(=O)/C(C)=C\C=C\[C@H](C)[C@H](O)[C@@H](C)[C@@H](O)[C@@H](C)[C@H](OC(C)=O)[C@@H]1C,Results_005,18840,0.4,0,1,1,参考化合物有效条目超过 8 条；该值比组内最高 Activity Level 低至少 0.4，仅删除该记录
CO[C@H]1/C=C/O[C@@]2(C)Oc3c(C)c(O)c4c(O)c(c(/C=N/N5CCN(C)CC5)c(O)c4c3C2=O)NC(=O)/C(C)=C\C=C\[C@H](C)[C@H](O)[C@@H](C)[C@@H](O)[C@@H](C)[C@H](OC(C)=O)[C@@H]1C,Results_005,18849,0.4,0,1,1,参考化合物有效条目超过 8 条；该值比组内最高 Activity Level 低至少 0.4，仅删除该记录
CO[C@H]1/C=C/O[C@@]2(C)Oc3c(C)c(O)c4c(O)c(c(/C=N/N5CCN(C)CC5)c(O)c4c3C2=O)NC(=O)/C(C)=C\C=C\[C@H](C)[C@H](O)[C@@H](C)[C@@H](O)[C@@H](C)[C@H](OC(C)=O)[C@@H]1C,Results_006,287,0.4,0,1,1,参考化合物有效条目超过 8 条；该值比组内最高 Activity Level 低至少 0.4，仅删除该记录
CO[C@H]1/C=C/O[C@@]2(C)Oc3c(C)c(O)c4c(O)c(c(/C=N/N5CCN(C)CC5)c(O)c4c3C2=O)NC(=O)/C(C)=C\C=C\[C@H](C)[C@H](O)[C@@H](C)[C@@H](O)[C@@H](C)[C@H](OC(C)=O)[C@@H]1C,Results_006,734,0.6,0,1,1,参考化合物有效条目超过 8 条；该值比组内最高 Activity Level 低至少 0.4，仅删除该记录
CO[C@H]1/C=C/O[C@@]2(C)Oc3c(C)c(O)c4c(O)c(c(/C=N/N5CCN(C)CC5)c(O)c4c3C2=O)NC(=O)/C(C)=C\C=C\[C@H](C)[C@H](O)[C@@H](C)[C@@H](O)[C@@H](C)[C@H](OC(C)=O)[C@@H]1C,Results_006,735,0.6,0,1,1,参考化合物有效条目超过 8 条；该值比组内最高 Activity Level 低至少 0.4，仅删除该记录
CO[C@H]1/C=C/O[C@@]2(C)Oc3c(C)c(O)c4c(O)c(c(/C=N/N5CCN(C)CC5)c(O)c4c3C2=O)NC(=O)/C(C)=C\C=C\[C@H](C)[C@H](O)[C@@H](C)[C@@H](O)[C@@H](C)[C@H](OC(C)=O)[C@@H]1C,Results_006,1052,0.1,0,1,1,参考化合物有效条目超过 8 条；该值比组内最高 Activity Level 低至少 0.4，仅删除该记录
CO[C@H]1/C=C/O[C@@]2(C)Oc3c(C)c(O)c4c(O)c(c(/C=N/N5CCN(C)CC5)c(O)c4c3C2=O)NC(=O)/C(C)=C\C=C\[C@H](C)[C@H](O)[C@@H](C)[C@@H](O)[C@@H](C)[C@H](OC(C)=O)[C@@H]1C,Results_006,1053,0.1,0,1,1,参考化合物有效条目超过 8 条；该值比组内最高 Activity Level 低至少 0.4，仅删除该记录
CO[C@H]1/C=C/O[C@@]2(C)Oc3c(C)c(O)c4c(O)c(c(/C=N/N5CCN(C)CC5)c(O)c4c3C2=O)NC(=O)/C(C)=C\C=C\[C@H](C)[C@H](O)[C@@H](C)[C@@H](O)[C@@H](C)[C@H](OC(C)=O)[C@@H]1C,Results_006,1054,0.1,0,1,1,参考化合物有效条目超过 8 条；该值比组内最高 Activity Level 低至少 0.4，仅删除该记录
CO[C@H]1/C=C/O[C@@]2(C)Oc3c(C)c(O)c4c(O)c(c(/C=N/N5CCN(C)CC5)c(O)c4c3C2=O)NC(=O)/C(C)=C\C=C\[C@H](C)[C@H](O)[C@@H](C)[C@@H](O)[C@@H](C)[C@H](OC(C)=O)[C@@H]1C,Results_006,1055,0.1,0,1,1,参考化合物有效条目超过 8 条；该值比组内最高 Activity Level 低至少 0.4，仅删除该记录
CO[C@H]1/C=C/O[C@@]2(C)Oc3c(C)c(O)c4c(O)c(c(/C=N/N5CCN(C)CC5)c(O)c4c3C2=O)NC(=O)/C(C)=C\C=C\[C@H](C)[C@H](O)[C@@H](C)[C@@H](O)[C@@H](C)[C@H](OC(C)=O)[C@@H]1C,Results_006,1057,0.1,0,1,1,参考化合物有效条目超过 8 条；该值比组内最高 Activity Level 低至少 0.4，仅删除该记录
CO[C@H]1/C=C/O[C@@]2(C)Oc3c(C)c(O)c4c(O)c(c(/C=N/N5CCN(C)CC5)c(O)c4c3C2=O)NC(=O)/C(C)=C\C=C\[C@H](C)[C@H](O)[C@@H](C)[C@@H](O)[C@@H](C)[C@H](OC(C)=O)[C@@H]1C,Results_006,1058,0.1,0,1,1,参考化合物有效条目超过 8 条；该值比组内最高 Activity Level 低至少 0.4，仅删除该记录
CO[C@H]1/C=C/O[C@@]2(C)Oc3c(C)c(O)c4c(O)c(c(/C=N/N5CCN(C)CC5)c(O)c4c3C2=O)NC(=O)/C(C)=C\C=C\[C@H](C)[C@H](O)[C@@H](C)[C@@H](O)[C@@H](C)[C@H](OC(C)=O)[C@@H]1C,Results_006,1059,0.1,0,1,1,参考化合物有效条目超过 8 条；该值比组内最高 Activity Level 低至少 0.4，仅删除该记录
CO[C@H]1/C=C/O[C@@]2(C)Oc3c(C)c(O)c4c(O)c(c(/C=N/N5CCN(C)CC5)c(O)c4c3C2=O)NC(=O)/C(C)=C\C=C\[C@H](C)[C@H](O)[C@@H](C)[C@@H](O)[C@@H](C)[C@H](OC(C)=O)[C@@H]1C,Results_006,1060,0.1,0,1,1,参考化合物有效条目超过 8 条；该值比组内最高 Activity Level 低至少 0.4，仅删除该记录
CO[C@H]1/C=C/O[C@@]2(C)Oc3c(C)c(O)c4c(O)c(c(/C=N/N5CCN(C)CC5)c(O)c4c3C2=O)NC(=O)/C(C)=C\C=C\[C@H](C)[C@H](O)[C@@H](C)[C@@H](O)[C@@H](C)[C@H](OC(C)=O)[C@@H]1C,Results_006,1063,0.2,0,1,1,参考化合物有效条目超过 8 条；该值比组内最高 Activity Level 低至少 0.4，仅删除该记录
CO[C@H]1/C=C/O[C@@]2(C)Oc3c(C)c(O)c4c(O)c(c(/C=N/N5CCN(C)CC5)c(O)c4c3C2=O)NC(=O)/C(C)=C\C=C\[C@H](C)[C@H](O)[C@@H](C)[C@@H](O)[C@@H](C)[C@H](OC(C)=O)[C@@H]1C,Results_006,1064,0.1,0,1,1,参考化合物有效条目超过 8 条；该值比组内最高 Activity Level 低至少 0.4，仅删除该记录
CO[C@H]1/C=C/O[C@@]2(C)Oc3c(C)c(O)c4c(O)c(c(/C=N/N5CCN(C)CC5)c(O)c4c3C2=O)NC(=O)/C(C)=C\C=C\[C@H](C)[C@H](O)[C@@H](C)[C@@H](O)[C@@H](C)[C@H](OC(C)=O)[C@@H]1C,Results_006,1065,0.1,0,1,1,参考化合物有效条目超过 8 条；该值比组内最高 Activity Level 低至少 0.4，仅删除该记录
CO[C@H]1/C=C/O[C@@]2(C)Oc3c(C)c(O)c4c(O)c(c(/C=N/N5CCN(C)CC5)c(O)c4c3C2=O)NC(=O)/C(C)=C\C=C\[C@H](C)[C@H](O)[C@@H](C)[C@@H](O)[C@@H](C)[C@H](OC(C)=O)[C@@H]1C,Results_006,1066,0.1,0,1,1,参考化合物有效条目超过 8 条；该值比组内最高 Activity Level 低至少 0.4，仅删除该记录
CO[C@H]1/C=C/O[C@@]2(C)Oc3c(C)c(O)c4c(O)c(c(/C=N/N5CCN(C)CC5)c(O)c4c3C2=O)NC(=O)/C(C)=C\C=C\[C@H](C)[C@H](O)[C@@H](C)[C@@H](O)[C@@H](C)[C@H](OC(C)=O)[C@@H]1C,Results_006,1068,0.1,0,1,1,参考化合物有效条目超过 8 条；该值比组内最高 Activity Level 低至少 0.4，仅删除该记录
CO[C@H]1/C=C/O[C@@]2(C)Oc3c(C)c(O)c4c(O)c(c(/C=N/N5CCN(C)CC5)c(O)c4c3C2=O)NC(=O)/C(C)=C\C=C\[C@H](C)[C@H](O)[C@@H](C)[C@@H](O)[C@@H](C)[C@H](OC(C)=O)[C@@H]1C,Results_006,1069,0.2,0,1,1,参考化合物有效条目超过 8 条；该值比组内最高 Activity Level 低至少 0.4，仅删除该记录
CO[C@H]1/C=C/O[C@@]2(C)Oc3c(C)c(O)c4c(O)c(c(/C=N/N5CCN(C)CC5)c(O)c4c3C2=O)NC(=O)/C(C)=C\C=C\[C@H](C)[C@H](O)[C@@H](C)[C@@H](O)[C@@H](C)[C@H](OC(C)=O)[C@@H]1C,Results_006,1070,0.1,0,1,1,参考化合物有效条目超过 8 条；该值比组内最高 Activity Level 低至少 0.4，仅删除该记录
CO[C@H]1/C=C/O[C@@]2(C)Oc3c(C)c(O)c4c(O)c(c(/C=N/N5CCN(C)CC5)c(O)c4c3C2=O)NC(=O)/C(C)=C\C=C\[C@H](C)[C@H](O)[C@@H](C)[C@@H](O)[C@@H](C)[C@H](OC(C)=O)[C@@H]1C,Results_006,1071,0.1,0,1,1,参考化合物有效条目超过 8 条；该值比组内最高 Activity Level 低至少 0.4，仅删除该记录
CO[C@H]1/C=C/O[C@@]2(C)Oc3c(C)c(O)c4c(O)c(c(/C=N/N5CCN(C)CC5)c(O)c4c3C2=O)NC(=O)/C(C)=C\C=C\[C@H](C)[C@H](O)[C@@H](C)[C@@H](O)[C@@H](C)[C@H](OC(C)=O)[C@@H]1C,Results_006,1072,0.1,0,1,1,参考化合物有效条目超过 8 条；该值比组内最高 Activity Level 低至少 0.4，仅删除该记录
CO[C@H]1/C=C/O[C@@]2(C)Oc3c(C)c(O)c4c(O)c(c(/C=N/N5CCN(C)CC5)c(O)c4c3C2=O)NC(=O)/C(C)=C\C=C\[C@H](C)[C@H](O)[C@@H](C)[C@@H](O)[C@@H](C)[C@H](OC(C)=O)[C@@H]1C,Results_006,1074,0.1,0,1,1,参考化合物有效条目超过 8 条；该值比组内最高 Activity Level 低至少 0.4，仅删除该记录
CO[C@H]1/C=C/O[C@@]2(C)Oc3c(C)c(O)c4c(O)c(c(/C=N/N5CCN(C)CC5)c(O)c4c3C2=O)NC(=O)/C(C)=C\C=C\[C@H](C)[C@H](O)[C@@H](C)[C@@H](O)[C@@H](C)[C@H](OC(C)=O)[C@@H]1C,Results_006,1369,0.1,0,1,1,参考化合物有效条目超过 8 条；该值比组内最高 Activity Level 低至少 0.4，仅删除该记录
CO[C@H]1/C=C/O[C@@]2(C)Oc3c(C)c(O)c4c(O)c(c(/C=N/N5CCN(C)CC5)c(O)c4c3C2=O)NC(=O)/C(C)=C\C=C\[C@H](C)[C@H](O)[C@@H](C)[C@@H](O)[C@@H](C)[C@H](OC(C)=O)[C@@H]1C,Results_006,1649,0.6,0,1,1,参考化合物有效条目超过 8 条；该值比组内最高 Activity Level 低至少 0.4，仅删除该记录
CO[C@H]1/C=C/O[C@@]2(C)Oc3c(C)c(O)c4c(O)c(c(/C=N/N5CCN(C)CC5)c(O)c4c3C2=O)NC(=O)/C(C)=C\C=C\[C@H](C)[C@H](O)[C@@H](C)[C@@H](O)[C@@H](C)[C@H](OC(C)=O)[C@@H]1C,Results_006,1650,0.6,0,1,1,参考化合物有效条目超过 8 条；该值比组内最高 Activity Level 低至少 0.4，仅删除该记录
CO[C@H]1/C=C/O[C@@]2(C)Oc3c(C)c(O)c4c(O)c(c(/C=N/N5CCN(C)CC5)c(O)c4c3C2=O)NC(=O)/C(C)=C\C=C\[C@H](C)[C@H](O)[C@@H](C)[C@@H](O)[C@@H](C)[C@H](OC(C)=O)[C@@H]1C,Results_006,1651,0.6,0,1,1,参考化合物有效条目超过 8 条；该值比组内最高 Activity Level 低至少 0.4，仅删除该记录
CO[C@H]1/C=C/O[C@@]2(C)Oc3c(C)c(O)c4c(O)c(c(/C=N/N5CCN(C)CC5)c(O)c4c3C2=O)NC(=O)/C(C)=C\C=C\[C@H](C)[C@H](O)[C@@H](C)[C@@H](O)[C@@H](C)[C@H](OC(C)=O)[C@@H]1C,Results_006,1652,0.6,0,1,1,参考化合物有效条目超过 8 条；该值比组内最高 Activity Level 低至少 0.4，仅删除该记录
CO[C@H]1/C=C/O[C@@]2(C)Oc3c(C)c(O)c4c(O)c(c(/C=N/N5CCN(C)CC5)c(O)c4c3C2=O)NC(=O)/C(C)=C\C=C\[C@H](C)[C@H](O)[C@@H](C)[C@@H](O)[C@@H](C)[C@H](OC(C)=O)[C@@H]1C,Results_006,1653,0.6,0,1,1,参考化合物有效条目超过 8 条；该值比组内最高 Activity Level 低至少 0.4，仅删除该记录
CO[C@H]1/C=C/O[C@@]2(C)Oc3c(C)c(O)c4c(O)c(c(/C=N/N5CCN(C)CC5)c(O)c4c3C2=O)NC(=O)/C(C)=C\C=C\[C@H](C)[C@H](O)[C@@H](C)[C@@H](O)[C@@H](C)[C@H](OC(C)=O)[C@@H]1C,Results_006,1654,0.6,0,1,1,参考化合物有效条目超过 8 条；该值比组内最高 Activity Level 低至少 0.4，仅删除该记录
CO[C@H]1/C=C/O[C@@]2(C)Oc3c(C)c(O)c4c(O)c(c(/C=N/N5CCN(C)CC5)c(O)c4c3C2=O)NC(=O)/C(C)=C\C=C\[C@H](C)[C@H](O)[C@@H](C)[C@@H](O)[C@@H](C)[C@H](OC(C)=O)[C@@H]1C,Results_006,3623,0.4,0,1,1,参考化合物有效条目超过 8 条；该值比组内最高 Activity Level 低至少 0.4，仅删除该记录
CO[C@H]1/C=C/O[C@@]2(C)Oc3c(C)c(O)c4c(O)c(c(/C=N/N5CCN(C)CC5)c(O)c4c3C2=O)NC(=O)/C(C)=C\C=C\[C@H](C)[C@H](O)[C@@H](C)[C@@H](O)[C@@H](C)[C@H](OC(C)=O)[C@@H]1C,Results_006,3758,0,0,1,1,参考化合物有效条目超过 8 条；该值比组内最高 Activity Level 低至少 0.4，仅删除该记录
CO[C@H]1/C=C/O[C@@]2(C)Oc3c(C)c(O)c4c(O)c(c(/C=N/N5CCN(C)CC5)c(O)c4c3C2=O)NC(=O)/C(C)=C\C=C\[C@H](C)[C@H](O)[C@@H](C)[C@@H](O)[C@@H](C)[C@H](OC(C)=O)[C@@H]1C,Results_006,3797,0,0,1,1,参考化合物有效条目超过 8 条；该值比组内最高 Activity Level 低至少 0.4，仅删除该记录
CO[C@H]1/C=C/O[C@@]2(C)Oc3c(C)c(O)c4c(O)c(c(/C=N/N5CCN(C)CC5)c(O)c4c3C2=O)NC(=O)/C(C)=C\C=C\[C@H](C)[C@H](O)[C@@H](C)[C@@H](O)[C@@H](C)[C@H](OC(C)=O)[C@@H]1C,Results_006,4020,0.4,0,1,1,参考化合物有效条目超过 8 条；该值比组内最高 Activity Level 低至少 0.4，仅删除该记录
NNC(=O)c1ccncc1,Results_001,264,0,0,1,1,参考化合物有效条目超过 8 条；该值比组内最高 Activity Level 低至少 0.4，仅删除该记录
NNC(=O)c1ccncc1,Results_001,288,0,0,1,1,参考化合物有效条目超过 8 条；该值比组内最高 Activity Level 低至少 0.4，仅删除该记录
NNC(=O)c1ccncc1,Results_001,332,0,0,1,1,参考化合物有效条目超过 8 条；该值比组内最高 Activity Level 低至少 0.4，仅删除该记录
NNC(=O)c1ccncc1,Results_001,359,0,0,1,1,参考化合物有效条目超过 8 条；该值比组内最高 Activity Level 低至少 0.4，仅删除该记录
NNC(=O)c1ccncc1,Results_001,360,0,0,1,1,参考化合物有效条目超过 8 条；该值比组内最高 Activity Level 低至少 0.4，仅删除该记录
NNC(=O)c1ccncc1,Results_001,397,0,0,1,1,参考化合物有效条目超过 8 条；该值比组内最高 Activity Level 低至少 0.4，仅删除该记录
NNC(=O)c1ccncc1,Results_001,1036,0.2,0,1,1,参考化合物有效条目超过 8 条；该值比组内最高 Activity Level 低至少 0.4，仅删除该记录
NNC(=O)c1ccncc1,Results_001,1077,0,0,1,1,参考化合物有效条目超过 8 条；该值比组内最高 Activity Level 低至少 0.4，仅删除该记录
NNC(=O)c1ccncc1,Results_001,1166,0.1,0,1,1,参考化合物有效条目超过 8 条；该值比组内最高 Activity Level 低至少 0.4，仅删除该记录
NNC(=O)c1ccncc1,Results_001,1253,0,0,1,1,参考化合物有效条目超过 8 条；该值比组内最高 Activity Level 低至少 0.4，仅删除该记录
NNC(=O)c1ccncc1,Results_001,1554,0,0,1,1,参考化合物有效条目超过 8 条；该值比组内最高 Activity Level 低至少 0.4，仅删除该记录
NNC(=O)c1ccncc1,Results_001,2020,0,0,1,1,参考化合物有效条目超过 8 条；该值比组内最高 Activity Level 低至少 0.4，仅删除该记录
NNC(=O)c1ccncc1,Results_001,2073,0.6,0,1,1,参考化合物有效条目超过 8 条；该值比组内最高 Activity Level 低至少 0.4，仅删除该记录
NNC(=O)c1ccncc1,Results_001,2074,0.6,0,1,1,参考化合物有效条目超过 8 条；该值比组内最高 Activity Level 低至少 0.4，仅删除该记录
NNC(=O)c1ccncc1,Results_001,2160,0.2,0,1,1,参考化合物有效条目超过 8 条；该值比组内最高 Activity Level 低至少 0.4，仅删除该记录
NNC(=O)c1ccncc1,Results_001,2199,0.6,0,1,1,参考化合物有效条目超过 8 条；该值比组内最高 Activity Level 低至少 0.4，仅删除该记录
NNC(=O)c1ccncc1,Results_001,2871,0.1,0,1,1,参考化合物有效条目超过 8 条；该值比组内最高 Activity Level 低至少 0.4，仅删除该记录
NNC(=O)c1ccncc1,Results_001,2872,0.1,0,1,1,参考化合物有效条目超过 8 条；该值比组内最高 Activity Level 低至少 0.4，仅删除该记录
NNC(=O)c1ccncc1,Results_001,2873,0.1,0,1,1,参考化合物有效条目超过 8 条；该值比组内最高 Activity Level 低至少 0.4，仅删除该记录
NNC(=O)c1ccncc1,Results_001,2874,0,0,1,1,参考化合物有效条目超过 8 条；该值比组内最高 Activity Level 低至少 0.4，仅删除该记录
NNC(=O)c1ccncc1,Results_001,2875,0.1,0,1,1,参考化合物有效条目超过 8 条；该值比组内最高 Activity Level 低至少 0.4，仅删除该记录
NNC(=O)c1ccncc1,Results_001,3474,0,0,1,1,参考化合物有效条目超过 8 条；该值比组内最高 Activity Level 低至少 0.4，仅删除该记录
NNC(=O)c1ccncc1,Results_001,3515,0,0,1,1,参考化合物有效条目超过 8 条；该值比组内最高 Activity Level 低至少 0.4，仅删除该记录
NNC(=O)c1ccncc1,Results_001,3516,0,0,1,1,参考化合物有效条目超过 8 条；该值比组内最高 Activity Level 低至少 0.4，仅删除该记录
NNC(=O)c1ccncc1,Results_001,3609,0.6,0,1,1,参考化合物有效条目超过 8 条；该值比组内最高 Activity Level 低至少 0.4，仅删除该记录
NNC(=O)c1ccncc1,Results_001,3610,0.2,0,1,1,参考化合物有效条目超过 8 条；该值比组内最高 Activity Level 低至少 0.4，仅删除该记录
NNC(=O)c1ccncc1,Results_001,3893,0.2,0,1,1,参考化合物有效条目超过 8 条；该值比组内最高 Activity Level 低至少 0.4，仅删除该记录
NNC(=O)c1ccncc1,Results_001,3894,0.2,0,1,1,参考化合物有效条目超过 8 条；该值比组内最高 Activity Level 低至少 0.4，仅删除该记录
NNC(=O)c1ccncc1,Results_001,3895,0.2,0,1,1,参考化合物有效条目超过 8 条；该值比组内最高 Activity Level 低至少 0.4，仅删除该记录
NNC(=O)c1ccncc1,Results_001,4394,0.1,0,1,1,参考化合物有效条目超过 8 条；该值比组内最高 Activity Level 低至少 0.4，仅删除该记录
NNC(=O)c1ccncc1,Results_001,4589,0,0,1,1,参考化合物有效条目超过 8 条；该值比组内最高 Activity Level 低至少 0.4，仅删除该记录
NNC(=O)c1ccncc1,Results_001,4648,0.6,0,1,1,参考化合物有效条目超过 8 条；该值比组内最高 Activity Level 低至少 0.4，仅删除该记录
NNC(=O)c1ccncc1,Results_001,4649,0.6,0,1,1,参考化合物有效条目超过 8 条；该值比组内最高 Activity Level 低至少 0.4，仅删除该记录
NNC(=O)c1ccncc1,Results_001,4861,0.4,0,1,1,参考化合物有效条目超过 8 条；该值比组内最高 Activity Level 低至少 0.4，仅删除该记录
NNC(=O)c1ccncc1,Results_001,4944,0.2,0,1,1,参考化合物有效条目超过 8 条；该值比组内最高 Activity Level 低至少 0.4，仅删除该记录
NNC(=O)c1ccncc1,Results_001,4945,0.2,0,1,1,参考化合物有效条目超过 8 条；该值比组内最高 Activity Level 低至少 0.4，仅删除该记录
NNC(=O)c1ccncc1,Results_001,4946,0.1,0,1,1,参考化合物有效条目超过 8 条；该值比组内最高 Activity Level 低至少 0.4，仅删除该记录
NNC(=O)c1ccncc1,Results_001,4997,0.4,0,1,1,参考化合物有效条目超过 8 条；该值比组内最高 Activity Level 低至少 0.4，仅删除该记录
NNC(=O)c1ccncc1,Results_001,4998,0.4,0,1,1,参考化合物有效条目超过 8 条；该值比组内最高 Activity Level 低至少 0.4，仅删除该记录
NNC(=O)c1ccncc1,Results_001,5407,0.6,0,1,1,参考化合物有效条目超过 8 条；该值比组内最高 Activity Level 低至少 0.4，仅删除该记录
NNC(=O)c1ccncc1,Results_001,5545,0,0,1,1,参考化合物有效条目超过 8 条；该值比组内最高 Activity Level 低至少 0.4，仅删除该记录
NNC(=O)c1ccncc1,Results_001,5617,0.4,0,1,1,参考化合物有效条目超过 8 条；该值比组内最高 Activity Level 低至少 0.4，仅删除该记录
NNC(=O)c1ccncc1,Results_001,5618,0.4,0,1,1,参考化合物有效条目超过 8 条；该值比组内最高 Activity Level 低至少 0.4，仅删除该记录
NNC(=O)c1ccncc1,Results_001,5689,0,0,1,1,参考化合物有效条目超过 8 条；该值比组内最高 Activity Level 低至少 0.4，仅删除该记录
NNC(=O)c1ccncc1,Results_001,5863,0.2,0,1,1,参考化合物有效条目超过 8 条；该值比组内最高 Activity Level 低至少 0.4，仅删除该记录
NNC(=O)c1ccncc1,Results_001,5864,0.2,0,1,1,参考化合物有效条目超过 8 条；该值比组内最高 Activity Level 低至少 0.4，仅删除该记录
NNC(=O)c1ccncc1,Results_001,5865,0.6,0,1,1,参考化合物有效条目超过 8 条；该值比组内最高 Activity Level 低至少 0.4，仅删除该记录
NNC(=O)c1ccncc1,Results_001,5964,0.2,0,1,1,参考化合物有效条目超过 8 条；该值比组内最高 Activity Level 低至少 0.4，仅删除该记录
NNC(=O)c1ccncc1,Results_001,6207,0.6,0,1,1,参考化合物有效条目超过 8 条；该值比组内最高 Activity Level 低至少 0.4，仅删除该记录
NNC(=O)c1ccncc1,Results_001,6208,0.6,0,1,1,参考化合物有效条目超过 8 条；该值比组内最高 Activity Level 低至少 0.4，仅删除该记录
NNC(=O)c1ccncc1,Results_001,6209,0.4,0,1,1,参考化合物有效条目超过 8 条；该值比组内最高 Activity Level 低至少 0.4，仅删除该记录
NNC(=O)c1ccncc1,Results_001,6258,0.6,0,1,1,参考化合物有效条目超过 8 条；该值比组内最高 Activity Level 低至少 0.4，仅删除该记录
NNC(=O)c1ccncc1,Results_001,6674,0.6,0,1,1,参考化合物有效条目超过 8 条；该值比组内最高 Activity Level 低至少 0.4，仅删除该记录
NNC(=O)c1ccncc1,Results_001,6675,0.6,0,1,1,参考化合物有效条目超过 8 条；该值比组内最高 Activity Level 低至少 0.4，仅删除该记录
NNC(=O)c1ccncc1,Results_001,6676,0.6,0,1,1,参考化合物有效条目超过 8 条；该值比组内最高 Activity Level 低至少 0.4，仅删除该记录
NNC(=O)c1ccncc1,Results_001,6677,0.6,0,1,1,参考化合物有效条目超过 8 条；该值比组内最高 Activity Level 低至少 0.4，仅删除该记录
NNC(=O)c1ccncc1,Results_001,6678,0.6,0,1,1,参考化合物有效条目超过 8 条；该值比组内最高 Activity Level 低至少 0.4，仅删除该记录
NNC(=O)c1ccncc1,Results_001,7044,0.6,0,1,1,参考化合物有效条目超过 8 条；该值比组内最高 Activity Level 低至少 0.4，仅删除该记录
NNC(=O)c1ccncc1,Results_001,7046,0.6,0,1,1,参考化合物有效条目超过 8 条；该值比组内最高 Activity Level 低至少 0.4，仅删除该记录
NNC(=O)c1ccncc1,Results_001,7048,0.6,0,1,1,参考化合物有效条目超过 8 条；该值比组内最高 Activity Level 低至少 0.4，仅删除该记录
NNC(=O)c1ccncc1,Results_001,7050,0.6,0,1,1,参考化合物有效条目超过 8 条；该值比组内最高 Activity Level 低至少 0.4，仅删除该记录
NNC(=O)c1ccncc1,Results_001,7400,0.2,0,1,1,参考化合物有效条目超过 8 条；该值比组内最高 Activity Level 低至少 0.4，仅删除该记录
NNC(=O)c1ccncc1,Results_001,7401,0.2,0,1,1,参考化合物有效条目超过 8 条；该值比组内最高 Activity Level 低至少 0.4，仅删除该记录
NNC(=O)c1ccncc1,Results_001,7770,0.4,0,1,1,参考化合物有效条目超过 8 条；该值比组内最高 Activity Level 低至少 0.4，仅删除该记录
NNC(=O)c1ccncc1,Results_001,8276,0.2,0,1,1,参考化合物有效条目超过 8 条；该值比组内最高 Activity Level 低至少 0.4，仅删除该记录
NNC(=O)c1ccncc1,Results_001,8556,0.6,0,1,1,参考化合物有效条目超过 8 条；该值比组内最高 Activity Level 低至少 0.4，仅删除该记录
NNC(=O)c1ccncc1,Results_001,8935,0.4,0,1,1,参考化合物有效条目超过 8 条；该值比组内最高 Activity Level 低至少 0.4，仅删除该记录
NNC(=O)c1ccncc1,Results_001,9124,0.4,0,1,1,参考化合物有效条目超过 8 条；该值比组内最高 Activity Level 低至少 0.4，仅删除该记录
NNC(=O)c1ccncc1,Results_001,9128,0.6,0,1,1,参考化合物有效条目超过 8 条；该值比组内最高 Activity Level 低至少 0.4，仅删除该记录
NNC(=O)c1ccncc1,Results_001,9314,0.1,0,1,1,参考化合物有效条目超过 8 条；该值比组内最高 Activity Level 低至少 0.4，仅删除该记录
NNC(=O)c1ccncc1,Results_001,9469,0.2,0,1,1,参考化合物有效条目超过 8 条；该值比组内最高 Activity Level 低至少 0.4，仅删除该记录
NNC(=O)c1ccncc1,Results_001,9783,0,0,1,1,参考化合物有效条目超过 8 条；该值比组内最高 Activity Level 低至少 0.4，仅删除该记录
NNC(=O)c1ccncc1,Results_001,9784,0,0,1,1,参考化合物有效条目超过 8 条；该值比组内最高 Activity Level 低至少 0.4，仅删除该记录
NNC(=O)c1ccncc1,Results_001,9997,0,0,1,1,参考化合物有效条目超过 8 条；该值比组内最高 Activity Level 低至少 0.4，仅删除该记录
NNC(=O)c1ccncc1,Results_001,10217,0.6,0,1,1,参考化合物有效条目超过 8 条；该值比组内最高 Activity Level 低至少 0.4，仅删除该记录
NNC(=O)c1ccncc1,Results_001,10218,0.6,0,1,1,参考化合物有效条目超过 8 条；该值比组内最高 Activity Level 低至少 0.4，仅删除该记录
NNC(=O)c1ccncc1,Results_001,10219,0.6,0,1,1,参考化合物有效条目超过 8 条；该值比组内最高 Activity Level 低至少 0.4，仅删除该记录
NNC(=O)c1ccncc1,Results_001,10220,0,0,1,1,参考化合物有效条目超过 8 条；该值比组内最高 Activity Level 低至少 0.4，仅删除该记录
NNC(=O)c1ccncc1,Results_001,10221,0.1,0,1,1,参考化合物有效条目超过 8 条；该值比组内最高 Activity Level 低至少 0.4，仅删除该记录
NNC(=O)c1ccncc1,Results_001,10842,0.1,0,1,1,参考化合物有效条目超过 8 条；该值比组内最高 Activity Level 低至少 0.4，仅删除该记录
NNC(=O)c1ccncc1,Results_001,10843,0.2,0,1,1,参考化合物有效条目超过 8 条；该值比组内最高 Activity Level 低至少 0.4，仅删除该记录
NNC(=O)c1ccncc1,Results_001,10844,0.2,0,1,1,参考化合物有效条目超过 8 条；该值比组内最高 Activity Level 低至少 0.4，仅删除该记录
NNC(=O)c1ccncc1,Results_001,10845,0.1,0,1,1,参考化合物有效条目超过 8 条；该值比组内最高 Activity Level 低至少 0.4，仅删除该记录
NNC(=O)c1ccncc1,Results_001,10963,0.4,0,1,1,参考化合物有效条目超过 8 条；该值比组内最高 Activity Level 低至少 0.4，仅删除该记录
NNC(=O)c1ccncc1,Results_001,10964,0.4,0,1,1,参考化合物有效条目超过 8 条；该值比组内最高 Activity Level 低至少 0.4，仅删除该记录
NNC(=O)c1ccncc1,Results_001,10965,0.4,0,1,1,参考化合物有效条目超过 8 条；该值比组内最高 Activity Level 低至少 0.4，仅删除该记录
NNC(=O)c1ccncc1,Results_001,10966,0.4,0,1,1,参考化合物有效条目超过 8 条；该值比组内最高 Activity Level 低至少 0.4，仅删除该记录
NNC(=O)c1ccncc1,Results_001,10967,0.4,0,1,1,参考化合物有效条目超过 8 条；该值比组内最高 Activity Level 低至少 0.4，仅删除该记录
NNC(=O)c1ccncc1,Results_001,10968,0.4,0,1,1,参考化合物有效条目超过 8 条；该值比组内最高 Activity Level 低至少 0.4，仅删除该记录
NNC(=O)c1ccncc1,Results_001,11004,0,0,1,1,参考化合物有效条目超过 8 条；该值比组内最高 Activity Level 低至少 0.4，仅删除该记录
NNC(=O)c1ccncc1,Results_001,11005,0,0,1,1,参考化合物有效条目超过 8 条；该值比组内最高 Activity Level 低至少 0.4，仅删除该记录
NNC(=O)c1ccncc1,Results_001,11006,0.2,0,1,1,参考化合物有效条目超过 8 条；该值比组内最高 Activity Level 低至少 0.4，仅删除该记录
NNC(=O)c1ccncc1,Results_001,11156,0.6,0,1,1,参考化合物有效条目超过 8 条；该值比组内最高 Activity Level 低至少 0.4，仅删除该记录
NNC(=O)c1ccncc1,Results_001,11440,0,0,1,1,参考化合物有效条目超过 8 条；该值比组内最高 Activity Level 低至少 0.4，仅删除该记录
NNC(=O)c1ccncc1,Results_001,11441,0,0,1,1,参考化合物有效条目超过 8 条；该值比组内最高 Activity Level 低至少 0.4，仅删除该记录
NNC(=O)c1ccncc1,Results_001,11533,0,0,1,1,参考化合物有效条目超过 8 条；该值比组内最高 Activity Level 低至少 0.4，仅删除该记录
NNC(=O)c1ccncc1,Results_001,11534,0,0,1,1,参考化合物有效条目超过 8 条；该值比组内最高 Activity Level 低至少 0.4，仅删除该记录
NNC(=O)c1ccncc1,Results_001,11654,0.1,0,1,1,参考化合物有效条目超过 8 条；该值比组内最高 Activity Level 低至少 0.4，仅删除该记录
NNC(=O)c1ccncc1,Results_001,11655,0,0,1,1,参考化合物有效条目超过 8 条；该值比组内最高 Activity Level 低至少 0.4，仅删除该记录
NNC(=O)c1ccncc1,Results_001,11841,0.1,0,1,1,参考化合物有效条目超过 8 条；该值比组内最高 Activity Level 低至少 0.4，仅删除该记录
NNC(=O)c1ccncc1,Results_001,11983,0,0,1,1,参考化合物有效条目超过 8 条；该值比组内最高 Activity Level 低至少 0.4，仅删除该记录
NNC(=O)c1ccncc1,Results_001,11984,0,0,1,1,参考化合物有效条目超过 8 条；该值比组内最高 Activity Level 低至少 0.4，仅删除该记录
NNC(=O)c1ccncc1,Results_001,12049,0.6,0,1,1,参考化合物有效条目超过 8 条；该值比组内最高 Activity Level 低至少 0.4，仅删除该记录
NNC(=O)c1ccncc1,Results_001,12050,0.6,0,1,1,参考化合物有效条目超过 8 条；该值比组内最高 Activity Level 低至少 0.4，仅删除该记录
NNC(=O)c1ccncc1,Results_001,12051,0.6,0,1,1,参考化合物有效条目超过 8 条；该值比组内最高 Activity Level 低至少 0.4，仅删除该记录
NNC(=O)c1ccncc1,Results_001,12052,0.6,0,1,1,参考化合物有效条目超过 8 条；该值比组内最高 Activity Level 低至少 0.4，仅删除该记录
NNC(=O)c1ccncc1,Results_001,12053,0.6,0,1,1,参考化合物有效条目超过 8 条；该值比组内最高 Activity Level 低至少 0.4，仅删除该记录
NNC(=O)c1ccncc1,Results_001,12054,0.6,0,1,1,参考化合物有效条目超过 8 条；该值比组内最高 Activity Level 低至少 0.4，仅删除该记录
NNC(=O)c1ccncc1,Results_001,12055,0.4,0,1,1,参考化合物有效条目超过 8 条；该值比组内最高 Activity Level 低至少 0.4，仅删除该记录
NNC(=O)c1ccncc1,Results_001,12056,0.4,0,1,1,参考化合物有效条目超过 8 条；该值比组内最高 Activity Level 低至少 0.4，仅删除该记录
NNC(=O)c1ccncc1,Results_001,12219,0.2,0,1,1,参考化合物有效条目超过 8 条；该值比组内最高 Activity Level 低至少 0.4，仅删除该记录
NNC(=O)c1ccncc1,Results_001,12220,0.2,0,1,1,参考化合物有效条目超过 8 条；该值比组内最高 Activity Level 低至少 0.4，仅删除该记录
NNC(=O)c1ccncc1,Results_001,12286,0.2,0,1,1,参考化合物有效条目超过 8 条；该值比组内最高 Activity Level 低至少 0.4，仅删除该记录
NNC(=O)c1ccncc1,Results_001,12287,0.2,0,1,1,参考化合物有效条目超过 8 条；该值比组内最高 Activity Level 低至少 0.4，仅删除该记录
NNC(=O)c1ccncc1,Results_001,12288,0.6,0,1,1,参考化合物有效条目超过 8 条；该值比组内最高 Activity Level 低至少 0.4，仅删除该记录
NNC(=O)c1ccncc1,Results_001,12290,0.2,0,1,1,参考化合物有效条目超过 8 条；该值比组内最高 Activity Level 低至少 0.4，仅删除该记录
NNC(=O)c1ccncc1,Results_001,12291,0.2,0,1,1,参考化合物有效条目超过 8 条；该值比组内最高 Activity Level 低至少 0.4，仅删除该记录
NNC(=O)c1ccncc1,Results_001,12292,0.6,0,1,1,参考化合物有效条目超过 8 条；该值比组内最高 Activity Level 低至少 0.4，仅删除该记录
NNC(=O)c1ccncc1,Results_001,12519,0.1,0,1,1,参考化合物有效条目超过 8 条；该值比组内最高 Activity Level 低至少 0.4，仅删除该记录
NNC(=O)c1ccncc1,Results_001,12520,0.1,0,1,1,参考化合物有效条目超过 8 条；该值比组内最高 Activity Level 低至少 0.4，仅删除该记录
NNC(=O)c1ccncc1,Results_001,12522,0.1,0,1,1,参考化合物有效条目超过 8 条；该值比组内最高 Activity Level 低至少 0.4，仅删除该记录
NNC(=O)c1ccncc1,Results_001,12523,0.1,0,1,1,参考化合物有效条目超过 8 条；该值比组内最高 Activity Level 低至少 0.4，仅删除该记录
NNC(=O)c1ccncc1,Results_001,12524,0.1,0,1,1,参考化合物有效条目超过 8 条；该值比组内最高 Activity Level 低至少 0.4，仅删除该记录
NNC(=O)c1ccncc1,Results_001,12985,0.1,0,1,1,参考化合物有效条目超过 8 条；该值比组内最高 Activity Level 低至少 0.4，仅删除该记录
NNC(=O)c1ccncc1,Results_001,12986,0,0,1,1,参考化合物有效条目超过 8 条；该值比组内最高 Activity Level 低至少 0.4，仅删除该记录
NNC(=O)c1ccncc1,Results_001,13850,0.2,0,1,1,参考化合物有效条目超过 8 条；该值比组内最高 Activity Level 低至少 0.4，仅删除该记录
NNC(=O)c1ccncc1,Results_001,13851,0.2,0,1,1,参考化合物有效条目超过 8 条；该值比组内最高 Activity Level 低至少 0.4，仅删除该记录
NNC(=O)c1ccncc1,Results_001,13852,0.4,0,1,1,参考化合物有效条目超过 8 条；该值比组内最高 Activity Level 低至少 0.4，仅删除该记录
NNC(=O)c1ccncc1,Results_001,13853,0.4,0,1,1,参考化合物有效条目超过 8 条；该值比组内最高 Activity Level 低至少 0.4，仅删除该记录
NNC(=O)c1ccncc1,Results_001,13956,0.4,0,1,1,参考化合物有效条目超过 8 条；该值比组内最高 Activity Level 低至少 0.4，仅删除该记录
NNC(=O)c1ccncc1,Results_001,14239,0.4,0,1,1,参考化合物有效条目超过 8 条；该值比组内最高 Activity Level 低至少 0.4，仅删除该记录
NNC(=O)c1ccncc1,Results_001,14240,0,0,1,1,参考化合物有效条目超过 8 条；该值比组内最高 Activity Level 低至少 0.4，仅删除该记录
NNC(=O)c1ccncc1,Results_001,14277,0,0,1,1,参考化合物有效条目超过 8 条；该值比组内最高 Activity Level 低至少 0.4，仅删除该记录
NNC(=O)c1ccncc1,Results_001,14278,0,0,1,1,参考化合物有效条目超过 8 条；该值比组内最高 Activity Level 低至少 0.4，仅删除该记录
NNC(=O)c1ccncc1,Results_001,14372,0,0,1,1,参考化合物有效条目超过 8 条；该值比组内最高 Activity Level 低至少 0.4，仅删除该记录
NNC(=O)c1ccncc1,Results_001,14374,0,0,1,1,参考化合物有效条目超过 8 条；该值比组内最高 Activity Level 低至少 0.4，仅删除该记录
NNC(=O)c1ccncc1,Results_001,14481,0,0,1,1,参考化合物有效条目超过 8 条；该值比组内最高 Activity Level 低至少 0.4，仅删除该记录
NNC(=O)c1ccncc1,Results_001,14482,0,0,1,1,参考化合物有效条目超过 8 条；该值比组内最高 Activity Level 低至少 0.4，仅删除该记录
NNC(=O)c1ccncc1,Results_001,14538,0,0,1,1,参考化合物有效条目超过 8 条；该值比组内最高 Activity Level 低至少 0.4，仅删除该记录
NNC(=O)c1ccncc1,Results_001,14539,0.4,0,1,1,参考化合物有效条目超过 8 条；该值比组内最高 Activity Level 低至少 0.4，仅删除该记录
NNC(=O)c1ccncc1,Results_001,14596,0,0,1,1,参考化合物有效条目超过 8 条；该值比组内最高 Activity Level 低至少 0.4，仅删除该记录
NNC(=O)c1ccncc1,Results_001,14597,0,0,1,1,参考化合物有效条目超过 8 条；该值比组内最高 Activity Level 低至少 0.4，仅删除该记录
NNC(=O)c1ccncc1,Results_001,15074,0.6,0,1,1,参考化合物有效条目超过 8 条；该值比组内最高 Activity Level 低至少 0.4，仅删除该记录
NNC(=O)c1ccncc1,Results_001,15111,0.4,0,1,1,参考化合物有效条目超过 8 条；该值比组内最高 Activity Level 低至少 0.4，仅删除该记录
NNC(=O)c1ccncc1,Results_001,15201,0,0,1,1,参考化合物有效条目超过 8 条；该值比组内最高 Activity Level 低至少 0.4，仅删除该记录
NNC(=O)c1ccncc1,Results_001,15202,0.6,0,1,1,参考化合物有效条目超过 8 条；该值比组内最高 Activity Level 低至少 0.4，仅删除该记录
NNC(=O)c1ccncc1,Results_001,15414,0,0,1,1,参考化合物有效条目超过 8 条；该值比组内最高 Activity Level 低至少 0.4，仅删除该记录
NNC(=O)c1ccncc1,Results_001,15507,0.6,0,1,1,参考化合物有效条目超过 8 条；该值比组内最高 Activity Level 低至少 0.4，仅删除该记录
NNC(=O)c1ccncc1,Results_001,15772,0,0,1,1,参考化合物有效条目超过 8 条；该值比组内最高 Activity Level 低至少 0.4，仅删除该记录
NNC(=O)c1ccncc1,Results_001,15811,0,0,1,1,参考化合物有效条目超过 8 条；该值比组内最高 Activity Level 低至少 0.4，仅删除该记录
NNC(=O)c1ccncc1,Results_001,15889,0,0,1,1,参考化合物有效条目超过 8 条；该值比组内最高 Activity Level 低至少 0.4，仅删除该记录
NNC(=O)c1ccncc1,Results_001,15890,0,0,1,1,参考化合物有效条目超过 8 条；该值比组内最高 Activity Level 低至少 0.4，仅删除该记录
NNC(=O)c1ccncc1,Results_001,16232,0.2,0,1,1,参考化合物有效条目超过 8 条；该值比组内最高 Activity Level 低至少 0.4，仅删除该记录
NNC(=O)c1ccncc1,Results_001,16233,0.2,0,1,1,参考化合物有效条目超过 8 条；该值比组内最高 Activity Level 低至少 0.4，仅删除该记录
NNC(=O)c1ccncc1,Results_001,16234,0.4,0,1,1,参考化合物有效条目超过 8 条；该值比组内最高 Activity Level 低至少 0.4，仅删除该记录
NNC(=O)c1ccncc1,Results_001,16235,0.4,0,1,1,参考化合物有效条目超过 8 条；该值比组内最高 Activity Level 低至少 0.4，仅删除该记录
NNC(=O)c1ccncc1,Results_001,16350,0,0,1,1,参考化合物有效条目超过 8 条；该值比组内最高 Activity Level 低至少 0.4，仅删除该记录
NNC(=O)c1ccncc1,Results_001,16351,0,0,1,1,参考化合物有效条目超过 8 条；该值比组内最高 Activity Level 低至少 0.4，仅删除该记录
NNC(=O)c1ccncc1,Results_001,16487,0.6,0,1,1,参考化合物有效条目超过 8 条；该值比组内最高 Activity Level 低至少 0.4，仅删除该记录
NNC(=O)c1ccncc1,Results_001,16526,0,0,1,1,参考化合物有效条目超过 8 条；该值比组内最高 Activity Level 低至少 0.4，仅删除该记录
NNC(=O)c1ccncc1,Results_001,17483,0.4,0,1,1,参考化合物有效条目超过 8 条；该值比组内最高 Activity Level 低至少 0.4，仅删除该记录
NNC(=O)c1ccncc1,Results_001,17590,0,0,1,1,参考化合物有效条目超过 8 条；该值比组内最高 Activity Level 低至少 0.4，仅删除该记录
NNC(=O)c1ccncc1,Results_001,18041,0.4,0,1,1,参考化合物有效条目超过 8 条；该值比组内最高 Activity Level 低至少 0.4，仅删除该记录
NNC(=O)c1ccncc1,Results_001,18139,0,0,1,1,参考化合物有效条目超过 8 条；该值比组内最高 Activity Level 低至少 0.4，仅删除该记录
NNC(=O)c1ccncc1,Results_001,18275,0,0,1,1,参考化合物有效条目超过 8 条；该值比组内最高 Activity Level 低至少 0.4，仅删除该记录
NNC(=O)c1ccncc1,Results_001,18277,0,0,1,1,参考化合物有效条目超过 8 条；该值比组内最高 Activity Level 低至少 0.4，仅删除该记录
NNC(=O)c1ccncc1,Results_001,18427,0.6,0,1,1,参考化合物有效条目超过 8 条；该值比组内最高 Activity Level 低至少 0.4，仅删除该记录
NNC(=O)c1ccncc1,Results_001,18560,0.4,0,1,1,参考化合物有效条目超过 8 条；该值比组内最高 Activity Level 低至少 0.4，仅删除该记录
NNC(=O)c1ccncc1,Results_001,18561,0.6,0,1,1,参考化合物有效条目超过 8 条；该值比组内最高 Activity Level 低至少 0.4，仅删除该记录
NNC(=O)c1ccncc1,Results_001,18562,0.6,0,1,1,参考化合物有效条目超过 8 条；该值比组内最高 Activity Level 低至少 0.4，仅删除该记录
NNC(=O)c1ccncc1,Results_001,18563,0.6,0,1,1,参考化合物有效条目超过 8 条；该值比组内最高 Activity Level 低至少 0.4，仅删除该记录
NNC(=O)c1ccncc1,Results_001,18564,0.6,0,1,1,参考化合物有效条目超过 8 条；该值比组内最高 Activity Level 低至少 0.4，仅删除该记录
NNC(=O)c1ccncc1,Results_001,18849,0.2,0,1,1,参考化合物有效条目超过 8 条；该值比组内最高 Activity Level 低至少 0.4，仅删除该记录
NNC(=O)c1ccncc1,Results_001,18932,0.1,0,1,1,参考化合物有效条目超过 8 条；该值比组内最高 Activity Level 低至少 0.4，仅删除该记录
NNC(=O)c1ccncc1,Results_001,18933,0.1,0,1,1,参考化合物有效条目超过 8 条；该值比组内最高 Activity Level 低至少 0.4，仅删除该记录
NNC(=O)c1ccncc1,Results_001,19169,0.2,0,1,1,参考化合物有效条目超过 8 条；该值比组内最高 Activity Level 低至少 0.4，仅删除该记录
NNC(=O)c1ccncc1,Results_001,19342,0,0,1,1,参考化合物有效条目超过 8 条；该值比组内最高 Activity Level 低至少 0.4，仅删除该记录
NNC(=O)c1ccncc1,Results_001,19343,0,0,1,1,参考化合物有效条目超过 8 条；该值比组内最高 Activity Level 低至少 0.4，仅删除该记录
NNC(=O)c1ccncc1,Results_001,19345,0,0,1,1,参考化合物有效条目超过 8 条；该值比组内最高 Activity Level 低至少 0.4，仅删除该记录
NNC(=O)c1ccncc1,Results_002,147,0,0,1,1,参考化合物有效条目超过 8 条；该值比组内最高 Activity Level 低至少 0.4，仅删除该记录
NNC(=O)c1ccncc1,Results_002,314,0.6,0,1,1,参考化合物有效条目超过 8 条；该值比组内最高 Activity Level 低至少 0.4，仅删除该记录
NNC(=O)c1ccncc1,Results_002,315,0.4,0,1,1,参考化合物有效条目超过 8 条；该值比组内最高 Activity Level 低至少 0.4，仅删除该记录
NNC(=O)c1ccncc1,Results_002,316,0.6,0,1,1,参考化合物有效条目超过 8 条；该值比组内最高 Activity Level 低至少 0.4，仅删除该记录
NNC(=O)c1ccncc1,Results_002,561,0.1,0,1,1,参考化合物有效条目超过 8 条；该值比组内最高 Activity Level 低至少 0.4，仅删除该记录
NNC(=O)c1ccncc1,Results_002,971,0.6,0,1,1,参考化合物有效条目超过 8 条；该值比组内最高 Activity Level 低至少 0.4，仅删除该记录
NNC(=O)c1ccncc1,Results_002,972,0.4,0,1,1,参考化合物有效条目超过 8 条；该值比组内最高 Activity Level 低至少 0.4，仅删除该记录
NNC(=O)c1ccncc1,Results_002,973,0.6,0,1,1,参考化合物有效条目超过 8 条；该值比组内最高 Activity Level 低至少 0.4，仅删除该记录
NNC(=O)c1ccncc1,Results_002,974,0.6,0,1,1,参考化合物有效条目超过 8 条；该值比组内最高 Activity Level 低至少 0.4，仅删除该记录
NNC(=O)c1ccncc1,Results_002,975,0.4,0,1,1,参考化合物有效条目超过 8 条；该值比组内最高 Activity Level 低至少 0.4，仅删除该记录
NNC(=O)c1ccncc1,Results_002,976,0.6,0,1,1,参考化合物有效条目超过 8 条；该值比组内最高 Activity Level 低至少 0.4，仅删除该记录
NNC(=O)c1ccncc1,Results_002,1090,0,0,1,1,参考化合物有效条目超过 8 条；该值比组内最高 Activity Level 低至少 0.4，仅删除该记录
NNC(=O)c1ccncc1,Results_002,1092,0.4,0,1,1,参考化合物有效条目超过 8 条；该值比组内最高 Activity Level 低至少 0.4，仅删除该记录
NNC(=O)c1ccncc1,Results_002,1136,0,0,1,1,参考化合物有效条目超过 8 条；该值比组内最高 Activity Level 低至少 0.4，仅删除该记录
NNC(=O)c1ccncc1,Results_002,1137,0,0,1,1,参考化合物有效条目超过 8 条；该值比组内最高 Activity Level 低至少 0.4，仅删除该记录
NNC(=O)c1ccncc1,Results_002,1138,0,0,1,1,参考化合物有效条目超过 8 条；该值比组内最高 Activity Level 低至少 0.4，仅删除该记录
NNC(=O)c1ccncc1,Results_002,1568,0,0,1,1,参考化合物有效条目超过 8 条；该值比组内最高 Activity Level 低至少 0.4，仅删除该记录
NNC(=O)c1ccncc1,Results_002,1632,0,0,1,1,参考化合物有效条目超过 8 条；该值比组内最高 Activity Level 低至少 0.4，仅删除该记录
NNC(=O)c1ccncc1,Results_002,1634,0,0,1,1,参考化合物有效条目超过 8 条；该值比组内最高 Activity Level 低至少 0.4，仅删除该记录
NNC(=O)c1ccncc1,Results_002,3069,0,0,1,1,参考化合物有效条目超过 8 条；该值比组内最高 Activity Level 低至少 0.4，仅删除该记录
NNC(=O)c1ccncc1,Results_002,3070,0,0,1,1,参考化合物有效条目超过 8 条；该值比组内最高 Activity Level 低至少 0.4，仅删除该记录
NNC(=O)c1ccncc1,Results_002,3073,0,0,1,1,参考化合物有效条目超过 8 条；该值比组内最高 Activity Level 低至少 0.4，仅删除该记录
NNC(=O)c1ccncc1,Results_002,3074,0,0,1,1,参考化合物有效条目超过 8 条；该值比组内最高 Activity Level 低至少 0.4，仅删除该记录
NNC(=O)c1ccncc1,Results_002,3193,0.6,0,1,1,参考化合物有效条目超过 8 条；该值比组内最高 Activity Level 低至少 0.4，仅删除该记录
NNC(=O)c1ccncc1,Results_002,3194,0.4,0,1,1,参考化合物有效条目超过 8 条；该值比组内最高 Activity Level 低至少 0.4，仅删除该记录
NNC(=O)c1ccncc1,Results_002,3195,0.6,0,1,1,参考化合物有效条目超过 8 条；该值比组内最高 Activity Level 低至少 0.4，仅删除该记录
NNC(=O)c1ccncc1,Results_002,3196,0.6,0,1,1,参考化合物有效条目超过 8 条；该值比组内最高 Activity Level 低至少 0.4，仅删除该记录
NNC(=O)c1ccncc1,Results_002,3197,0.4,0,1,1,参考化合物有效条目超过 8 条；该值比组内最高 Activity Level 低至少 0.4，仅删除该记录
NNC(=O)c1ccncc1,Results_002,3198,0.6,0,1,1,参考化合物有效条目超过 8 条；该值比组内最高 Activity Level 低至少 0.4，仅删除该记录
NNC(=O)c1ccncc1,Results_002,3780,0.6,0,1,1,参考化合物有效条目超过 8 条；该值比组内最高 Activity Level 低至少 0.4，仅删除该记录
NNC(=O)c1ccncc1,Results_002,3781,0.6,0,1,1,参考化合物有效条目超过 8 条；该值比组内最高 Activity Level 低至少 0.4，仅删除该记录
NNC(=O)c1ccncc1,Results_002,3782,0.6,0,1,1,参考化合物有效条目超过 8 条；该值比组内最高 Activity Level 低至少 0.4，仅删除该记录
NNC(=O)c1ccncc1,Results_002,3783,0.6,0,1,1,参考化合物有效条目超过 8 条；该值比组内最高 Activity Level 低至少 0.4，仅删除该记录
NNC(=O)c1ccncc1,Results_002,3784,0.6,0,1,1,参考化合物有效条目超过 8 条；该值比组内最高 Activity Level 低至少 0.4，仅删除该记录
NNC(=O)c1ccncc1,Results_002,3787,0.6,0,1,1,参考化合物有效条目超过 8 条；该值比组内最高 Activity Level 低至少 0.4，仅删除该记录
NNC(=O)c1ccncc1,Results_002,3788,0.6,0,1,1,参考化合物有效条目超过 8 条；该值比组内最高 Activity Level 低至少 0.4，仅删除该记录
NNC(=O)c1ccncc1,Results_002,3789,0.6,0,1,1,参考化合物有效条目超过 8 条；该值比组内最高 Activity Level 低至少 0.4，仅删除该记录
NNC(=O)c1ccncc1,Results_002,3790,0.6,0,1,1,参考化合物有效条目超过 8 条；该值比组内最高 Activity Level 低至少 0.4，仅删除该记录
NNC(=O)c1ccncc1,Results_002,3791,0.6,0,1,1,参考化合物有效条目超过 8 条；该值比组内最高 Activity Level 低至少 0.4，仅删除该记录
NNC(=O)c1ccncc1,Results_002,3876,0.6,0,1,1,参考化合物有效条目超过 8 条；该值比组内最高 Activity Level 低至少 0.4，仅删除该记录
NNC(=O)c1ccncc1,Results_002,5922,0,0,1,1,参考化合物有效条目超过 8 条；该值比组内最高 Activity Level 低至少 0.4，仅删除该记录
NNC(=O)c1ccncc1,Results_002,5925,0.4,0,1,1,参考化合物有效条目超过 8 条；该值比组内最高 Activity Level 低至少 0.4，仅删除该记录
NNC(=O)c1ccncc1,Results_002,5928,0.4,0,1,1,参考化合物有效条目超过 8 条；该值比组内最高 Activity Level 低至少 0.4，仅删除该记录
NNC(=O)c1ccncc1,Results_002,5931,0.4,0,1,1,参考化合物有效条目超过 8 条；该值比组内最高 Activity Level 低至少 0.4，仅删除该记录
NNC(=O)c1ccncc1,Results_002,6647,0.2,0,1,1,参考化合物有效条目超过 8 条；该值比组内最高 Activity Level 低至少 0.4，仅删除该记录
NNC(=O)c1ccncc1,Results_002,6648,0.2,0,1,1,参考化合物有效条目超过 8 条；该值比组内最高 Activity Level 低至少 0.4，仅删除该记录
NNC(=O)c1ccncc1,Results_002,6649,0.4,0,1,1,参考化合物有效条目超过 8 条；该值比组内最高 Activity Level 低至少 0.4，仅删除该记录
NNC(=O)c1ccncc1,Results_002,6650,0.4,0,1,1,参考化合物有效条目超过 8 条；该值比组内最高 Activity Level 低至少 0.4，仅删除该记录
NNC(=O)c1ccncc1,Results_002,6652,0.2,0,1,1,参考化合物有效条目超过 8 条；该值比组内最高 Activity Level 低至少 0.4，仅删除该记录
NNC(=O)c1ccncc1,Results_002,6653,0.2,0,1,1,参考化合物有效条目超过 8 条；该值比组内最高 Activity Level 低至少 0.4，仅删除该记录
NNC(=O)c1ccncc1,Results_002,6654,0.4,0,1,1,参考化合物有效条目超过 8 条；该值比组内最高 Activity Level 低至少 0.4，仅删除该记录
NNC(=O)c1ccncc1,Results_002,6655,0.4,0,1,1,参考化合物有效条目超过 8 条；该值比组内最高 Activity Level 低至少 0.4，仅删除该记录
NNC(=O)c1ccncc1,Results_002,6658,0.2,0,1,1,参考化合物有效条目超过 8 条；该值比组内最高 Activity Level 低至少 0.4，仅删除该记录
NNC(=O)c1ccncc1,Results_002,6659,0.2,0,1,1,参考化合物有效条目超过 8 条；该值比组内最高 Activity Level 低至少 0.4，仅删除该记录
NNC(=O)c1ccncc1,Results_002,6660,0.4,0,1,1,参考化合物有效条目超过 8 条；该值比组内最高 Activity Level 低至少 0.4，仅删除该记录
NNC(=O)c1ccncc1,Results_002,6661,0.4,0,1,1,参考化合物有效条目超过 8 条；该值比组内最高 Activity Level 低至少 0.4，仅删除该记录
NNC(=O)c1ccncc1,Results_002,7344,0.4,0,1,1,参考化合物有效条目超过 8 条；该值比组内最高 Activity Level 低至少 0.4，仅删除该记录
NNC(=O)c1ccncc1,Results_002,7549,0.6,0,1,1,参考化合物有效条目超过 8 条；该值比组内最高 Activity Level 低至少 0.4，仅删除该记录
NNC(=O)c1ccncc1,Results_002,7550,0.6,0,1,1,参考化合物有效条目超过 8 条；该值比组内最高 Activity Level 低至少 0.4，仅删除该记录
NNC(=O)c1ccncc1,Results_002,7551,0.6,0,1,1,参考化合物有效条目超过 8 条；该值比组内最高 Activity Level 低至少 0.4，仅删除该记录
NNC(=O)c1ccncc1,Results_002,7553,0.6,0,1,1,参考化合物有效条目超过 8 条；该值比组内最高 Activity Level 低至少 0.4，仅删除该记录
NNC(=O)c1ccncc1,Results_002,7554,0.6,0,1,1,参考化合物有效条目超过 8 条；该值比组内最高 Activity Level 低至少 0.4，仅删除该记录
NNC(=O)c1ccncc1,Results_002,7555,0.6,0,1,1,参考化合物有效条目超过 8 条；该值比组内最高 Activity Level 低至少 0.4，仅删除该记录
NNC(=O)c1ccncc1,Results_002,7557,0.6,0,1,1,参考化合物有效条目超过 8 条；该值比组内最高 Activity Level 低至少 0.4，仅删除该记录
NNC(=O)c1ccncc1,Results_002,7558,0.6,0,1,1,参考化合物有效条目超过 8 条；该值比组内最高 Activity Level 低至少 0.4，仅删除该记录
NNC(=O)c1ccncc1,Results_002,7559,0.6,0,1,1,参考化合物有效条目超过 8 条；该值比组内最高 Activity Level 低至少 0.4，仅删除该记录
NNC(=O)c1ccncc1,Results_002,8140,0,0,1,1,参考化合物有效条目超过 8 条；该值比组内最高 Activity Level 低至少 0.4，仅删除该记录
NNC(=O)c1ccncc1,Results_002,8141,0,0,1,1,参考化合物有效条目超过 8 条；该值比组内最高 Activity Level 低至少 0.4，仅删除该记录
NNC(=O)c1ccncc1,Results_002,8142,0.2,0,1,1,参考化合物有效条目超过 8 条；该值比组内最高 Activity Level 低至少 0.4，仅删除该记录
NNC(=O)c1ccncc1,Results_002,8143,0.2,0,1,1,参考化合物有效条目超过 8 条；该值比组内最高 Activity Level 低至少 0.4，仅删除该记录
NNC(=O)c1ccncc1,Results_002,8145,0,0,1,1,参考化合物有效条目超过 8 条；该值比组内最高 Activity Level 低至少 0.4，仅删除该记录
NNC(=O)c1ccncc1,Results_002,8146,0,0,1,1,参考化合物有效条目超过 8 条；该值比组内最高 Activity Level 低至少 0.4，仅删除该记录
NNC(=O)c1ccncc1,Results_002,8147,0.2,0,1,1,参考化合物有效条目超过 8 条；该值比组内最高 Activity Level 低至少 0.4，仅删除该记录
NNC(=O)c1ccncc1,Results_002,8148,0.2,0,1,1,参考化合物有效条目超过 8 条；该值比组内最高 Activity Level 低至少 0.4，仅删除该记录
NNC(=O)c1ccncc1,Results_002,8150,0,0,1,1,参考化合物有效条目超过 8 条；该值比组内最高 Activity Level 低至少 0.4，仅删除该记录
NNC(=O)c1ccncc1,Results_002,8151,0,0,1,1,参考化合物有效条目超过 8 条；该值比组内最高 Activity Level 低至少 0.4，仅删除该记录
NNC(=O)c1ccncc1,Results_002,8152,0.2,0,1,1,参考化合物有效条目超过 8 条；该值比组内最高 Activity Level 低至少 0.4，仅删除该记录
NNC(=O)c1ccncc1,Results_002,8153,0.2,0,1,1,参考化合物有效条目超过 8 条；该值比组内最高 Activity Level 低至少 0.4，仅删除该记录
NNC(=O)c1ccncc1,Results_002,8644,0.2,0,1,1,参考化合物有效条目超过 8 条；该值比组内最高 Activity Level 低至少 0.4，仅删除该记录
NNC(=O)c1ccncc1,Results_002,8645,0.2,0,1,1,参考化合物有效条目超过 8 条；该值比组内最高 Activity Level 低至少 0.4，仅删除该记录
NNC(=O)c1ccncc1,Results_002,8646,0.2,0,1,1,参考化合物有效条目超过 8 条；该值比组内最高 Activity Level 低至少 0.4，仅删除该记录
NNC(=O)c1ccncc1,Results_002,8647,0.2,0,1,1,参考化合物有效条目超过 8 条；该值比组内最高 Activity Level 低至少 0.4，仅删除该记录
NNC(=O)c1ccncc1,Results_002,8648,0.2,0,1,1,参考化合物有效条目超过 8 条；该值比组内最高 Activity Level 低至少 0.4，仅删除该记录
NNC(=O)c1ccncc1,Results_002,10339,0.1,0,1,1,参考化合物有效条目超过 8 条；该值比组内最高 Activity Level 低至少 0.4，仅删除该记录
NNC(=O)c1ccncc1,Results_002,10341,0.1,0,1,1,参考化合物有效条目超过 8 条；该值比组内最高 Activity Level 低至少 0.4，仅删除该记录
NNC(=O)c1ccncc1,Results_002,10343,0.1,0,1,1,参考化合物有效条目超过 8 条；该值比组内最高 Activity Level 低至少 0.4，仅删除该记录
NNC(=O)c1ccncc1,Results_002,10481,0.2,0,1,1,参考化合物有效条目超过 8 条；该值比组内最高 Activity Level 低至少 0.4，仅删除该记录
NNC(=O)c1ccncc1,Results_002,10482,0.2,0,1,1,参考化合物有效条目超过 8 条；该值比组内最高 Activity Level 低至少 0.4，仅删除该记录
NNC(=O)c1ccncc1,Results_002,11682,0.2,0,1,1,参考化合物有效条目超过 8 条；该值比组内最高 Activity Level 低至少 0.4，仅删除该记录
NNC(=O)c1ccncc1,Results_002,12304,0.1,0,1,1,参考化合物有效条目超过 8 条；该值比组内最高 Activity Level 低至少 0.4，仅删除该记录
NNC(=O)c1ccncc1,Results_002,12305,0.1,0,1,1,参考化合物有效条目超过 8 条；该值比组内最高 Activity Level 低至少 0.4，仅删除该记录
NNC(=O)c1ccncc1,Results_002,12306,0.1,0,1,1,参考化合物有效条目超过 8 条；该值比组内最高 Activity Level 低至少 0.4，仅删除该记录
NNC(=O)c1ccncc1,Results_002,12475,0.4,0,1,1,参考化合物有效条目超过 8 条；该值比组内最高 Activity Level 低至少 0.4，仅删除该记录
NNC(=O)c1ccncc1,Results_002,12477,0.4,0,1,1,参考化合物有效条目超过 8 条；该值比组内最高 Activity Level 低至少 0.4，仅删除该记录
NNC(=O)c1ccncc1,Results_002,12478,0,0,1,1,参考化合物有效条目超过 8 条；该值比组内最高 Activity Level 低至少 0.4，仅删除该记录
NNC(=O)c1ccncc1,Results_002,12480,0.4,0,1,1,参考化合物有效条目超过 8 条；该值比组内最高 Activity Level 低至少 0.4，仅删除该记录
NNC(=O)c1ccncc1,Results_002,12481,0,0,1,1,参考化合物有效条目超过 8 条；该值比组内最高 Activity Level 低至少 0.4，仅删除该记录
NNC(=O)c1ccncc1,Results_002,13240,0.4,0,1,1,参考化合物有效条目超过 8 条；该值比组内最高 Activity Level 低至少 0.4，仅删除该记录
NNC(=O)c1ccncc1,Results_002,13241,0.6,0,1,1,参考化合物有效条目超过 8 条；该值比组内最高 Activity Level 低至少 0.4，仅删除该记录
NNC(=O)c1ccncc1,Results_002,13243,0.6,0,1,1,参考化合物有效条目超过 8 条；该值比组内最高 Activity Level 低至少 0.4，仅删除该记录
NNC(=O)c1ccncc1,Results_002,13356,0.6,0,1,1,参考化合物有效条目超过 8 条；该值比组内最高 Activity Level 低至少 0.4，仅删除该记录
NNC(=O)c1ccncc1,Results_002,13357,0.4,0,1,1,参考化合物有效条目超过 8 条；该值比组内最高 Activity Level 低至少 0.4，仅删除该记录
NNC(=O)c1ccncc1,Results_002,13358,0.6,0,1,1,参考化合物有效条目超过 8 条；该值比组内最高 Activity Level 低至少 0.4，仅删除该记录
NNC(=O)c1ccncc1,Results_002,13359,0.6,0,1,1,参考化合物有效条目超过 8 条；该值比组内最高 Activity Level 低至少 0.4，仅删除该记录
NNC(=O)c1ccncc1,Results_002,13360,0.4,0,1,1,参考化合物有效条目超过 8 条；该值比组内最高 Activity Level 低至少 0.4，仅删除该记录
NNC(=O)c1ccncc1,Results_002,13361,0.6,0,1,1,参考化合物有效条目超过 8 条；该值比组内最高 Activity Level 低至少 0.4，仅删除该记录
NNC(=O)c1ccncc1,Results_002,13362,0.6,0,1,1,参考化合物有效条目超过 8 条；该值比组内最高 Activity Level 低至少 0.4，仅删除该记录
NNC(=O)c1ccncc1,Results_002,13363,0.4,0,1,1,参考化合物有效条目超过 8 条；该值比组内最高 Activity Level 低至少 0.4，仅删除该记录
NNC(=O)c1ccncc1,Results_002,13364,0.6,0,1,1,参考化合物有效条目超过 8 条；该值比组内最高 Activity Level 低至少 0.4，仅删除该记录
NNC(=O)c1ccncc1,Results_002,13365,0.6,0,1,1,参考化合物有效条目超过 8 条；该值比组内最高 Activity Level 低至少 0.4，仅删除该记录
NNC(=O)c1ccncc1,Results_002,13366,0.4,0,1,1,参考化合物有效条目超过 8 条；该值比组内最高 Activity Level 低至少 0.4，仅删除该记录
NNC(=O)c1ccncc1,Results_002,13367,0.6,0,1,1,参考化合物有效条目超过 8 条；该值比组内最高 Activity Level 低至少 0.4，仅删除该记录
NNC(=O)c1ccncc1,Results_002,14047,0,0,1,1,参考化合物有效条目超过 8 条；该值比组内最高 Activity Level 低至少 0.4，仅删除该记录
NNC(=O)c1ccncc1,Results_002,14265,0.2,0,1,1,参考化合物有效条目超过 8 条；该值比组内最高 Activity Level 低至少 0.4，仅删除该记录
NNC(=O)c1ccncc1,Results_002,14266,0.2,0,1,1,参考化合物有效条目超过 8 条；该值比组内最高 Activity Level 低至少 0.4，仅删除该记录
NNC(=O)c1ccncc1,Results_002,14559,0.1,0,1,1,参考化合物有效条目超过 8 条；该值比组内最高 Activity Level 低至少 0.4，仅删除该记录
NNC(=O)c1ccncc1,Results_002,14733,0,0,1,1,参考化合物有效条目超过 8 条；该值比组内最高 Activity Level 低至少 0.4，仅删除该记录
NNC(=O)c1ccncc1,Results_002,14774,0,0,1,1,参考化合物有效条目超过 8 条；该值比组内最高 Activity Level 低至少 0.4，仅删除该记录
NNC(=O)c1ccncc1,Results_002,14796,0,0,1,1,参考化合物有效条目超过 8 条；该值比组内最高 Activity Level 低至少 0.4，仅删除该记录
NNC(=O)c1ccncc1,Results_002,14826,0,0,1,1,参考化合物有效条目超过 8 条；该值比组内最高 Activity Level 低至少 0.4，仅删除该记录
NNC(=O)c1ccncc1,Results_002,14854,0,0,1,1,参考化合物有效条目超过 8 条；该值比组内最高 Activity Level 低至少 0.4，仅删除该记录
NNC(=O)c1ccncc1,Results_002,14880,0,0,1,1,参考化合物有效条目超过 8 条；该值比组内最高 Activity Level 低至少 0.4，仅删除该记录
NNC(=O)c1ccncc1,Results_002,14906,0,0,1,1,参考化合物有效条目超过 8 条；该值比组内最高 Activity Level 低至少 0.4，仅删除该记录
NNC(=O)c1ccncc1,Results_002,15608,0,0,1,1,参考化合物有效条目超过 8 条；该值比组内最高 Activity Level 低至少 0.4，仅删除该记录
NNC(=O)c1ccncc1,Results_002,15609,0,0,1,1,参考化合物有效条目超过 8 条；该值比组内最高 Activity Level 低至少 0.4，仅删除该记录
NNC(=O)c1ccncc1,Results_002,15610,0,0,1,1,参考化合物有效条目超过 8 条；该值比组内最高 Activity Level 低至少 0.4，仅删除该记录
NNC(=O)c1ccncc1,Results_002,15611,0,0,1,1,参考化合物有效条目超过 8 条；该值比组内最高 Activity Level 低至少 0.4，仅删除该记录
NNC(=O)c1ccncc1,Results_002,15713,0.4,0,1,1,参考化合物有效条目超过 8 条；该值比组内最高 Activity Level 低至少 0.4，仅删除该记录
NNC(=O)c1ccncc1,Results_002,15714,0,0,1,1,参考化合物有效条目超过 8 条；该值比组内最高 Activity Level 低至少 0.4，仅删除该记录
NNC(=O)c1ccncc1,Results_002,15851,0,0,1,1,参考化合物有效条目超过 8 条；该值比组内最高 Activity Level 低至少 0.4，仅删除该记录
NNC(=O)c1ccncc1,Results_002,15852,0,0,1,1,参考化合物有效条目超过 8 条；该值比组内最高 Activity Level 低至少 0.4，仅删除该记录
NNC(=O)c1ccncc1,Results_002,15896,0.4,0,1,1,参考化合物有效条目超过 8 条；该值比组内最高 Activity Level 低至少 0.4，仅删除该记录
NNC(=O)c1ccncc1,Results_002,15964,0.2,0,1,1,参考化合物有效条目超过 8 条；该值比组内最高 Activity Level 低至少 0.4，仅删除该记录
NNC(=O)c1ccncc1,Results_002,16148,0.2,0,1,1,参考化合物有效条目超过 8 条；该值比组内最高 Activity Level 低至少 0.4，仅删除该记录
NNC(=O)c1ccncc1,Results_002,16149,0.2,0,1,1,参考化合物有效条目超过 8 条；该值比组内最高 Activity Level 低至少 0.4，仅删除该记录
NNC(=O)c1ccncc1,Results_002,16163,0.4,0,1,1,参考化合物有效条目超过 8 条；该值比组内最高 Activity Level 低至少 0.4，仅删除该记录
NNC(=O)c1ccncc1,Results_002,16199,0,0,1,1,参考化合物有效条目超过 8 条；该值比组内最高 Activity Level 低至少 0.4，仅删除该记录
NNC(=O)c1ccncc1,Results_002,16254,0,0,1,1,参考化合物有效条目超过 8 条；该值比组内最高 Activity Level 低至少 0.4，仅删除该记录
NNC(=O)c1ccncc1,Results_002,16260,0,0,1,1,参考化合物有效条目超过 8 条；该值比组内最高 Activity Level 低至少 0.4，仅删除该记录
NNC(=O)c1ccncc1,Results_002,16522,0.6,0,1,1,参考化合物有效条目超过 8 条；该值比组内最高 Activity Level 低至少 0.4，仅删除该记录
NNC(=O)c1ccncc1,Results_002,16523,0.4,0,1,1,参考化合物有效条目超过 8 条；该值比组内最高 Activity Level 低至少 0.4，仅删除该记录
NNC(=O)c1ccncc1,Results_002,16524,0.6,0,1,1,参考化合物有效条目超过 8 条；该值比组内最高 Activity Level 低至少 0.4，仅删除该记录
NNC(=O)c1ccncc1,Results_002,16904,0,0,1,1,参考化合物有效条目超过 8 条；该值比组内最高 Activity Level 低至少 0.4，仅删除该记录
NNC(=O)c1ccncc1,Results_002,16906,0,0,1,1,参考化合物有效条目超过 8 条；该值比组内最高 Activity Level 低至少 0.4，仅删除该记录
NNC(=O)c1ccncc1,Results_002,16959,0,0,1,1,参考化合物有效条目超过 8 条；该值比组内最高 Activity Level 低至少 0.4，仅删除该记录
NNC(=O)c1ccncc1,Results_002,17337,0.6,0,1,1,参考化合物有效条目超过 8 条；该值比组内最高 Activity Level 低至少 0.4，仅删除该记录
NNC(=O)c1ccncc1,Results_002,17338,0.6,0,1,1,参考化合物有效条目超过 8 条；该值比组内最高 Activity Level 低至少 0.4，仅删除该记录
NNC(=O)c1ccncc1,Results_002,17339,0.6,0,1,1,参考化合物有效条目超过 8 条；该值比组内最高 Activity Level 低至少 0.4，仅删除该记录
NNC(=O)c1ccncc1,Results_002,17340,0.6,0,1,1,参考化合物有效条目超过 8 条；该值比组内最高 Activity Level 低至少 0.4，仅删除该记录
NNC(=O)c1ccncc1,Results_002,17341,0.6,0,1,1,参考化合物有效条目超过 8 条；该值比组内最高 Activity Level 低至少 0.4，仅删除该记录
NNC(=O)c1ccncc1,Results_002,17342,0.6,0,1,1,参考化合物有效条目超过 8 条；该值比组内最高 Activity Level 低至少 0.4，仅删除该记录
NNC(=O)c1ccncc1,Results_002,17843,0.6,0,1,1,参考化合物有效条目超过 8 条；该值比组内最高 Activity Level 低至少 0.4，仅删除该记录
NNC(=O)c1ccncc1,Results_002,19483,0.2,0,1,1,参考化合物有效条目超过 8 条；该值比组内最高 Activity Level 低至少 0.4，仅删除该记录
NNC(=O)c1ccncc1,Results_003,347,0,0,1,1,参考化合物有效条目超过 8 条；该值比组内最高 Activity Level 低至少 0.4，仅删除该记录
NNC(=O)c1ccncc1,Results_003,992,0.2,0,1,1,参考化合物有效条目超过 8 条；该值比组内最高 Activity Level 低至少 0.4，仅删除该记录
NNC(=O)c1ccncc1,Results_003,993,0.2,0,1,1,参考化合物有效条目超过 8 条；该值比组内最高 Activity Level 低至少 0.4，仅删除该记录
NNC(=O)c1ccncc1,Results_003,994,0.2,0,1,1,参考化合物有效条目超过 8 条；该值比组内最高 Activity Level 低至少 0.4，仅删除该记录
NNC(=O)c1ccncc1,Results_003,1432,0.6,0,1,1,参考化合物有效条目超过 8 条；该值比组内最高 Activity Level 低至少 0.4，仅删除该记录
NNC(=O)c1ccncc1,Results_003,1600,0.2,0,1,1,参考化合物有效条目超过 8 条；该值比组内最高 Activity Level 低至少 0.4，仅删除该记录
NNC(=O)c1ccncc1,Results_003,1808,0.4,0,1,1,参考化合物有效条目超过 8 条；该值比组内最高 Activity Level 低至少 0.4，仅删除该记录
NNC(=O)c1ccncc1,Results_003,2147,0.4,0,1,1,参考化合物有效条目超过 8 条；该值比组内最高 Activity Level 低至少 0.4，仅删除该记录
NNC(=O)c1ccncc1,Results_003,2650,0.6,0,1,1,参考化合物有效条目超过 8 条；该值比组内最高 Activity Level 低至少 0.4，仅删除该记录
NNC(=O)c1ccncc1,Results_003,2737,0,0,1,1,参考化合物有效条目超过 8 条；该值比组内最高 Activity Level 低至少 0.4，仅删除该记录
NNC(=O)c1ccncc1,Results_003,2791,0.6,0,1,1,参考化合物有效条目超过 8 条；该值比组内最高 Activity Level 低至少 0.4，仅删除该记录
NNC(=O)c1ccncc1,Results_003,3431,0.1,0,1,1,参考化合物有效条目超过 8 条；该值比组内最高 Activity Level 低至少 0.4，仅删除该记录
NNC(=O)c1ccncc1,Results_003,3432,0.1,0,1,1,参考化合物有效条目超过 8 条；该值比组内最高 Activity Level 低至少 0.4，仅删除该记录
NNC(=O)c1ccncc1,Results_003,3491,0,0,1,1,参考化合物有效条目超过 8 条；该值比组内最高 Activity Level 低至少 0.4，仅删除该记录
NNC(=O)c1ccncc1,Results_003,3727,0.4,0,1,1,参考化合物有效条目超过 8 条；该值比组内最高 Activity Level 低至少 0.4，仅删除该记录
NNC(=O)c1ccncc1,Results_003,3728,0,0,1,1,参考化合物有效条目超过 8 条；该值比组内最高 Activity Level 低至少 0.4，仅删除该记录
NNC(=O)c1ccncc1,Results_003,3729,0.1,0,1,1,参考化合物有效条目超过 8 条；该值比组内最高 Activity Level 低至少 0.4，仅删除该记录
NNC(=O)c1ccncc1,Results_003,3833,0,0,1,1,参考化合物有效条目超过 8 条；该值比组内最高 Activity Level 低至少 0.4，仅删除该记录
NNC(=O)c1ccncc1,Results_003,3835,0,0,1,1,参考化合物有效条目超过 8 条；该值比组内最高 Activity Level 低至少 0.4，仅删除该记录
NNC(=O)c1ccncc1,Results_003,3986,0.4,0,1,1,参考化合物有效条目超过 8 条；该值比组内最高 Activity Level 低至少 0.4，仅删除该记录
NNC(=O)c1ccncc1,Results_003,3987,0.4,0,1,1,参考化合物有效条目超过 8 条；该值比组内最高 Activity Level 低至少 0.4，仅删除该记录
NNC(=O)c1ccncc1,Results_003,4363,0,0,1,1,参考化合物有效条目超过 8 条；该值比组内最高 Activity Level 低至少 0.4，仅删除该记录
NNC(=O)c1ccncc1,Results_003,4364,0,0,1,1,参考化合物有效条目超过 8 条；该值比组内最高 Activity Level 低至少 0.4，仅删除该记录
NNC(=O)c1ccncc1,Results_003,4408,0,0,1,1,参考化合物有效条目超过 8 条；该值比组内最高 Activity Level 低至少 0.4，仅删除该记录
NNC(=O)c1ccncc1,Results_003,4409,0,0,1,1,参考化合物有效条目超过 8 条；该值比组内最高 Activity Level 低至少 0.4，仅删除该记录
NNC(=O)c1ccncc1,Results_003,4485,0,0,1,1,参考化合物有效条目超过 8 条；该值比组内最高 Activity Level 低至少 0.4，仅删除该记录
NNC(=O)c1ccncc1,Results_003,4486,0.2,0,1,1,参考化合物有效条目超过 8 条；该值比组内最高 Activity Level 低至少 0.4，仅删除该记录
NNC(=O)c1ccncc1,Results_003,4487,0.1,0,1,1,参考化合物有效条目超过 8 条；该值比组内最高 Activity Level 低至少 0.4，仅删除该记录
NNC(=O)c1ccncc1,Results_003,4558,0.2,0,1,1,参考化合物有效条目超过 8 条；该值比组内最高 Activity Level 低至少 0.4，仅删除该记录
NNC(=O)c1ccncc1,Results_003,4559,0.2,0,1,1,参考化合物有效条目超过 8 条；该值比组内最高 Activity Level 低至少 0.4，仅删除该记录
NNC(=O)c1ccncc1,Results_003,4692,0.6,0,1,1,参考化合物有效条目超过 8 条；该值比组内最高 Activity Level 低至少 0.4，仅删除该记录
NNC(=O)c1ccncc1,Results_003,4693,0.2,0,1,1,参考化合物有效条目超过 8 条；该值比组内最高 Activity Level 低至少 0.4，仅删除该记录
NNC(=O)c1ccncc1,Results_003,4866,0,0,1,1,参考化合物有效条目超过 8 条；该值比组内最高 Activity Level 低至少 0.4，仅删除该记录
NNC(=O)c1ccncc1,Results_003,4913,0.2,0,1,1,参考化合物有效条目超过 8 条；该值比组内最高 Activity Level 低至少 0.4，仅删除该记录
NNC(=O)c1ccncc1,Results_003,4914,0.2,0,1,1,参考化合物有效条目超过 8 条；该值比组内最高 Activity Level 低至少 0.4，仅删除该记录
NNC(=O)c1ccncc1,Results_003,5080,0,0,1,1,参考化合物有效条目超过 8 条；该值比组内最高 Activity Level 低至少 0.4，仅删除该记录
NNC(=O)c1ccncc1,Results_003,5375,0,0,1,1,参考化合物有效条目超过 8 条；该值比组内最高 Activity Level 低至少 0.4，仅删除该记录
NNC(=O)c1ccncc1,Results_003,5376,0,0,1,1,参考化合物有效条目超过 8 条；该值比组内最高 Activity Level 低至少 0.4，仅删除该记录
NNC(=O)c1ccncc1,Results_003,5592,0.6,0,1,1,参考化合物有效条目超过 8 条；该值比组内最高 Activity Level 低至少 0.4，仅删除该记录
NNC(=O)c1ccncc1,Results_003,5594,0,0,1,1,参考化合物有效条目超过 8 条；该值比组内最高 Activity Level 低至少 0.4，仅删除该记录
NNC(=O)c1ccncc1,Results_003,5595,0,0,1,1,参考化合物有效条目超过 8 条；该值比组内最高 Activity Level 低至少 0.4，仅删除该记录
NNC(=O)c1ccncc1,Results_003,6001,0.6,0,1,1,参考化合物有效条目超过 8 条；该值比组内最高 Activity Level 低至少 0.4，仅删除该记录
NNC(=O)c1ccncc1,Results_003,6002,0.2,0,1,1,参考化合物有效条目超过 8 条；该值比组内最高 Activity Level 低至少 0.4，仅删除该记录
NNC(=O)c1ccncc1,Results_003,6115,0.6,0,1,1,参考化合物有效条目超过 8 条；该值比组内最高 Activity Level 低至少 0.4，仅删除该记录
NNC(=O)c1ccncc1,Results_003,6391,0,0,1,1,参考化合物有效条目超过 8 条；该值比组内最高 Activity Level 低至少 0.4，仅删除该记录
NNC(=O)c1ccncc1,Results_003,6393,0.4,0,1,1,参考化合物有效条目超过 8 条；该值比组内最高 Activity Level 低至少 0.4，仅删除该记录
NNC(=O)c1ccncc1,Results_003,6932,0.6,0,1,1,参考化合物有效条目超过 8 条；该值比组内最高 Activity Level 低至少 0.4，仅删除该记录
NNC(=O)c1ccncc1,Results_003,7160,0,0,1,1,参考化合物有效条目超过 8 条；该值比组内最高 Activity Level 低至少 0.4，仅删除该记录
NNC(=O)c1ccncc1,Results_003,7201,0.6,0,1,1,参考化合物有效条目超过 8 条；该值比组内最高 Activity Level 低至少 0.4，仅删除该记录
NNC(=O)c1ccncc1,Results_003,7274,0.1,0,1,1,参考化合物有效条目超过 8 条；该值比组内最高 Activity Level 低至少 0.4，仅删除该记录
NNC(=O)c1ccncc1,Results_003,7275,0.1,0,1,1,参考化合物有效条目超过 8 条；该值比组内最高 Activity Level 低至少 0.4，仅删除该记录
NNC(=O)c1ccncc1,Results_003,7460,0.4,0,1,1,参考化合物有效条目超过 8 条；该值比组内最高 Activity Level 低至少 0.4，仅删除该记录
NNC(=O)c1ccncc1,Results_003,7461,0.6,0,1,1,参考化合物有效条目超过 8 条；该值比组内最高 Activity Level 低至少 0.4，仅删除该记录
NNC(=O)c1ccncc1,Results_003,7592,0,0,1,1,参考化合物有效条目超过 8 条；该值比组内最高 Activity Level 低至少 0.4，仅删除该记录
NNC(=O)c1ccncc1,Results_003,7593,0,0,1,1,参考化合物有效条目超过 8 条；该值比组内最高 Activity Level 低至少 0.4，仅删除该记录
NNC(=O)c1ccncc1,Results_003,7674,0.6,0,1,1,参考化合物有效条目超过 8 条；该值比组内最高 Activity Level 低至少 0.4，仅删除该记录
NNC(=O)c1ccncc1,Results_003,7675,0.6,0,1,1,参考化合物有效条目超过 8 条；该值比组内最高 Activity Level 低至少 0.4，仅删除该记录
NNC(=O)c1ccncc1,Results_003,7676,0.2,0,1,1,参考化合物有效条目超过 8 条；该值比组内最高 Activity Level 低至少 0.4，仅删除该记录
NNC(=O)c1ccncc1,Results_003,7733,0.1,0,1,1,参考化合物有效条目超过 8 条；该值比组内最高 Activity Level 低至少 0.4，仅删除该记录
NNC(=O)c1ccncc1,Results_003,7734,0.1,0,1,1,参考化合物有效条目超过 8 条；该值比组内最高 Activity Level 低至少 0.4，仅删除该记录
NNC(=O)c1ccncc1,Results_003,7957,0,0,1,1,参考化合物有效条目超过 8 条；该值比组内最高 Activity Level 低至少 0.4，仅删除该记录
NNC(=O)c1ccncc1,Results_003,8082,0,0,1,1,参考化合物有效条目超过 8 条；该值比组内最高 Activity Level 低至少 0.4，仅删除该记录
NNC(=O)c1ccncc1,Results_003,8233,0,0,1,1,参考化合物有效条目超过 8 条；该值比组内最高 Activity Level 低至少 0.4，仅删除该记录
NNC(=O)c1ccncc1,Results_003,8234,0,0,1,1,参考化合物有效条目超过 8 条；该值比组内最高 Activity Level 低至少 0.4，仅删除该记录
NNC(=O)c1ccncc1,Results_003,8351,0,0,1,1,参考化合物有效条目超过 8 条；该值比组内最高 Activity Level 低至少 0.4，仅删除该记录
NNC(=O)c1ccncc1,Results_003,8543,0.6,0,1,1,参考化合物有效条目超过 8 条；该值比组内最高 Activity Level 低至少 0.4，仅删除该记录
NNC(=O)c1ccncc1,Results_003,8544,0.6,0,1,1,参考化合物有效条目超过 8 条；该值比组内最高 Activity Level 低至少 0.4，仅删除该记录
NNC(=O)c1ccncc1,Results_003,8545,0.6,0,1,1,参考化合物有效条目超过 8 条；该值比组内最高 Activity Level 低至少 0.4，仅删除该记录
NNC(=O)c1ccncc1,Results_003,8546,0.6,0,1,1,参考化合物有效条目超过 8 条；该值比组内最高 Activity Level 低至少 0.4，仅删除该记录
NNC(=O)c1ccncc1,Results_003,8547,0.6,0,1,1,参考化合物有效条目超过 8 条；该值比组内最高 Activity Level 低至少 0.4，仅删除该记录
NNC(=O)c1ccncc1,Results_003,8548,0.6,0,1,1,参考化合物有效条目超过 8 条；该值比组内最高 Activity Level 低至少 0.4，仅删除该记录
NNC(=O)c1ccncc1,Results_003,8549,0.6,0,1,1,参考化合物有效条目超过 8 条；该值比组内最高 Activity Level 低至少 0.4，仅删除该记录
NNC(=O)c1ccncc1,Results_003,8556,0.4,0,1,1,参考化合物有效条目超过 8 条；该值比组内最高 Activity Level 低至少 0.4，仅删除该记录
NNC(=O)c1ccncc1,Results_003,8557,0.4,0,1,1,参考化合物有效条目超过 8 条；该值比组内最高 Activity Level 低至少 0.4，仅删除该记录
NNC(=O)c1ccncc1,Results_003,8558,0.2,0,1,1,参考化合物有效条目超过 8 条；该值比组内最高 Activity Level 低至少 0.4，仅删除该记录
NNC(=O)c1ccncc1,Results_003,8913,0,0,1,1,参考化合物有效条目超过 8 条；该值比组内最高 Activity Level 低至少 0.4，仅删除该记录
NNC(=O)c1ccncc1,Results_003,8929,0,0,1,1,参考化合物有效条目超过 8 条；该值比组内最高 Activity Level 低至少 0.4，仅删除该记录
NNC(=O)c1ccncc1,Results_003,9156,0.1,0,1,1,参考化合物有效条目超过 8 条；该值比组内最高 Activity Level 低至少 0.4，仅删除该记录
NNC(=O)c1ccncc1,Results_003,9158,0.1,0,1,1,参考化合物有效条目超过 8 条；该值比组内最高 Activity Level 低至少 0.4，仅删除该记录
NNC(=O)c1ccncc1,Results_003,9386,0.4,0,1,1,参考化合物有效条目超过 8 条；该值比组内最高 Activity Level 低至少 0.4，仅删除该记录
NNC(=O)c1ccncc1,Results_003,9623,0,0,1,1,参考化合物有效条目超过 8 条；该值比组内最高 Activity Level 低至少 0.4，仅删除该记录
NNC(=O)c1ccncc1,Results_003,9628,0,0,1,1,参考化合物有效条目超过 8 条；该值比组内最高 Activity Level 低至少 0.4，仅删除该记录
NNC(=O)c1ccncc1,Results_003,9679,0.2,0,1,1,参考化合物有效条目超过 8 条；该值比组内最高 Activity Level 低至少 0.4，仅删除该记录
NNC(=O)c1ccncc1,Results_003,9681,0,0,1,1,参考化合物有效条目超过 8 条；该值比组内最高 Activity Level 低至少 0.4，仅删除该记录
NNC(=O)c1ccncc1,Results_003,9817,0,0,1,1,参考化合物有效条目超过 8 条；该值比组内最高 Activity Level 低至少 0.4，仅删除该记录
NNC(=O)c1ccncc1,Results_003,9819,0,0,1,1,参考化合物有效条目超过 8 条；该值比组内最高 Activity Level 低至少 0.4，仅删除该记录
NNC(=O)c1ccncc1,Results_003,9912,0.2,0,1,1,参考化合物有效条目超过 8 条；该值比组内最高 Activity Level 低至少 0.4，仅删除该记录
NNC(=O)c1ccncc1,Results_003,10368,0.2,0,1,1,参考化合物有效条目超过 8 条；该值比组内最高 Activity Level 低至少 0.4，仅删除该记录
NNC(=O)c1ccncc1,Results_003,10471,0.2,0,1,1,参考化合物有效条目超过 8 条；该值比组内最高 Activity Level 低至少 0.4，仅删除该记录
NNC(=O)c1ccncc1,Results_003,10472,0.2,0,1,1,参考化合物有效条目超过 8 条；该值比组内最高 Activity Level 低至少 0.4，仅删除该记录
NNC(=O)c1ccncc1,Results_003,10473,0.2,0,1,1,参考化合物有效条目超过 8 条；该值比组内最高 Activity Level 低至少 0.4，仅删除该记录
NNC(=O)c1ccncc1,Results_003,10474,0.2,0,1,1,参考化合物有效条目超过 8 条；该值比组内最高 Activity Level 低至少 0.4，仅删除该记录
NNC(=O)c1ccncc1,Results_003,11148,0.4,0,1,1,参考化合物有效条目超过 8 条；该值比组内最高 Activity Level 低至少 0.4，仅删除该记录
NNC(=O)c1ccncc1,Results_003,11161,0.4,0,1,1,参考化合物有效条目超过 8 条；该值比组内最高 Activity Level 低至少 0.4，仅删除该记录
NNC(=O)c1ccncc1,Results_003,11223,0,0,1,1,参考化合物有效条目超过 8 条；该值比组内最高 Activity Level 低至少 0.4，仅删除该记录
NNC(=O)c1ccncc1,Results_003,11382,0,0,1,1,参考化合物有效条目超过 8 条；该值比组内最高 Activity Level 低至少 0.4，仅删除该记录
NNC(=O)c1ccncc1,Results_003,11383,0,0,1,1,参考化合物有效条目超过 8 条；该值比组内最高 Activity Level 低至少 0.4，仅删除该记录
NNC(=O)c1ccncc1,Results_003,11427,0,0,1,1,参考化合物有效条目超过 8 条；该值比组内最高 Activity Level 低至少 0.4，仅删除该记录
NNC(=O)c1ccncc1,Results_003,11428,0.1,0,1,1,参考化合物有效条目超过 8 条；该值比组内最高 Activity Level 低至少 0.4，仅删除该记录
NNC(=O)c1ccncc1,Results_003,11429,0,0,1,1,参考化合物有效条目超过 8 条；该值比组内最高 Activity Level 低至少 0.4，仅删除该记录
NNC(=O)c1ccncc1,Results_003,11589,0,0,1,1,参考化合物有效条目超过 8 条；该值比组内最高 Activity Level 低至少 0.4，仅删除该记录
NNC(=O)c1ccncc1,Results_003,11590,0,0,1,1,参考化合物有效条目超过 8 条；该值比组内最高 Activity Level 低至少 0.4，仅删除该记录
NNC(=O)c1ccncc1,Results_003,12021,0,0,1,1,参考化合物有效条目超过 8 条；该值比组内最高 Activity Level 低至少 0.4，仅删除该记录
NNC(=O)c1ccncc1,Results_003,12022,0,0,1,1,参考化合物有效条目超过 8 条；该值比组内最高 Activity Level 低至少 0.4，仅删除该记录
NNC(=O)c1ccncc1,Results_003,12256,0.1,0,1,1,参考化合物有效条目超过 8 条；该值比组内最高 Activity Level 低至少 0.4，仅删除该记录
NNC(=O)c1ccncc1,Results_003,12419,0.2,0,1,1,参考化合物有效条目超过 8 条；该值比组内最高 Activity Level 低至少 0.4，仅删除该记录
NNC(=O)c1ccncc1,Results_003,12420,0.2,0,1,1,参考化合物有效条目超过 8 条；该值比组内最高 Activity Level 低至少 0.4，仅删除该记录
NNC(=O)c1ccncc1,Results_003,12421,0.2,0,1,1,参考化合物有效条目超过 8 条；该值比组内最高 Activity Level 低至少 0.4，仅删除该记录
NNC(=O)c1ccncc1,Results_003,12479,0,0,1,1,参考化合物有效条目超过 8 条；该值比组内最高 Activity Level 低至少 0.4，仅删除该记录
NNC(=O)c1ccncc1,Results_003,12480,0,0,1,1,参考化合物有效条目超过 8 条；该值比组内最高 Activity Level 低至少 0.4，仅删除该记录
NNC(=O)c1ccncc1,Results_003,12481,0,0,1,1,参考化合物有效条目超过 8 条；该值比组内最高 Activity Level 低至少 0.4，仅删除该记录
NNC(=O)c1ccncc1,Results_003,13203,0.4,0,1,1,参考化合物有效条目超过 8 条；该值比组内最高 Activity Level 低至少 0.4，仅删除该记录
NNC(=O)c1ccncc1,Results_003,13323,0,0,1,1,参考化合物有效条目超过 8 条；该值比组内最高 Activity Level 低至少 0.4，仅删除该记录
NNC(=O)c1ccncc1,Results_003,13845,0,0,1,1,参考化合物有效条目超过 8 条；该值比组内最高 Activity Level 低至少 0.4，仅删除该记录
NNC(=O)c1ccncc1,Results_003,13847,0,0,1,1,参考化合物有效条目超过 8 条；该值比组内最高 Activity Level 低至少 0.4，仅删除该记录
NNC(=O)c1ccncc1,Results_003,14017,0.4,0,1,1,参考化合物有效条目超过 8 条；该值比组内最高 Activity Level 低至少 0.4，仅删除该记录
NNC(=O)c1ccncc1,Results_003,14056,0,0,1,1,参考化合物有效条目超过 8 条；该值比组内最高 Activity Level 低至少 0.4，仅删除该记录
NNC(=O)c1ccncc1,Results_003,14185,0.2,0,1,1,参考化合物有效条目超过 8 条；该值比组内最高 Activity Level 低至少 0.4，仅删除该记录
NNC(=O)c1ccncc1,Results_003,14326,0.4,0,1,1,参考化合物有效条目超过 8 条；该值比组内最高 Activity Level 低至少 0.4，仅删除该记录
NNC(=O)c1ccncc1,Results_003,14537,0.1,0,1,1,参考化合物有效条目超过 8 条；该值比组内最高 Activity Level 低至少 0.4，仅删除该记录
NNC(=O)c1ccncc1,Results_003,14677,0.1,0,1,1,参考化合物有效条目超过 8 条；该值比组内最高 Activity Level 低至少 0.4，仅删除该记录
NNC(=O)c1ccncc1,Results_003,14678,0.1,0,1,1,参考化合物有效条目超过 8 条；该值比组内最高 Activity Level 低至少 0.4，仅删除该记录
NNC(=O)c1ccncc1,Results_003,14947,0.6,0,1,1,参考化合物有效条目超过 8 条；该值比组内最高 Activity Level 低至少 0.4，仅删除该记录
NNC(=O)c1ccncc1,Results_003,15216,0.2,0,1,1,参考化合物有效条目超过 8 条；该值比组内最高 Activity Level 低至少 0.4，仅删除该记录
NNC(=O)c1ccncc1,Results_003,15217,0.6,0,1,1,参考化合物有效条目超过 8 条；该值比组内最高 Activity Level 低至少 0.4，仅删除该记录
NNC(=O)c1ccncc1,Results_003,15279,0.2,0,1,1,参考化合物有效条目超过 8 条；该值比组内最高 Activity Level 低至少 0.4，仅删除该记录
NNC(=O)c1ccncc1,Results_003,15372,0,0,1,1,参考化合物有效条目超过 8 条；该值比组内最高 Activity Level 低至少 0.4，仅删除该记录
NNC(=O)c1ccncc1,Results_003,15373,0,0,1,1,参考化合物有效条目超过 8 条；该值比组内最高 Activity Level 低至少 0.4，仅删除该记录
NNC(=O)c1ccncc1,Results_003,15460,0.6,0,1,1,参考化合物有效条目超过 8 条；该值比组内最高 Activity Level 低至少 0.4，仅删除该记录
NNC(=O)c1ccncc1,Results_003,15461,0.6,0,1,1,参考化合物有效条目超过 8 条；该值比组内最高 Activity Level 低至少 0.4，仅删除该记录
NNC(=O)c1ccncc1,Results_003,15462,0.6,0,1,1,参考化合物有效条目超过 8 条；该值比组内最高 Activity Level 低至少 0.4，仅删除该记录
NNC(=O)c1ccncc1,Results_003,15663,0.1,0,1,1,参考化合物有效条目超过 8 条；该值比组内最高 Activity Level 低至少 0.4，仅删除该记录
NNC(=O)c1ccncc1,Results_003,15664,0.1,0,1,1,参考化合物有效条目超过 8 条；该值比组内最高 Activity Level 低至少 0.4，仅删除该记录
NNC(=O)c1ccncc1,Results_003,15885,0.2,0,1,1,参考化合物有效条目超过 8 条；该值比组内最高 Activity Level 低至少 0.4，仅删除该记录
NNC(=O)c1ccncc1,Results_003,15886,0.2,0,1,1,参考化合物有效条目超过 8 条；该值比组内最高 Activity Level 低至少 0.4，仅删除该记录
NNC(=O)c1ccncc1,Results_003,15887,0.4,0,1,1,参考化合物有效条目超过 8 条；该值比组内最高 Activity Level 低至少 0.4，仅删除该记录
NNC(=O)c1ccncc1,Results_003,15888,0.4,0,1,1,参考化合物有效条目超过 8 条；该值比组内最高 Activity Level 低至少 0.4，仅删除该记录
NNC(=O)c1ccncc1,Results_003,15984,0,0,1,1,参考化合物有效条目超过 8 条；该值比组内最高 Activity Level 低至少 0.4，仅删除该记录
NNC(=O)c1ccncc1,Results_003,15985,0,0,1,1,参考化合物有效条目超过 8 条；该值比组内最高 Activity Level 低至少 0.4，仅删除该记录
NNC(=O)c1ccncc1,Results_003,15986,0.2,0,1,1,参考化合物有效条目超过 8 条；该值比组内最高 Activity Level 低至少 0.4，仅删除该记录
NNC(=O)c1ccncc1,Results_003,15987,0.2,0,1,1,参考化合物有效条目超过 8 条；该值比组内最高 Activity Level 低至少 0.4，仅删除该记录
NNC(=O)c1ccncc1,Results_003,16572,0.2,0,1,1,参考化合物有效条目超过 8 条；该值比组内最高 Activity Level 低至少 0.4，仅删除该记录
NNC(=O)c1ccncc1,Results_003,16843,0.2,0,1,1,参考化合物有效条目超过 8 条；该值比组内最高 Activity Level 低至少 0.4，仅删除该记录
NNC(=O)c1ccncc1,Results_003,16844,0.2,0,1,1,参考化合物有效条目超过 8 条；该值比组内最高 Activity Level 低至少 0.4，仅删除该记录
NNC(=O)c1ccncc1,Results_003,17382,0.2,0,1,1,参考化合物有效条目超过 8 条；该值比组内最高 Activity Level 低至少 0.4，仅删除该记录
NNC(=O)c1ccncc1,Results_003,17383,0,0,1,1,参考化合物有效条目超过 8 条；该值比组内最高 Activity Level 低至少 0.4，仅删除该记录
NNC(=O)c1ccncc1,Results_003,17384,0,0,1,1,参考化合物有效条目超过 8 条；该值比组内最高 Activity Level 低至少 0.4，仅删除该记录
NNC(=O)c1ccncc1,Results_003,17385,0.2,0,1,1,参考化合物有效条目超过 8 条；该值比组内最高 Activity Level 低至少 0.4，仅删除该记录
NNC(=O)c1ccncc1,Results_003,17386,0.2,0,1,1,参考化合物有效条目超过 8 条；该值比组内最高 Activity Level 低至少 0.4，仅删除该记录
NNC(=O)c1ccncc1,Results_003,17387,0.2,0,1,1,参考化合物有效条目超过 8 条；该值比组内最高 Activity Level 低至少 0.4，仅删除该记录
NNC(=O)c1ccncc1,Results_003,17618,0.6,0,1,1,参考化合物有效条目超过 8 条；该值比组内最高 Activity Level 低至少 0.4，仅删除该记录
NNC(=O)c1ccncc1,Results_003,17682,0.6,0,1,1,参考化合物有效条目超过 8 条；该值比组内最高 Activity Level 低至少 0.4，仅删除该记录
NNC(=O)c1ccncc1,Results_003,17683,0.6,0,1,1,参考化合物有效条目超过 8 条；该值比组内最高 Activity Level 低至少 0.4，仅删除该记录
NNC(=O)c1ccncc1,Results_003,17905,0.4,0,1,1,参考化合物有效条目超过 8 条；该值比组内最高 Activity Level 低至少 0.4，仅删除该记录
NNC(=O)c1ccncc1,Results_003,17906,0.4,0,1,1,参考化合物有效条目超过 8 条；该值比组内最高 Activity Level 低至少 0.4，仅删除该记录
NNC(=O)c1ccncc1,Results_003,17907,0.4,0,1,1,参考化合物有效条目超过 8 条；该值比组内最高 Activity Level 低至少 0.4，仅删除该记录
NNC(=O)c1ccncc1,Results_003,17930,0.4,0,1,1,参考化合物有效条目超过 8 条；该值比组内最高 Activity Level 低至少 0.4，仅删除该记录
NNC(=O)c1ccncc1,Results_003,18149,0,0,1,1,参考化合物有效条目超过 8 条；该值比组内最高 Activity Level 低至少 0.4，仅删除该记录
NNC(=O)c1ccncc1,Results_003,18172,0.4,0,1,1,参考化合物有效条目超过 8 条；该值比组内最高 Activity Level 低至少 0.4，仅删除该记录
NNC(=O)c1ccncc1,Results_003,18630,0.2,0,1,1,参考化合物有效条目超过 8 条；该值比组内最高 Activity Level 低至少 0.4，仅删除该记录
NNC(=O)c1ccncc1,Results_003,18676,0,0,1,1,参考化合物有效条目超过 8 条；该值比组内最高 Activity Level 低至少 0.4，仅删除该记录
NNC(=O)c1ccncc1,Results_003,18808,0.1,0,1,1,参考化合物有效条目超过 8 条；该值比组内最高 Activity Level 低至少 0.4，仅删除该记录
NNC(=O)c1ccncc1,Results_004,161,0,0,1,1,参考化合物有效条目超过 8 条；该值比组内最高 Activity Level 低至少 0.4，仅删除该记录
NNC(=O)c1ccncc1,Results_004,164,0.4,0,1,1,参考化合物有效条目超过 8 条；该值比组内最高 Activity Level 低至少 0.4，仅删除该记录
NNC(=O)c1ccncc1,Results_004,167,0,0,1,1,参考化合物有效条目超过 8 条；该值比组内最高 Activity Level 低至少 0.4，仅删除该记录
NNC(=O)c1ccncc1,Results_004,237,0.2,0,1,1,参考化合物有效条目超过 8 条；该值比组内最高 Activity Level 低至少 0.4，仅删除该记录
NNC(=O)c1ccncc1,Results_004,238,0.2,0,1,1,参考化合物有效条目超过 8 条；该值比组内最高 Activity Level 低至少 0.4，仅删除该记录
NNC(=O)c1ccncc1,Results_004,239,0.4,0,1,1,参考化合物有效条目超过 8 条；该值比组内最高 Activity Level 低至少 0.4，仅删除该记录
NNC(=O)c1ccncc1,Results_004,240,0.4,0,1,1,参考化合物有效条目超过 8 条；该值比组内最高 Activity Level 低至少 0.4，仅删除该记录
NNC(=O)c1ccncc1,Results_004,477,0.1,0,1,1,参考化合物有效条目超过 8 条；该值比组内最高 Activity Level 低至少 0.4，仅删除该记录
NNC(=O)c1ccncc1,Results_004,478,0.1,0,1,1,参考化合物有效条目超过 8 条；该值比组内最高 Activity Level 低至少 0.4，仅删除该记录
NNC(=O)c1ccncc1,Results_004,479,0.1,0,1,1,参考化合物有效条目超过 8 条；该值比组内最高 Activity Level 低至少 0.4，仅删除该记录
NNC(=O)c1ccncc1,Results_004,480,0.1,0,1,1,参考化合物有效条目超过 8 条；该值比组内最高 Activity Level 低至少 0.4，仅删除该记录
NNC(=O)c1ccncc1,Results_004,481,0.1,0,1,1,参考化合物有效条目超过 8 条；该值比组内最高 Activity Level 低至少 0.4，仅删除该记录
NNC(=O)c1ccncc1,Results_004,613,0,0,1,1,参考化合物有效条目超过 8 条；该值比组内最高 Activity Level 低至少 0.4，仅删除该记录
NNC(=O)c1ccncc1,Results_004,614,0.1,0,1,1,参考化合物有效条目超过 8 条；该值比组内最高 Activity Level 低至少 0.4，仅删除该记录
NNC(=O)c1ccncc1,Results_004,615,0,0,1,1,参考化合物有效条目超过 8 条；该值比组内最高 Activity Level 低至少 0.4，仅删除该记录
NNC(=O)c1ccncc1,Results_004,773,0.2,0,1,1,参考化合物有效条目超过 8 条；该值比组内最高 Activity Level 低至少 0.4，仅删除该记录
NNC(=O)c1ccncc1,Results_004,774,0.2,0,1,1,参考化合物有效条目超过 8 条；该值比组内最高 Activity Level 低至少 0.4，仅删除该记录
NNC(=O)c1ccncc1,Results_004,775,0.4,0,1,1,参考化合物有效条目超过 8 条；该值比组内最高 Activity Level 低至少 0.4，仅删除该记录
NNC(=O)c1ccncc1,Results_004,776,0.4,0,1,1,参考化合物有效条目超过 8 条；该值比组内最高 Activity Level 低至少 0.4，仅删除该记录
NNC(=O)c1ccncc1,Results_004,778,0.2,0,1,1,参考化合物有效条目超过 8 条；该值比组内最高 Activity Level 低至少 0.4，仅删除该记录
NNC(=O)c1ccncc1,Results_004,779,0.2,0,1,1,参考化合物有效条目超过 8 条；该值比组内最高 Activity Level 低至少 0.4，仅删除该记录
NNC(=O)c1ccncc1,Results_004,780,0.4,0,1,1,参考化合物有效条目超过 8 条；该值比组内最高 Activity Level 低至少 0.4，仅删除该记录
NNC(=O)c1ccncc1,Results_004,781,0.4,0,1,1,参考化合物有效条目超过 8 条；该值比组内最高 Activity Level 低至少 0.4，仅删除该记录
NNC(=O)c1ccncc1,Results_004,1105,0,0,1,1,参考化合物有效条目超过 8 条；该值比组内最高 Activity Level 低至少 0.4，仅删除该记录
NNC(=O)c1ccncc1,Results_004,1159,0.1,0,1,1,参考化合物有效条目超过 8 条；该值比组内最高 Activity Level 低至少 0.4，仅删除该记录
NNC(=O)c1ccncc1,Results_004,1233,0,0,1,1,参考化合物有效条目超过 8 条；该值比组内最高 Activity Level 低至少 0.4，仅删除该记录
NNC(=O)c1ccncc1,Results_004,1235,0.4,0,1,1,参考化合物有效条目超过 8 条；该值比组内最高 Activity Level 低至少 0.4，仅删除该记录
NNC(=O)c1ccncc1,Results_004,1657,0,0,1,1,参考化合物有效条目超过 8 条；该值比组内最高 Activity Level 低至少 0.4，仅删除该记录
NNC(=O)c1ccncc1,Results_004,1795,0.6,0,1,1,参考化合物有效条目超过 8 条；该值比组内最高 Activity Level 低至少 0.4，仅删除该记录
NNC(=O)c1ccncc1,Results_004,2084,0.1,0,1,1,参考化合物有效条目超过 8 条；该值比组内最高 Activity Level 低至少 0.4，仅删除该记录
NNC(=O)c1ccncc1,Results_004,2085,0,0,1,1,参考化合物有效条目超过 8 条；该值比组内最高 Activity Level 低至少 0.4，仅删除该记录
NNC(=O)c1ccncc1,Results_004,2125,0,0,1,1,参考化合物有效条目超过 8 条；该值比组内最高 Activity Level 低至少 0.4，仅删除该记录
NNC(=O)c1ccncc1,Results_004,2126,0,0,1,1,参考化合物有效条目超过 8 条；该值比组内最高 Activity Level 低至少 0.4，仅删除该记录
NNC(=O)c1ccncc1,Results_004,2127,0,0,1,1,参考化合物有效条目超过 8 条；该值比组内最高 Activity Level 低至少 0.4，仅删除该记录
NNC(=O)c1ccncc1,Results_004,2133,0,0,1,1,参考化合物有效条目超过 8 条；该值比组内最高 Activity Level 低至少 0.4，仅删除该记录
NNC(=O)c1ccncc1,Results_004,2502,0.1,0,1,1,参考化合物有效条目超过 8 条；该值比组内最高 Activity Level 低至少 0.4，仅删除该记录
NNC(=O)c1ccncc1,Results_004,3097,0.1,0,1,1,参考化合物有效条目超过 8 条；该值比组内最高 Activity Level 低至少 0.4，仅删除该记录
NNC(=O)c1ccncc1,Results_004,3124,0,0,1,1,参考化合物有效条目超过 8 条；该值比组内最高 Activity Level 低至少 0.4，仅删除该记录
NNC(=O)c1ccncc1,Results_004,3285,0,0,1,1,参考化合物有效条目超过 8 条；该值比组内最高 Activity Level 低至少 0.4，仅删除该记录
NNC(=O)c1ccncc1,Results_004,3319,0,0,1,1,参考化合物有效条目超过 8 条；该值比组内最高 Activity Level 低至少 0.4，仅删除该记录
NNC(=O)c1ccncc1,Results_004,3320,0,0,1,1,参考化合物有效条目超过 8 条；该值比组内最高 Activity Level 低至少 0.4，仅删除该记录
NNC(=O)c1ccncc1,Results_004,3458,0.2,0,1,1,参考化合物有效条目超过 8 条；该值比组内最高 Activity Level 低至少 0.4，仅删除该记录
NNC(=O)c1ccncc1,Results_004,3548,0.4,0,1,1,参考化合物有效条目超过 8 条；该值比组内最高 Activity Level 低至少 0.4，仅删除该记录
NNC(=O)c1ccncc1,Results_004,3653,0.4,0,1,1,参考化合物有效条目超过 8 条；该值比组内最高 Activity Level 低至少 0.4，仅删除该记录
NNC(=O)c1ccncc1,Results_004,3999,0.4,0,1,1,参考化合物有效条目超过 8 条；该值比组内最高 Activity Level 低至少 0.4，仅删除该记录
NNC(=O)c1ccncc1,Results_004,4647,0.6,0,1,1,参考化合物有效条目超过 8 条；该值比组内最高 Activity Level 低至少 0.4，仅删除该记录
NNC(=O)c1ccncc1,Results_004,4834,0,0,1,1,参考化合物有效条目超过 8 条；该值比组内最高 Activity Level 低至少 0.4，仅删除该记录
NNC(=O)c1ccncc1,Results_004,4835,0,0,1,1,参考化合物有效条目超过 8 条；该值比组内最高 Activity Level 低至少 0.4，仅删除该记录
NNC(=O)c1ccncc1,Results_004,4836,0.6,0,1,1,参考化合物有效条目超过 8 条；该值比组内最高 Activity Level 低至少 0.4，仅删除该记录
NNC(=O)c1ccncc1,Results_004,4837,0.6,0,1,1,参考化合物有效条目超过 8 条；该值比组内最高 Activity Level 低至少 0.4，仅删除该记录
NNC(=O)c1ccncc1,Results_004,4838,0.6,0,1,1,参考化合物有效条目超过 8 条；该值比组内最高 Activity Level 低至少 0.4，仅删除该记录
NNC(=O)c1ccncc1,Results_004,4839,0.6,0,1,1,参考化合物有效条目超过 8 条；该值比组内最高 Activity Level 低至少 0.4，仅删除该记录
NNC(=O)c1ccncc1,Results_004,4840,0.6,0,1,1,参考化合物有效条目超过 8 条；该值比组内最高 Activity Level 低至少 0.4，仅删除该记录
NNC(=O)c1ccncc1,Results_004,4980,0,0,1,1,参考化合物有效条目超过 8 条；该值比组内最高 Activity Level 低至少 0.4，仅删除该记录
NNC(=O)c1ccncc1,Results_004,5097,0.6,0,1,1,参考化合物有效条目超过 8 条；该值比组内最高 Activity Level 低至少 0.4，仅删除该记录
NNC(=O)c1ccncc1,Results_004,5098,0.6,0,1,1,参考化合物有效条目超过 8 条；该值比组内最高 Activity Level 低至少 0.4，仅删除该记录
NNC(=O)c1ccncc1,Results_004,5222,0,0,1,1,参考化合物有效条目超过 8 条；该值比组内最高 Activity Level 低至少 0.4，仅删除该记录
NNC(=O)c1ccncc1,Results_004,5223,0,0,1,1,参考化合物有效条目超过 8 条；该值比组内最高 Activity Level 低至少 0.4，仅删除该记录
NNC(=O)c1ccncc1,Results_004,5345,0.6,0,1,1,参考化合物有效条目超过 8 条；该值比组内最高 Activity Level 低至少 0.4，仅删除该记录
NNC(=O)c1ccncc1,Results_004,5346,0.4,0,1,1,参考化合物有效条目超过 8 条；该值比组内最高 Activity Level 低至少 0.4，仅删除该记录
NNC(=O)c1ccncc1,Results_004,5531,0,0,1,1,参考化合物有效条目超过 8 条；该值比组内最高 Activity Level 低至少 0.4，仅删除该记录
NNC(=O)c1ccncc1,Results_004,5759,0.4,0,1,1,参考化合物有效条目超过 8 条；该值比组内最高 Activity Level 低至少 0.4，仅删除该记录
NNC(=O)c1ccncc1,Results_004,5760,0,0,1,1,参考化合物有效条目超过 8 条；该值比组内最高 Activity Level 低至少 0.4，仅删除该记录
NNC(=O)c1ccncc1,Results_004,6530,0.6,0,1,1,参考化合物有效条目超过 8 条；该值比组内最高 Activity Level 低至少 0.4，仅删除该记录
NNC(=O)c1ccncc1,Results_004,6531,0.2,0,1,1,参考化合物有效条目超过 8 条；该值比组内最高 Activity Level 低至少 0.4，仅删除该记录
NNC(=O)c1ccncc1,Results_004,6543,0.4,0,1,1,参考化合物有效条目超过 8 条；该值比组内最高 Activity Level 低至少 0.4，仅删除该记录
NNC(=O)c1ccncc1,Results_004,6569,0,0,1,1,参考化合物有效条目超过 8 条；该值比组内最高 Activity Level 低至少 0.4，仅删除该记录
NNC(=O)c1ccncc1,Results_004,6570,0,0,1,1,参考化合物有效条目超过 8 条；该值比组内最高 Activity Level 低至少 0.4，仅删除该记录
NNC(=O)c1ccncc1,Results_004,6717,0.4,0,1,1,参考化合物有效条目超过 8 条；该值比组内最高 Activity Level 低至少 0.4，仅删除该记录
NNC(=O)c1ccncc1,Results_004,7702,0.4,0,1,1,参考化合物有效条目超过 8 条；该值比组内最高 Activity Level 低至少 0.4，仅删除该记录
NNC(=O)c1ccncc1,Results_004,7760,0.4,0,1,1,参考化合物有效条目超过 8 条；该值比组内最高 Activity Level 低至少 0.4，仅删除该记录
NNC(=O)c1ccncc1,Results_004,7831,0.1,0,1,1,参考化合物有效条目超过 8 条；该值比组内最高 Activity Level 低至少 0.4，仅删除该记录
NNC(=O)c1ccncc1,Results_004,7867,0.2,0,1,1,参考化合物有效条目超过 8 条；该值比组内最高 Activity Level 低至少 0.4，仅删除该记录
NNC(=O)c1ccncc1,Results_004,8039,0.1,0,1,1,参考化合物有效条目超过 8 条；该值比组内最高 Activity Level 低至少 0.4，仅删除该记录
NNC(=O)c1ccncc1,Results_004,8134,0.6,0,1,1,参考化合物有效条目超过 8 条；该值比组内最高 Activity Level 低至少 0.4，仅删除该记录
NNC(=O)c1ccncc1,Results_004,8252,0,0,1,1,参考化合物有效条目超过 8 条；该值比组内最高 Activity Level 低至少 0.4，仅删除该记录
NNC(=O)c1ccncc1,Results_004,8666,0.1,0,1,1,参考化合物有效条目超过 8 条；该值比组内最高 Activity Level 低至少 0.4，仅删除该记录
NNC(=O)c1ccncc1,Results_004,8709,0.4,0,1,1,参考化合物有效条目超过 8 条；该值比组内最高 Activity Level 低至少 0.4，仅删除该记录
NNC(=O)c1ccncc1,Results_004,9222,0.1,0,1,1,参考化合物有效条目超过 8 条；该值比组内最高 Activity Level 低至少 0.4，仅删除该记录
NNC(=O)c1ccncc1,Results_004,9223,0.1,0,1,1,参考化合物有效条目超过 8 条；该值比组内最高 Activity Level 低至少 0.4，仅删除该记录
NNC(=O)c1ccncc1,Results_004,9290,0.2,0,1,1,参考化合物有效条目超过 8 条；该值比组内最高 Activity Level 低至少 0.4，仅删除该记录
NNC(=O)c1ccncc1,Results_004,9291,0.2,0,1,1,参考化合物有效条目超过 8 条；该值比组内最高 Activity Level 低至少 0.4，仅删除该记录
NNC(=O)c1ccncc1,Results_004,9292,0.4,0,1,1,参考化合物有效条目超过 8 条；该值比组内最高 Activity Level 低至少 0.4，仅删除该记录
NNC(=O)c1ccncc1,Results_004,9323,0.4,0,1,1,参考化合物有效条目超过 8 条；该值比组内最高 Activity Level 低至少 0.4，仅删除该记录
NNC(=O)c1ccncc1,Results_004,9325,0,0,1,1,参考化合物有效条目超过 8 条；该值比组内最高 Activity Level 低至少 0.4，仅删除该记录
NNC(=O)c1ccncc1,Results_004,9382,0,0,1,1,参考化合物有效条目超过 8 条；该值比组内最高 Activity Level 低至少 0.4，仅删除该记录
NNC(=O)c1ccncc1,Results_004,9823,0.6,0,1,1,参考化合物有效条目超过 8 条；该值比组内最高 Activity Level 低至少 0.4，仅删除该记录
NNC(=O)c1ccncc1,Results_004,10110,0.4,0,1,1,参考化合物有效条目超过 8 条；该值比组内最高 Activity Level 低至少 0.4，仅删除该记录
NNC(=O)c1ccncc1,Results_004,10157,0,0,1,1,参考化合物有效条目超过 8 条；该值比组内最高 Activity Level 低至少 0.4，仅删除该记录
NNC(=O)c1ccncc1,Results_004,10159,0.4,0,1,1,参考化合物有效条目超过 8 条；该值比组内最高 Activity Level 低至少 0.4，仅删除该记录
NNC(=O)c1ccncc1,Results_004,10267,0.6,0,1,1,参考化合物有效条目超过 8 条；该值比组内最高 Activity Level 低至少 0.4，仅删除该记录
NNC(=O)c1ccncc1,Results_004,10342,0,0,1,1,参考化合物有效条目超过 8 条；该值比组内最高 Activity Level 低至少 0.4，仅删除该记录
NNC(=O)c1ccncc1,Results_004,10346,0.1,0,1,1,参考化合物有效条目超过 8 条；该值比组内最高 Activity Level 低至少 0.4，仅删除该记录
NNC(=O)c1ccncc1,Results_004,10347,0,0,1,1,参考化合物有效条目超过 8 条；该值比组内最高 Activity Level 低至少 0.4，仅删除该记录
NNC(=O)c1ccncc1,Results_004,10376,0.2,0,1,1,参考化合物有效条目超过 8 条；该值比组内最高 Activity Level 低至少 0.4，仅删除该记录
NNC(=O)c1ccncc1,Results_004,10377,0.2,0,1,1,参考化合物有效条目超过 8 条；该值比组内最高 Activity Level 低至少 0.4，仅删除该记录
NNC(=O)c1ccncc1,Results_004,10415,0.1,0,1,1,参考化合物有效条目超过 8 条；该值比组内最高 Activity Level 低至少 0.4，仅删除该记录
NNC(=O)c1ccncc1,Results_004,10416,0.1,0,1,1,参考化合物有效条目超过 8 条；该值比组内最高 Activity Level 低至少 0.4，仅删除该记录
NNC(=O)c1ccncc1,Results_004,10417,0.1,0,1,1,参考化合物有效条目超过 8 条；该值比组内最高 Activity Level 低至少 0.4，仅删除该记录
NNC(=O)c1ccncc1,Results_004,10418,0.1,0,1,1,参考化合物有效条目超过 8 条；该值比组内最高 Activity Level 低至少 0.4，仅删除该记录
NNC(=O)c1ccncc1,Results_004,10419,0.1,0,1,1,参考化合物有效条目超过 8 条；该值比组内最高 Activity Level 低至少 0.4，仅删除该记录
NNC(=O)c1ccncc1,Results_004,10420,0.4,0,1,1,参考化合物有效条目超过 8 条；该值比组内最高 Activity Level 低至少 0.4，仅删除该记录
NNC(=O)c1ccncc1,Results_004,10421,0.1,0,1,1,参考化合物有效条目超过 8 条；该值比组内最高 Activity Level 低至少 0.4，仅删除该记录
NNC(=O)c1ccncc1,Results_004,10422,0.1,0,1,1,参考化合物有效条目超过 8 条；该值比组内最高 Activity Level 低至少 0.4，仅删除该记录
NNC(=O)c1ccncc1,Results_004,10423,0.1,0,1,1,参考化合物有效条目超过 8 条；该值比组内最高 Activity Level 低至少 0.4，仅删除该记录
NNC(=O)c1ccncc1,Results_004,10424,0.1,0,1,1,参考化合物有效条目超过 8 条；该值比组内最高 Activity Level 低至少 0.4，仅删除该记录
NNC(=O)c1ccncc1,Results_004,10476,0.6,0,1,1,参考化合物有效条目超过 8 条；该值比组内最高 Activity Level 低至少 0.4，仅删除该记录
NNC(=O)c1ccncc1,Results_004,10478,0,0,1,1,参考化合物有效条目超过 8 条；该值比组内最高 Activity Level 低至少 0.4，仅删除该记录
NNC(=O)c1ccncc1,Results_004,10479,0.1,0,1,1,参考化合物有效条目超过 8 条；该值比组内最高 Activity Level 低至少 0.4，仅删除该记录
NNC(=O)c1ccncc1,Results_004,10480,0,0,1,1,参考化合物有效条目超过 8 条；该值比组内最高 Activity Level 低至少 0.4，仅删除该记录
NNC(=O)c1ccncc1,Results_004,10481,0,0,1,1,参考化合物有效条目超过 8 条；该值比组内最高 Activity Level 低至少 0.4，仅删除该记录
NNC(=O)c1ccncc1,Results_004,10600,0.6,0,1,1,参考化合物有效条目超过 8 条；该值比组内最高 Activity Level 低至少 0.4，仅删除该记录
NNC(=O)c1ccncc1,Results_004,10682,0.2,0,1,1,参考化合物有效条目超过 8 条；该值比组内最高 Activity Level 低至少 0.4，仅删除该记录
NNC(=O)c1ccncc1,Results_004,10683,0.2,0,1,1,参考化合物有效条目超过 8 条；该值比组内最高 Activity Level 低至少 0.4，仅删除该记录
NNC(=O)c1ccncc1,Results_004,10697,0,0,1,1,参考化合物有效条目超过 8 条；该值比组内最高 Activity Level 低至少 0.4，仅删除该记录
NNC(=O)c1ccncc1,Results_004,10698,0.1,0,1,1,参考化合物有效条目超过 8 条；该值比组内最高 Activity Level 低至少 0.4，仅删除该记录
NNC(=O)c1ccncc1,Results_004,10699,0.6,0,1,1,参考化合物有效条目超过 8 条；该值比组内最高 Activity Level 低至少 0.4，仅删除该记录
NNC(=O)c1ccncc1,Results_004,10700,0.4,0,1,1,参考化合物有效条目超过 8 条；该值比组内最高 Activity Level 低至少 0.4，仅删除该记录
NNC(=O)c1ccncc1,Results_004,10701,0,0,1,1,参考化合物有效条目超过 8 条；该值比组内最高 Activity Level 低至少 0.4，仅删除该记录
NNC(=O)c1ccncc1,Results_004,10702,0,0,1,1,参考化合物有效条目超过 8 条；该值比组内最高 Activity Level 低至少 0.4，仅删除该记录
NNC(=O)c1ccncc1,Results_004,10730,0.4,0,1,1,参考化合物有效条目超过 8 条；该值比组内最高 Activity Level 低至少 0.4，仅删除该记录
NNC(=O)c1ccncc1,Results_004,10789,0,0,1,1,参考化合物有效条目超过 8 条；该值比组内最高 Activity Level 低至少 0.4，仅删除该记录
NNC(=O)c1ccncc1,Results_004,10790,0,0,1,1,参考化合物有效条目超过 8 条；该值比组内最高 Activity Level 低至少 0.4，仅删除该记录
NNC(=O)c1ccncc1,Results_004,10791,0,0,1,1,参考化合物有效条目超过 8 条；该值比组内最高 Activity Level 低至少 0.4，仅删除该记录
NNC(=O)c1ccncc1,Results_004,10792,0,0,1,1,参考化合物有效条目超过 8 条；该值比组内最高 Activity Level 低至少 0.4，仅删除该记录
NNC(=O)c1ccncc1,Results_004,11084,0.6,0,1,1,参考化合物有效条目超过 8 条；该值比组内最高 Activity Level 低至少 0.4，仅删除该记录
NNC(=O)c1ccncc1,Results_004,11085,0.4,0,1,1,参考化合物有效条目超过 8 条；该值比组内最高 Activity Level 低至少 0.4，仅删除该记录
NNC(=O)c1ccncc1,Results_004,11086,0.6,0,1,1,参考化合物有效条目超过 8 条；该值比组内最高 Activity Level 低至少 0.4，仅删除该记录
NNC(=O)c1ccncc1,Results_004,11087,0.6,0,1,1,参考化合物有效条目超过 8 条；该值比组内最高 Activity Level 低至少 0.4，仅删除该记录
NNC(=O)c1ccncc1,Results_004,11088,0.6,0,1,1,参考化合物有效条目超过 8 条；该值比组内最高 Activity Level 低至少 0.4，仅删除该记录
NNC(=O)c1ccncc1,Results_004,11089,0.6,0,1,1,参考化合物有效条目超过 8 条；该值比组内最高 Activity Level 低至少 0.4，仅删除该记录
NNC(=O)c1ccncc1,Results_004,11244,0.4,0,1,1,参考化合物有效条目超过 8 条；该值比组内最高 Activity Level 低至少 0.4，仅删除该记录
NNC(=O)c1ccncc1,Results_004,11245,0.6,0,1,1,参考化合物有效条目超过 8 条；该值比组内最高 Activity Level 低至少 0.4，仅删除该记录
NNC(=O)c1ccncc1,Results_004,11246,0,0,1,1,参考化合物有效条目超过 8 条；该值比组内最高 Activity Level 低至少 0.4，仅删除该记录
NNC(=O)c1ccncc1,Results_004,11308,0.2,0,1,1,参考化合物有效条目超过 8 条；该值比组内最高 Activity Level 低至少 0.4，仅删除该记录
NNC(=O)c1ccncc1,Results_004,11310,0.6,0,1,1,参考化合物有效条目超过 8 条；该值比组内最高 Activity Level 低至少 0.4，仅删除该记录
NNC(=O)c1ccncc1,Results_004,11523,0.1,0,1,1,参考化合物有效条目超过 8 条；该值比组内最高 Activity Level 低至少 0.4，仅删除该记录
NNC(=O)c1ccncc1,Results_004,12139,0.4,0,1,1,参考化合物有效条目超过 8 条；该值比组内最高 Activity Level 低至少 0.4，仅删除该记录
NNC(=O)c1ccncc1,Results_004,12387,0.6,0,1,1,参考化合物有效条目超过 8 条；该值比组内最高 Activity Level 低至少 0.4，仅删除该记录
NNC(=O)c1ccncc1,Results_004,12651,0,0,1,1,参考化合物有效条目超过 8 条；该值比组内最高 Activity Level 低至少 0.4，仅删除该记录
NNC(=O)c1ccncc1,Results_004,12652,0,0,1,1,参考化合物有效条目超过 8 条；该值比组内最高 Activity Level 低至少 0.4，仅删除该记录
NNC(=O)c1ccncc1,Results_004,13028,0.2,0,1,1,参考化合物有效条目超过 8 条；该值比组内最高 Activity Level 低至少 0.4，仅删除该记录
NNC(=O)c1ccncc1,Results_004,13102,0.4,0,1,1,参考化合物有效条目超过 8 条；该值比组内最高 Activity Level 低至少 0.4，仅删除该记录
NNC(=O)c1ccncc1,Results_004,13103,0.2,0,1,1,参考化合物有效条目超过 8 条；该值比组内最高 Activity Level 低至少 0.4，仅删除该记录
NNC(=O)c1ccncc1,Results_004,13104,0.4,0,1,1,参考化合物有效条目超过 8 条；该值比组内最高 Activity Level 低至少 0.4，仅删除该记录
NNC(=O)c1ccncc1,Results_004,13248,0.2,0,1,1,参考化合物有效条目超过 8 条；该值比组内最高 Activity Level 低至少 0.4，仅删除该记录
NNC(=O)c1ccncc1,Results_004,13249,0.2,0,1,1,参考化合物有效条目超过 8 条；该值比组内最高 Activity Level 低至少 0.4，仅删除该记录
NNC(=O)c1ccncc1,Results_004,13260,0.2,0,1,1,参考化合物有效条目超过 8 条；该值比组内最高 Activity Level 低至少 0.4，仅删除该记录
NNC(=O)c1ccncc1,Results_004,13433,0.2,0,1,1,参考化合物有效条目超过 8 条；该值比组内最高 Activity Level 低至少 0.4，仅删除该记录
NNC(=O)c1ccncc1,Results_004,13535,0.6,0,1,1,参考化合物有效条目超过 8 条；该值比组内最高 Activity Level 低至少 0.4，仅删除该记录
NNC(=O)c1ccncc1,Results_004,13732,0.1,0,1,1,参考化合物有效条目超过 8 条；该值比组内最高 Activity Level 低至少 0.4，仅删除该记录
NNC(=O)c1ccncc1,Results_004,13753,0,0,1,1,参考化合物有效条目超过 8 条；该值比组内最高 Activity Level 低至少 0.4，仅删除该记录
NNC(=O)c1ccncc1,Results_004,13800,0,0,1,1,参考化合物有效条目超过 8 条；该值比组内最高 Activity Level 低至少 0.4，仅删除该记录
NNC(=O)c1ccncc1,Results_004,13801,0,0,1,1,参考化合物有效条目超过 8 条；该值比组内最高 Activity Level 低至少 0.4，仅删除该记录
NNC(=O)c1ccncc1,Results_004,13959,0.6,0,1,1,参考化合物有效条目超过 8 条；该值比组内最高 Activity Level 低至少 0.4，仅删除该记录
NNC(=O)c1ccncc1,Results_004,14073,0.4,0,1,1,参考化合物有效条目超过 8 条；该值比组内最高 Activity Level 低至少 0.4，仅删除该记录
NNC(=O)c1ccncc1,Results_004,14193,0.2,0,1,1,参考化合物有效条目超过 8 条；该值比组内最高 Activity Level 低至少 0.4，仅删除该记录
NNC(=O)c1ccncc1,Results_004,14194,0.2,0,1,1,参考化合物有效条目超过 8 条；该值比组内最高 Activity Level 低至少 0.4，仅删除该记录
NNC(=O)c1ccncc1,Results_004,14195,0.1,0,1,1,参考化合物有效条目超过 8 条；该值比组内最高 Activity Level 低至少 0.4，仅删除该记录
NNC(=O)c1ccncc1,Results_004,14392,0,0,1,1,参考化合物有效条目超过 8 条；该值比组内最高 Activity Level 低至少 0.4，仅删除该记录
NNC(=O)c1ccncc1,Results_004,14596,0.4,0,1,1,参考化合物有效条目超过 8 条；该值比组内最高 Activity Level 低至少 0.4，仅删除该记录
NNC(=O)c1ccncc1,Results_004,14597,0.1,0,1,1,参考化合物有效条目超过 8 条；该值比组内最高 Activity Level 低至少 0.4，仅删除该记录
NNC(=O)c1ccncc1,Results_004,14794,0,0,1,1,参考化合物有效条目超过 8 条；该值比组内最高 Activity Level 低至少 0.4，仅删除该记录
NNC(=O)c1ccncc1,Results_004,14795,0,0,1,1,参考化合物有效条目超过 8 条；该值比组内最高 Activity Level 低至少 0.4，仅删除该记录
NNC(=O)c1ccncc1,Results_004,14799,0.6,0,1,1,参考化合物有效条目超过 8 条；该值比组内最高 Activity Level 低至少 0.4，仅删除该记录
NNC(=O)c1ccncc1,Results_004,15062,0,0,1,1,参考化合物有效条目超过 8 条；该值比组内最高 Activity Level 低至少 0.4，仅删除该记录
NNC(=O)c1ccncc1,Results_004,15170,0.2,0,1,1,参考化合物有效条目超过 8 条；该值比组内最高 Activity Level 低至少 0.4，仅删除该记录
NNC(=O)c1ccncc1,Results_004,15171,0.4,0,1,1,参考化合物有效条目超过 8 条；该值比组内最高 Activity Level 低至少 0.4，仅删除该记录
NNC(=O)c1ccncc1,Results_004,15174,0.2,0,1,1,参考化合物有效条目超过 8 条；该值比组内最高 Activity Level 低至少 0.4，仅删除该记录
NNC(=O)c1ccncc1,Results_004,15175,0.4,0,1,1,参考化合物有效条目超过 8 条；该值比组内最高 Activity Level 低至少 0.4，仅删除该记录
NNC(=O)c1ccncc1,Results_004,15176,0.2,0,1,1,参考化合物有效条目超过 8 条；该值比组内最高 Activity Level 低至少 0.4，仅删除该记录
NNC(=O)c1ccncc1,Results_004,15177,0.4,0,1,1,参考化合物有效条目超过 8 条；该值比组内最高 Activity Level 低至少 0.4，仅删除该记录
NNC(=O)c1ccncc1,Results_004,15178,0.2,0,1,1,参考化合物有效条目超过 8 条；该值比组内最高 Activity Level 低至少 0.4，仅删除该记录
NNC(=O)c1ccncc1,Results_004,15179,0.2,0,1,1,参考化合物有效条目超过 8 条；该值比组内最高 Activity Level 低至少 0.4，仅删除该记录
NNC(=O)c1ccncc1,Results_004,15571,0,0,1,1,参考化合物有效条目超过 8 条；该值比组内最高 Activity Level 低至少 0.4，仅删除该记录
NNC(=O)c1ccncc1,Results_004,15572,0,0,1,1,参考化合物有效条目超过 8 条；该值比组内最高 Activity Level 低至少 0.4，仅删除该记录
NNC(=O)c1ccncc1,Results_004,15573,0,0,1,1,参考化合物有效条目超过 8 条；该值比组内最高 Activity Level 低至少 0.4，仅删除该记录
NNC(=O)c1ccncc1,Results_004,15738,0.1,0,1,1,参考化合物有效条目超过 8 条；该值比组内最高 Activity Level 低至少 0.4，仅删除该记录
NNC(=O)c1ccncc1,Results_004,15739,0.1,0,1,1,参考化合物有效条目超过 8 条；该值比组内最高 Activity Level 低至少 0.4，仅删除该记录
NNC(=O)c1ccncc1,Results_004,15814,0.2,0,1,1,参考化合物有效条目超过 8 条；该值比组内最高 Activity Level 低至少 0.4，仅删除该记录
NNC(=O)c1ccncc1,Results_004,15815,0.2,0,1,1,参考化合物有效条目超过 8 条；该值比组内最高 Activity Level 低至少 0.4，仅删除该记录
NNC(=O)c1ccncc1,Results_004,15816,0.2,0,1,1,参考化合物有效条目超过 8 条；该值比组内最高 Activity Level 低至少 0.4，仅删除该记录
NNC(=O)c1ccncc1,Results_004,15817,0.2,0,1,1,参考化合物有效条目超过 8 条；该值比组内最高 Activity Level 低至少 0.4，仅删除该记录
NNC(=O)c1ccncc1,Results_004,15818,0.2,0,1,1,参考化合物有效条目超过 8 条；该值比组内最高 Activity Level 低至少 0.4，仅删除该记录
NNC(=O)c1ccncc1,Results_004,16054,0.6,0,1,1,参考化合物有效条目超过 8 条；该值比组内最高 Activity Level 低至少 0.4，仅删除该记录
NNC(=O)c1ccncc1,Results_004,16311,0,0,1,1,参考化合物有效条目超过 8 条；该值比组内最高 Activity Level 低至少 0.4，仅删除该记录
NNC(=O)c1ccncc1,Results_004,16312,0,0,1,1,参考化合物有效条目超过 8 条；该值比组内最高 Activity Level 低至少 0.4，仅删除该记录
NNC(=O)c1ccncc1,Results_004,16398,0.6,0,1,1,参考化合物有效条目超过 8 条；该值比组内最高 Activity Level 低至少 0.4，仅删除该记录
NNC(=O)c1ccncc1,Results_004,16400,0,0,1,1,参考化合物有效条目超过 8 条；该值比组内最高 Activity Level 低至少 0.4，仅删除该记录
NNC(=O)c1ccncc1,Results_004,17030,0.2,0,1,1,参考化合物有效条目超过 8 条；该值比组内最高 Activity Level 低至少 0.4，仅删除该记录
NNC(=O)c1ccncc1,Results_004,17056,0.2,0,1,1,参考化合物有效条目超过 8 条；该值比组内最高 Activity Level 低至少 0.4，仅删除该记录
NNC(=O)c1ccncc1,Results_004,17228,0.4,0,1,1,参考化合物有效条目超过 8 条；该值比组内最高 Activity Level 低至少 0.4，仅删除该记录
NNC(=O)c1ccncc1,Results_004,17229,0.4,0,1,1,参考化合物有效条目超过 8 条；该值比组内最高 Activity Level 低至少 0.4，仅删除该记录
NNC(=O)c1ccncc1,Results_004,17230,0.6,0,1,1,参考化合物有效条目超过 8 条；该值比组内最高 Activity Level 低至少 0.4，仅删除该记录
NNC(=O)c1ccncc1,Results_004,17231,0.6,0,1,1,参考化合物有效条目超过 8 条；该值比组内最高 Activity Level 低至少 0.4，仅删除该记录
NNC(=O)c1ccncc1,Results_004,17232,0.6,0,1,1,参考化合物有效条目超过 8 条；该值比组内最高 Activity Level 低至少 0.4，仅删除该记录
NNC(=O)c1ccncc1,Results_004,17233,0.6,0,1,1,参考化合物有效条目超过 8 条；该值比组内最高 Activity Level 低至少 0.4，仅删除该记录
NNC(=O)c1ccncc1,Results_004,17234,0.4,0,1,1,参考化合物有效条目超过 8 条；该值比组内最高 Activity Level 低至少 0.4，仅删除该记录
NNC(=O)c1ccncc1,Results_004,17693,0.6,0,1,1,参考化合物有效条目超过 8 条；该值比组内最高 Activity Level 低至少 0.4，仅删除该记录
NNC(=O)c1ccncc1,Results_004,17694,0.6,0,1,1,参考化合物有效条目超过 8 条；该值比组内最高 Activity Level 低至少 0.4，仅删除该记录
NNC(=O)c1ccncc1,Results_004,17695,0.6,0,1,1,参考化合物有效条目超过 8 条；该值比组内最高 Activity Level 低至少 0.4，仅删除该记录
NNC(=O)c1ccncc1,Results_004,17696,0.6,0,1,1,参考化合物有效条目超过 8 条；该值比组内最高 Activity Level 低至少 0.4，仅删除该记录
NNC(=O)c1ccncc1,Results_004,17697,0.6,0,1,1,参考化合物有效条目超过 8 条；该值比组内最高 Activity Level 低至少 0.4，仅删除该记录
NNC(=O)c1ccncc1,Results_004,17698,0.4,0,1,1,参考化合物有效条目超过 8 条；该值比组内最高 Activity Level 低至少 0.4，仅删除该记录
NNC(=O)c1ccncc1,Results_004,18042,0.6,0,1,1,参考化合物有效条目超过 8 条；该值比组内最高 Activity Level 低至少 0.4，仅删除该记录
NNC(=O)c1ccncc1,Results_004,18043,0.2,0,1,1,参考化合物有效条目超过 8 条；该值比组内最高 Activity Level 低至少 0.4，仅删除该记录
NNC(=O)c1ccncc1,Results_004,18417,0.4,0,1,1,参考化合物有效条目超过 8 条；该值比组内最高 Activity Level 低至少 0.4，仅删除该记录
NNC(=O)c1ccncc1,Results_004,18518,0,0,1,1,参考化合物有效条目超过 8 条；该值比组内最高 Activity Level 低至少 0.4，仅删除该记录
NNC(=O)c1ccncc1,Results_004,18519,0.1,0,1,1,参考化合物有效条目超过 8 条；该值比组内最高 Activity Level 低至少 0.4，仅删除该记录
NNC(=O)c1ccncc1,Results_004,18520,0.1,0,1,1,参考化合物有效条目超过 8 条；该值比组内最高 Activity Level 低至少 0.4，仅删除该记录
NNC(=O)c1ccncc1,Results_005,179,0.2,0,1,1,参考化合物有效条目超过 8 条；该值比组内最高 Activity Level 低至少 0.4，仅删除该记录
NNC(=O)c1ccncc1,Results_005,613,0,0,1,1,参考化合物有效条目超过 8 条；该值比组内最高 Activity Level 低至少 0.4，仅删除该记录
NNC(=O)c1ccncc1,Results_005,614,0,0,1,1,参考化合物有效条目超过 8 条；该值比组内最高 Activity Level 低至少 0.4，仅删除该记录
NNC(=O)c1ccncc1,Results_005,615,0,0,1,1,参考化合物有效条目超过 8 条；该值比组内最高 Activity Level 低至少 0.4，仅删除该记录
NNC(=O)c1ccncc1,Results_005,656,0,0,1,1,参考化合物有效条目超过 8 条；该值比组内最高 Activity Level 低至少 0.4，仅删除该记录
NNC(=O)c1ccncc1,Results_005,657,0,0,1,1,参考化合物有效条目超过 8 条；该值比组内最高 Activity Level 低至少 0.4，仅删除该记录
NNC(=O)c1ccncc1,Results_005,849,0.1,0,1,1,参考化合物有效条目超过 8 条；该值比组内最高 Activity Level 低至少 0.4，仅删除该记录
NNC(=O)c1ccncc1,Results_005,850,0.1,0,1,1,参考化合物有效条目超过 8 条；该值比组内最高 Activity Level 低至少 0.4，仅删除该记录
NNC(=O)c1ccncc1,Results_005,851,0.1,0,1,1,参考化合物有效条目超过 8 条；该值比组内最高 Activity Level 低至少 0.4，仅删除该记录
NNC(=O)c1ccncc1,Results_005,962,0.25,0,1,1,参考化合物有效条目超过 8 条；该值比组内最高 Activity Level 低至少 0.4，仅删除该记录
NNC(=O)c1ccncc1,Results_005,1009,0.1,0,1,1,参考化合物有效条目超过 8 条；该值比组内最高 Activity Level 低至少 0.4，仅删除该记录
NNC(=O)c1ccncc1,Results_005,1254,0.25,0,1,1,参考化合物有效条目超过 8 条；该值比组内最高 Activity Level 低至少 0.4，仅删除该记录
NNC(=O)c1ccncc1,Results_005,1616,0.6,0,1,1,参考化合物有效条目超过 8 条；该值比组内最高 Activity Level 低至少 0.4，仅删除该记录
NNC(=O)c1ccncc1,Results_005,1634,0.4,0,1,1,参考化合物有效条目超过 8 条；该值比组内最高 Activity Level 低至少 0.4，仅删除该记录
NNC(=O)c1ccncc1,Results_005,1635,0.4,0,1,1,参考化合物有效条目超过 8 条；该值比组内最高 Activity Level 低至少 0.4，仅删除该记录
NNC(=O)c1ccncc1,Results_005,1636,0.6,0,1,1,参考化合物有效条目超过 8 条；该值比组内最高 Activity Level 低至少 0.4，仅删除该记录
NNC(=O)c1ccncc1,Results_005,1637,0.6,0,1,1,参考化合物有效条目超过 8 条；该值比组内最高 Activity Level 低至少 0.4，仅删除该记录
NNC(=O)c1ccncc1,Results_005,1638,0.6,0,1,1,参考化合物有效条目超过 8 条；该值比组内最高 Activity Level 低至少 0.4，仅删除该记录
NNC(=O)c1ccncc1,Results_005,1639,0.6,0,1,1,参考化合物有效条目超过 8 条；该值比组内最高 Activity Level 低至少 0.4，仅删除该记录
NNC(=O)c1ccncc1,Results_005,1749,0,0,1,1,参考化合物有效条目超过 8 条；该值比组内最高 Activity Level 低至少 0.4，仅删除该记录
NNC(=O)c1ccncc1,Results_005,2138,0.5,0,1,1,参考化合物有效条目超过 8 条；该值比组内最高 Activity Level 低至少 0.4，仅删除该记录
NNC(=O)c1ccncc1,Results_005,2665,0,0,1,1,参考化合物有效条目超过 8 条；该值比组内最高 Activity Level 低至少 0.4，仅删除该记录
NNC(=O)c1ccncc1,Results_005,2666,0.4,0,1,1,参考化合物有效条目超过 8 条；该值比组内最高 Activity Level 低至少 0.4，仅删除该记录
NNC(=O)c1ccncc1,Results_005,2667,0.1,0,1,1,参考化合物有效条目超过 8 条；该值比组内最高 Activity Level 低至少 0.4，仅删除该记录
NNC(=O)c1ccncc1,Results_005,2808,0.2,0,1,1,参考化合物有效条目超过 8 条；该值比组内最高 Activity Level 低至少 0.4，仅删除该记录
NNC(=O)c1ccncc1,Results_005,2809,0.2,0,1,1,参考化合物有效条目超过 8 条；该值比组内最高 Activity Level 低至少 0.4，仅删除该记录
NNC(=O)c1ccncc1,Results_005,3119,0,0,1,1,参考化合物有效条目超过 8 条；该值比组内最高 Activity Level 低至少 0.4，仅删除该记录
NNC(=O)c1ccncc1,Results_005,3452,0,0,1,1,参考化合物有效条目超过 8 条；该值比组内最高 Activity Level 低至少 0.4，仅删除该记录
NNC(=O)c1ccncc1,Results_005,3482,0.4,0,1,1,参考化合物有效条目超过 8 条；该值比组内最高 Activity Level 低至少 0.4，仅删除该记录
NNC(=O)c1ccncc1,Results_005,3483,0.6,0,1,1,参考化合物有效条目超过 8 条；该值比组内最高 Activity Level 低至少 0.4，仅删除该记录
NNC(=O)c1ccncc1,Results_005,3484,0.4,0,1,1,参考化合物有效条目超过 8 条；该值比组内最高 Activity Level 低至少 0.4，仅删除该记录
NNC(=O)c1ccncc1,Results_005,3532,0.2,0,1,1,参考化合物有效条目超过 8 条；该值比组内最高 Activity Level 低至少 0.4，仅删除该记录
NNC(=O)c1ccncc1,Results_005,3533,0.2,0,1,1,参考化合物有效条目超过 8 条；该值比组内最高 Activity Level 低至少 0.4，仅删除该记录
NNC(=O)c1ccncc1,Results_005,3534,0.2,0,1,1,参考化合物有效条目超过 8 条；该值比组内最高 Activity Level 低至少 0.4，仅删除该记录
NNC(=O)c1ccncc1,Results_005,3535,0.6,0,1,1,参考化合物有效条目超过 8 条；该值比组内最高 Activity Level 低至少 0.4，仅删除该记录
NNC(=O)c1ccncc1,Results_005,3536,0.1,0,1,1,参考化合物有效条目超过 8 条；该值比组内最高 Activity Level 低至少 0.4，仅删除该记录
NNC(=O)c1ccncc1,Results_005,3537,0.2,0,1,1,参考化合物有效条目超过 8 条；该值比组内最高 Activity Level 低至少 0.4，仅删除该记录
NNC(=O)c1ccncc1,Results_005,3538,0.2,0,1,1,参考化合物有效条目超过 8 条；该值比组内最高 Activity Level 低至少 0.4，仅删除该记录
NNC(=O)c1ccncc1,Results_005,3539,0,0,1,1,参考化合物有效条目超过 8 条；该值比组内最高 Activity Level 低至少 0.4，仅删除该记录
NNC(=O)c1ccncc1,Results_005,3540,0.2,0,1,1,参考化合物有效条目超过 8 条；该值比组内最高 Activity Level 低至少 0.4，仅删除该记录
NNC(=O)c1ccncc1,Results_005,3541,0.1,0,1,1,参考化合物有效条目超过 8 条；该值比组内最高 Activity Level 低至少 0.4，仅删除该记录
NNC(=O)c1ccncc1,Results_005,3542,0.6,0,1,1,参考化合物有效条目超过 8 条；该值比组内最高 Activity Level 低至少 0.4，仅删除该记录
NNC(=O)c1ccncc1,Results_005,3543,0.1,0,1,1,参考化合物有效条目超过 8 条；该值比组内最高 Activity Level 低至少 0.4，仅删除该记录
NNC(=O)c1ccncc1,Results_005,3544,0.2,0,1,1,参考化合物有效条目超过 8 条；该值比组内最高 Activity Level 低至少 0.4，仅删除该记录
NNC(=O)c1ccncc1,Results_005,3545,0.6,0,1,1,参考化合物有效条目超过 8 条；该值比组内最高 Activity Level 低至少 0.4，仅删除该记录
NNC(=O)c1ccncc1,Results_005,3546,0.6,0,1,1,参考化合物有效条目超过 8 条；该值比组内最高 Activity Level 低至少 0.4，仅删除该记录
NNC(=O)c1ccncc1,Results_005,3547,0.2,0,1,1,参考化合物有效条目超过 8 条；该值比组内最高 Activity Level 低至少 0.4，仅删除该记录
NNC(=O)c1ccncc1,Results_005,3548,0.2,0,1,1,参考化合物有效条目超过 8 条；该值比组内最高 Activity Level 低至少 0.4，仅删除该记录
NNC(=O)c1ccncc1,Results_005,3549,0.4,0,1,1,参考化合物有效条目超过 8 条；该值比组内最高 Activity Level 低至少 0.4，仅删除该记录
NNC(=O)c1ccncc1,Results_005,3550,0.2,0,1,1,参考化合物有效条目超过 8 条；该值比组内最高 Activity Level 低至少 0.4，仅删除该记录
NNC(=O)c1ccncc1,Results_005,3551,0,0,1,1,参考化合物有效条目超过 8 条；该值比组内最高 Activity Level 低至少 0.4，仅删除该记录
NNC(=O)c1ccncc1,Results_005,3552,0,0,1,1,参考化合物有效条目超过 8 条；该值比组内最高 Activity Level 低至少 0.4，仅删除该记录
NNC(=O)c1ccncc1,Results_005,3553,0.4,0,1,1,参考化合物有效条目超过 8 条；该值比组内最高 Activity Level 低至少 0.4，仅删除该记录
NNC(=O)c1ccncc1,Results_005,3715,0.6,0,1,1,参考化合物有效条目超过 8 条；该值比组内最高 Activity Level 低至少 0.4，仅删除该记录
NNC(=O)c1ccncc1,Results_005,3911,0,0,1,1,参考化合物有效条目超过 8 条；该值比组内最高 Activity Level 低至少 0.4，仅删除该记录
NNC(=O)c1ccncc1,Results_005,3930,0.2,0,1,1,参考化合物有效条目超过 8 条；该值比组内最高 Activity Level 低至少 0.4，仅删除该记录
NNC(=O)c1ccncc1,Results_005,3931,0,0,1,1,参考化合物有效条目超过 8 条；该值比组内最高 Activity Level 低至少 0.4，仅删除该记录
NNC(=O)c1ccncc1,Results_005,4287,0,0,1,1,参考化合物有效条目超过 8 条；该值比组内最高 Activity Level 低至少 0.4，仅删除该记录
NNC(=O)c1ccncc1,Results_005,4853,0.1,0,1,1,参考化合物有效条目超过 8 条；该值比组内最高 Activity Level 低至少 0.4，仅删除该记录
NNC(=O)c1ccncc1,Results_005,4854,0.1,0,1,1,参考化合物有效条目超过 8 条；该值比组内最高 Activity Level 低至少 0.4，仅删除该记录
NNC(=O)c1ccncc1,Results_005,4855,0.1,0,1,1,参考化合物有效条目超过 8 条；该值比组内最高 Activity Level 低至少 0.4，仅删除该记录
NNC(=O)c1ccncc1,Results_005,4856,0.1,0,1,1,参考化合物有效条目超过 8 条；该值比组内最高 Activity Level 低至少 0.4，仅删除该记录
NNC(=O)c1ccncc1,Results_005,4857,0.1,0,1,1,参考化合物有效条目超过 8 条；该值比组内最高 Activity Level 低至少 0.4，仅删除该记录
NNC(=O)c1ccncc1,Results_005,5006,0.5,0,1,1,参考化合物有效条目超过 8 条；该值比组内最高 Activity Level 低至少 0.4，仅删除该记录
NNC(=O)c1ccncc1,Results_005,5205,0.1,0,1,1,参考化合物有效条目超过 8 条；该值比组内最高 Activity Level 低至少 0.4，仅删除该记录
NNC(=O)c1ccncc1,Results_005,5206,0.1,0,1,1,参考化合物有效条目超过 8 条；该值比组内最高 Activity Level 低至少 0.4，仅删除该记录
NNC(=O)c1ccncc1,Results_005,5207,0.1,0,1,1,参考化合物有效条目超过 8 条；该值比组内最高 Activity Level 低至少 0.4，仅删除该记录
NNC(=O)c1ccncc1,Results_005,5208,0.1,0,1,1,参考化合物有效条目超过 8 条；该值比组内最高 Activity Level 低至少 0.4，仅删除该记录
NNC(=O)c1ccncc1,Results_005,5209,0.1,0,1,1,参考化合物有效条目超过 8 条；该值比组内最高 Activity Level 低至少 0.4，仅删除该记录
NNC(=O)c1ccncc1,Results_005,5691,0.2,0,1,1,参考化合物有效条目超过 8 条；该值比组内最高 Activity Level 低至少 0.4，仅删除该记录
NNC(=O)c1ccncc1,Results_005,5692,0.2,0,1,1,参考化合物有效条目超过 8 条；该值比组内最高 Activity Level 低至少 0.4，仅删除该记录
NNC(=O)c1ccncc1,Results_005,5694,0.2,0,1,1,参考化合物有效条目超过 8 条；该值比组内最高 Activity Level 低至少 0.4，仅删除该记录
NNC(=O)c1ccncc1,Results_005,5695,0.2,0,1,1,参考化合物有效条目超过 8 条；该值比组内最高 Activity Level 低至少 0.4，仅删除该记录
NNC(=O)c1ccncc1,Results_005,5990,0.1,0,1,1,参考化合物有效条目超过 8 条；该值比组内最高 Activity Level 低至少 0.4，仅删除该记录
NNC(=O)c1ccncc1,Results_005,5991,0.1,0,1,1,参考化合物有效条目超过 8 条；该值比组内最高 Activity Level 低至少 0.4，仅删除该记录
NNC(=O)c1ccncc1,Results_005,5994,0.4,0,1,1,参考化合物有效条目超过 8 条；该值比组内最高 Activity Level 低至少 0.4，仅删除该记录
NNC(=O)c1ccncc1,Results_005,6020,0.1,0,1,1,参考化合物有效条目超过 8 条；该值比组内最高 Activity Level 低至少 0.4，仅删除该记录
NNC(=O)c1ccncc1,Results_005,6021,0.1,0,1,1,参考化合物有效条目超过 8 条；该值比组内最高 Activity Level 低至少 0.4，仅删除该记录
NNC(=O)c1ccncc1,Results_005,6022,0.1,0,1,1,参考化合物有效条目超过 8 条；该值比组内最高 Activity Level 低至少 0.4，仅删除该记录
NNC(=O)c1ccncc1,Results_005,6023,0.1,0,1,1,参考化合物有效条目超过 8 条；该值比组内最高 Activity Level 低至少 0.4，仅删除该记录
NNC(=O)c1ccncc1,Results_005,6078,0,0,1,1,参考化合物有效条目超过 8 条；该值比组内最高 Activity Level 低至少 0.4，仅删除该记录
NNC(=O)c1ccncc1,Results_005,6104,0,0,1,1,参考化合物有效条目超过 8 条；该值比组内最高 Activity Level 低至少 0.4，仅删除该记录
NNC(=O)c1ccncc1,Results_005,6105,0,0,1,1,参考化合物有效条目超过 8 条；该值比组内最高 Activity Level 低至少 0.4，仅删除该记录
NNC(=O)c1ccncc1,Results_005,6190,0,0,1,1,参考化合物有效条目超过 8 条；该值比组内最高 Activity Level 低至少 0.4，仅删除该记录
NNC(=O)c1ccncc1,Results_005,6635,0.2,0,1,1,参考化合物有效条目超过 8 条；该值比组内最高 Activity Level 低至少 0.4，仅删除该记录
NNC(=O)c1ccncc1,Results_005,6636,0.2,0,1,1,参考化合物有效条目超过 8 条；该值比组内最高 Activity Level 低至少 0.4，仅删除该记录
NNC(=O)c1ccncc1,Results_005,6637,0.2,0,1,1,参考化合物有效条目超过 8 条；该值比组内最高 Activity Level 低至少 0.4，仅删除该记录
NNC(=O)c1ccncc1,Results_005,6638,0.2,0,1,1,参考化合物有效条目超过 8 条；该值比组内最高 Activity Level 低至少 0.4，仅删除该记录
NNC(=O)c1ccncc1,Results_005,6639,0.2,0,1,1,参考化合物有效条目超过 8 条；该值比组内最高 Activity Level 低至少 0.4，仅删除该记录
NNC(=O)c1ccncc1,Results_005,6642,0.2,0,1,1,参考化合物有效条目超过 8 条；该值比组内最高 Activity Level 低至少 0.4，仅删除该记录
NNC(=O)c1ccncc1,Results_005,6643,0.2,0,1,1,参考化合物有效条目超过 8 条；该值比组内最高 Activity Level 低至少 0.4，仅删除该记录
NNC(=O)c1ccncc1,Results_005,6644,0.2,0,1,1,参考化合物有效条目超过 8 条；该值比组内最高 Activity Level 低至少 0.4，仅删除该记录
NNC(=O)c1ccncc1,Results_005,6645,0.2,0,1,1,参考化合物有效条目超过 8 条；该值比组内最高 Activity Level 低至少 0.4，仅删除该记录
NNC(=O)c1ccncc1,Results_005,6646,0.2,0,1,1,参考化合物有效条目超过 8 条；该值比组内最高 Activity Level 低至少 0.4，仅删除该记录
NNC(=O)c1ccncc1,Results_005,6702,0.1,0,1,1,参考化合物有效条目超过 8 条；该值比组内最高 Activity Level 低至少 0.4，仅删除该记录
NNC(=O)c1ccncc1,Results_005,7107,0,0,1,1,参考化合物有效条目超过 8 条；该值比组内最高 Activity Level 低至少 0.4，仅删除该记录
NNC(=O)c1ccncc1,Results_005,7231,0.6,0,1,1,参考化合物有效条目超过 8 条；该值比组内最高 Activity Level 低至少 0.4，仅删除该记录
NNC(=O)c1ccncc1,Results_005,7894,0.1,0,1,1,参考化合物有效条目超过 8 条；该值比组内最高 Activity Level 低至少 0.4，仅删除该记录
NNC(=O)c1ccncc1,Results_005,8187,0.4,0,1,1,参考化合物有效条目超过 8 条；该值比组内最高 Activity Level 低至少 0.4，仅删除该记录
NNC(=O)c1ccncc1,Results_005,8211,0,0,1,1,参考化合物有效条目超过 8 条；该值比组内最高 Activity Level 低至少 0.4，仅删除该记录
NNC(=O)c1ccncc1,Results_005,8491,0,0,1,1,参考化合物有效条目超过 8 条；该值比组内最高 Activity Level 低至少 0.4，仅删除该记录
NNC(=O)c1ccncc1,Results_005,8493,0,0,1,1,参考化合物有效条目超过 8 条；该值比组内最高 Activity Level 低至少 0.4，仅删除该记录
NNC(=O)c1ccncc1,Results_005,8595,0.6,0,1,1,参考化合物有效条目超过 8 条；该值比组内最高 Activity Level 低至少 0.4，仅删除该记录
NNC(=O)c1ccncc1,Results_005,8674,0,0,1,1,参考化合物有效条目超过 8 条；该值比组内最高 Activity Level 低至少 0.4，仅删除该记录
NNC(=O)c1ccncc1,Results_005,8694,0,0,1,1,参考化合物有效条目超过 8 条；该值比组内最高 Activity Level 低至少 0.4，仅删除该记录
NNC(=O)c1ccncc1,Results_005,8922,0.1,0,1,1,参考化合物有效条目超过 8 条；该值比组内最高 Activity Level 低至少 0.4，仅删除该记录
NNC(=O)c1ccncc1,Results_005,9031,0.6,0,1,1,参考化合物有效条目超过 8 条；该值比组内最高 Activity Level 低至少 0.4，仅删除该记录
NNC(=O)c1ccncc1,Results_005,9086,0.6,0,1,1,参考化合物有效条目超过 8 条；该值比组内最高 Activity Level 低至少 0.4，仅删除该记录
NNC(=O)c1ccncc1,Results_005,9087,0.6,0,1,1,参考化合物有效条目超过 8 条；该值比组内最高 Activity Level 低至少 0.4，仅删除该记录
NNC(=O)c1ccncc1,Results_005,9150,0.2,0,1,1,参考化合物有效条目超过 8 条；该值比组内最高 Activity Level 低至少 0.4，仅删除该记录
NNC(=O)c1ccncc1,Results_005,9151,0.6,0,1,1,参考化合物有效条目超过 8 条；该值比组内最高 Activity Level 低至少 0.4，仅删除该记录
NNC(=O)c1ccncc1,Results_005,9152,0.4,0,1,1,参考化合物有效条目超过 8 条；该值比组内最高 Activity Level 低至少 0.4，仅删除该记录
NNC(=O)c1ccncc1,Results_005,9153,0.2,0,1,1,参考化合物有效条目超过 8 条；该值比组内最高 Activity Level 低至少 0.4，仅删除该记录
NNC(=O)c1ccncc1,Results_005,9178,0,0,1,1,参考化合物有效条目超过 8 条；该值比组内最高 Activity Level 低至少 0.4，仅删除该记录
NNC(=O)c1ccncc1,Results_005,9179,0.6,0,1,1,参考化合物有效条目超过 8 条；该值比组内最高 Activity Level 低至少 0.4，仅删除该记录
NNC(=O)c1ccncc1,Results_005,9545,0.4,0,1,1,参考化合物有效条目超过 8 条；该值比组内最高 Activity Level 低至少 0.4，仅删除该记录
NNC(=O)c1ccncc1,Results_005,9665,0.6,0,1,1,参考化合物有效条目超过 8 条；该值比组内最高 Activity Level 低至少 0.4，仅删除该记录
NNC(=O)c1ccncc1,Results_005,9667,0,0,1,1,参考化合物有效条目超过 8 条；该值比组内最高 Activity Level 低至少 0.4，仅删除该记录
NNC(=O)c1ccncc1,Results_005,9668,0,0,1,1,参考化合物有效条目超过 8 条；该值比组内最高 Activity Level 低至少 0.4，仅删除该记录
NNC(=O)c1ccncc1,Results_005,9815,0.4,0,1,1,参考化合物有效条目超过 8 条；该值比组内最高 Activity Level 低至少 0.4，仅删除该记录
NNC(=O)c1ccncc1,Results_005,9893,0.6,0,1,1,参考化合物有效条目超过 8 条；该值比组内最高 Activity Level 低至少 0.4，仅删除该记录
NNC(=O)c1ccncc1,Results_005,9894,0.6,0,1,1,参考化合物有效条目超过 8 条；该值比组内最高 Activity Level 低至少 0.4，仅删除该记录
NNC(=O)c1ccncc1,Results_005,9895,0.6,0,1,1,参考化合物有效条目超过 8 条；该值比组内最高 Activity Level 低至少 0.4，仅删除该记录
NNC(=O)c1ccncc1,Results_005,9896,0.6,0,1,1,参考化合物有效条目超过 8 条；该值比组内最高 Activity Level 低至少 0.4，仅删除该记录
NNC(=O)c1ccncc1,Results_005,9897,0.6,0,1,1,参考化合物有效条目超过 8 条；该值比组内最高 Activity Level 低至少 0.4，仅删除该记录
NNC(=O)c1ccncc1,Results_005,9898,0.4,0,1,1,参考化合物有效条目超过 8 条；该值比组内最高 Activity Level 低至少 0.4，仅删除该记录
NNC(=O)c1ccncc1,Results_005,10971,0.6,0,1,1,参考化合物有效条目超过 8 条；该值比组内最高 Activity Level 低至少 0.4，仅删除该记录
NNC(=O)c1ccncc1,Results_005,10972,0,0,1,1,参考化合物有效条目超过 8 条；该值比组内最高 Activity Level 低至少 0.4，仅删除该记录
NNC(=O)c1ccncc1,Results_005,11081,0,0,1,1,参考化合物有效条目超过 8 条；该值比组内最高 Activity Level 低至少 0.4，仅删除该记录
NNC(=O)c1ccncc1,Results_005,11253,0.4,0,1,1,参考化合物有效条目超过 8 条；该值比组内最高 Activity Level 低至少 0.4，仅删除该记录
NNC(=O)c1ccncc1,Results_005,11307,0.6,0,1,1,参考化合物有效条目超过 8 条；该值比组内最高 Activity Level 低至少 0.4，仅删除该记录
NNC(=O)c1ccncc1,Results_005,11308,0.6,0,1,1,参考化合物有效条目超过 8 条；该值比组内最高 Activity Level 低至少 0.4，仅删除该记录
NNC(=O)c1ccncc1,Results_005,11309,0.6,0,1,1,参考化合物有效条目超过 8 条；该值比组内最高 Activity Level 低至少 0.4，仅删除该记录
NNC(=O)c1ccncc1,Results_005,11310,0.6,0,1,1,参考化合物有效条目超过 8 条；该值比组内最高 Activity Level 低至少 0.4，仅删除该记录
NNC(=O)c1ccncc1,Results_005,11311,0.6,0,1,1,参考化合物有效条目超过 8 条；该值比组内最高 Activity Level 低至少 0.4，仅删除该记录
NNC(=O)c1ccncc1,Results_005,11312,0.6,0,1,1,参考化合物有效条目超过 8 条；该值比组内最高 Activity Level 低至少 0.4，仅删除该记录
NNC(=O)c1ccncc1,Results_005,11313,0.6,0,1,1,参考化合物有效条目超过 8 条；该值比组内最高 Activity Level 低至少 0.4，仅删除该记录
NNC(=O)c1ccncc1,Results_005,11314,0.6,0,1,1,参考化合物有效条目超过 8 条；该值比组内最高 Activity Level 低至少 0.4，仅删除该记录
NNC(=O)c1ccncc1,Results_005,11315,0.6,0,1,1,参考化合物有效条目超过 8 条；该值比组内最高 Activity Level 低至少 0.4，仅删除该记录
NNC(=O)c1ccncc1,Results_005,11472,0.2,0,1,1,参考化合物有效条目超过 8 条；该值比组内最高 Activity Level 低至少 0.4，仅删除该记录
NNC(=O)c1ccncc1,Results_005,11572,0.4,0,1,1,参考化合物有效条目超过 8 条；该值比组内最高 Activity Level 低至少 0.4，仅删除该记录
NNC(=O)c1ccncc1,Results_005,11698,0.1,0,1,1,参考化合物有效条目超过 8 条；该值比组内最高 Activity Level 低至少 0.4，仅删除该记录
NNC(=O)c1ccncc1,Results_005,11738,0,0,1,1,参考化合物有效条目超过 8 条；该值比组内最高 Activity Level 低至少 0.4，仅删除该记录
NNC(=O)c1ccncc1,Results_005,11739,0,0,1,1,参考化合物有效条目超过 8 条；该值比组内最高 Activity Level 低至少 0.4，仅删除该记录
NNC(=O)c1ccncc1,Results_005,12110,0.2,0,1,1,参考化合物有效条目超过 8 条；该值比组内最高 Activity Level 低至少 0.4，仅删除该记录
NNC(=O)c1ccncc1,Results_005,12414,0,0,1,1,参考化合物有效条目超过 8 条；该值比组内最高 Activity Level 低至少 0.4，仅删除该记录
NNC(=O)c1ccncc1,Results_005,12574,0.4,0,1,1,参考化合物有效条目超过 8 条；该值比组内最高 Activity Level 低至少 0.4，仅删除该记录
NNC(=O)c1ccncc1,Results_005,12575,0.4,0,1,1,参考化合物有效条目超过 8 条；该值比组内最高 Activity Level 低至少 0.4，仅删除该记录
NNC(=O)c1ccncc1,Results_005,12577,0.4,0,1,1,参考化合物有效条目超过 8 条；该值比组内最高 Activity Level 低至少 0.4，仅删除该记录
NNC(=O)c1ccncc1,Results_005,12578,0.4,0,1,1,参考化合物有效条目超过 8 条；该值比组内最高 Activity Level 低至少 0.4，仅删除该记录
NNC(=O)c1ccncc1,Results_005,12580,0.4,0,1,1,参考化合物有效条目超过 8 条；该值比组内最高 Activity Level 低至少 0.4，仅删除该记录
NNC(=O)c1ccncc1,Results_005,12581,0.4,0,1,1,参考化合物有效条目超过 8 条；该值比组内最高 Activity Level 低至少 0.4，仅删除该记录
NNC(=O)c1ccncc1,Results_005,12666,0.6,0,1,1,参考化合物有效条目超过 8 条；该值比组内最高 Activity Level 低至少 0.4，仅删除该记录
NNC(=O)c1ccncc1,Results_005,12667,0.2,0,1,1,参考化合物有效条目超过 8 条；该值比组内最高 Activity Level 低至少 0.4，仅删除该记录
NNC(=O)c1ccncc1,Results_005,12978,0.4,0,1,1,参考化合物有效条目超过 8 条；该值比组内最高 Activity Level 低至少 0.4，仅删除该记录
NNC(=O)c1ccncc1,Results_005,13063,0.6,0,1,1,参考化合物有效条目超过 8 条；该值比组内最高 Activity Level 低至少 0.4，仅删除该记录
NNC(=O)c1ccncc1,Results_005,13064,0.1,0,1,1,参考化合物有效条目超过 8 条；该值比组内最高 Activity Level 低至少 0.4，仅删除该记录
NNC(=O)c1ccncc1,Results_005,13590,0,0,1,1,参考化合物有效条目超过 8 条；该值比组内最高 Activity Level 低至少 0.4，仅删除该记录
NNC(=O)c1ccncc1,Results_005,13666,0.6,0,1,1,参考化合物有效条目超过 8 条；该值比组内最高 Activity Level 低至少 0.4，仅删除该记录
NNC(=O)c1ccncc1,Results_005,13668,0.6,0,1,1,参考化合物有效条目超过 8 条；该值比组内最高 Activity Level 低至少 0.4，仅删除该记录
NNC(=O)c1ccncc1,Results_005,13670,0.2,0,1,1,参考化合物有效条目超过 8 条；该值比组内最高 Activity Level 低至少 0.4，仅删除该记录
NNC(=O)c1ccncc1,Results_005,13671,0.2,0,1,1,参考化合物有效条目超过 8 条；该值比组内最高 Activity Level 低至少 0.4，仅删除该记录
NNC(=O)c1ccncc1,Results_005,14206,0.2,0,1,1,参考化合物有效条目超过 8 条；该值比组内最高 Activity Level 低至少 0.4，仅删除该记录
NNC(=O)c1ccncc1,Results_005,14618,0.6,0,1,1,参考化合物有效条目超过 8 条；该值比组内最高 Activity Level 低至少 0.4，仅删除该记录
NNC(=O)c1ccncc1,Results_005,14780,0.4,0,1,1,参考化合物有效条目超过 8 条；该值比组内最高 Activity Level 低至少 0.4，仅删除该记录
NNC(=O)c1ccncc1,Results_005,14790,0.6,0,1,1,参考化合物有效条目超过 8 条；该值比组内最高 Activity Level 低至少 0.4，仅删除该记录
NNC(=O)c1ccncc1,Results_005,14800,0.2,0,1,1,参考化合物有效条目超过 8 条；该值比组内最高 Activity Level 低至少 0.4，仅删除该记录
NNC(=O)c1ccncc1,Results_005,14879,0,0,1,1,参考化合物有效条目超过 8 条；该值比组内最高 Activity Level 低至少 0.4，仅删除该记录
NNC(=O)c1ccncc1,Results_005,14880,0.6,0,1,1,参考化合物有效条目超过 8 条；该值比组内最高 Activity Level 低至少 0.4，仅删除该记录
NNC(=O)c1ccncc1,Results_005,14881,0.6,0,1,1,参考化合物有效条目超过 8 条；该值比组内最高 Activity Level 低至少 0.4，仅删除该记录
NNC(=O)c1ccncc1,Results_005,14882,0.4,0,1,1,参考化合物有效条目超过 8 条；该值比组内最高 Activity Level 低至少 0.4，仅删除该记录
NNC(=O)c1ccncc1,Results_005,14883,0.6,0,1,1,参考化合物有效条目超过 8 条；该值比组内最高 Activity Level 低至少 0.4，仅删除该记录
NNC(=O)c1ccncc1,Results_005,14884,0.4,0,1,1,参考化合物有效条目超过 8 条；该值比组内最高 Activity Level 低至少 0.4，仅删除该记录
NNC(=O)c1ccncc1,Results_005,15083,0.6,0,1,1,参考化合物有效条目超过 8 条；该值比组内最高 Activity Level 低至少 0.4，仅删除该记录
NNC(=O)c1ccncc1,Results_005,15084,0.4,0,1,1,参考化合物有效条目超过 8 条；该值比组内最高 Activity Level 低至少 0.4，仅删除该记录
NNC(=O)c1ccncc1,Results_005,15085,0.4,0,1,1,参考化合物有效条目超过 8 条；该值比组内最高 Activity Level 低至少 0.4，仅删除该记录
NNC(=O)c1ccncc1,Results_005,15216,0.6,0,1,1,参考化合物有效条目超过 8 条；该值比组内最高 Activity Level 低至少 0.4，仅删除该记录
NNC(=O)c1ccncc1,Results_005,15218,0.6,0,1,1,参考化合物有效条目超过 8 条；该值比组内最高 Activity Level 低至少 0.4，仅删除该记录
NNC(=O)c1ccncc1,Results_005,15219,0.6,0,1,1,参考化合物有效条目超过 8 条；该值比组内最高 Activity Level 低至少 0.4，仅删除该记录
NNC(=O)c1ccncc1,Results_005,15220,0.6,0,1,1,参考化合物有效条目超过 8 条；该值比组内最高 Activity Level 低至少 0.4，仅删除该记录
NNC(=O)c1ccncc1,Results_005,15221,0.6,0,1,1,参考化合物有效条目超过 8 条；该值比组内最高 Activity Level 低至少 0.4，仅删除该记录
NNC(=O)c1ccncc1,Results_005,15222,0.6,0,1,1,参考化合物有效条目超过 8 条；该值比组内最高 Activity Level 低至少 0.4，仅删除该记录
NNC(=O)c1ccncc1,Results_005,15774,0.6,0,1,1,参考化合物有效条目超过 8 条；该值比组内最高 Activity Level 低至少 0.4，仅删除该记录
NNC(=O)c1ccncc1,Results_005,16728,0,0,1,1,参考化合物有效条目超过 8 条；该值比组内最高 Activity Level 低至少 0.4，仅删除该记录
NNC(=O)c1ccncc1,Results_005,16731,0,0,1,1,参考化合物有效条目超过 8 条；该值比组内最高 Activity Level 低至少 0.4，仅删除该记录
NNC(=O)c1ccncc1,Results_005,16784,0.4,0,1,1,参考化合物有效条目超过 8 条；该值比组内最高 Activity Level 低至少 0.4，仅删除该记录
NNC(=O)c1ccncc1,Results_005,16832,0,0,1,1,参考化合物有效条目超过 8 条；该值比组内最高 Activity Level 低至少 0.4，仅删除该记录
NNC(=O)c1ccncc1,Results_005,16834,0,0,1,1,参考化合物有效条目超过 8 条；该值比组内最高 Activity Level 低至少 0.4，仅删除该记录
NNC(=O)c1ccncc1,Results_006,209,0.6,0,1,1,参考化合物有效条目超过 8 条；该值比组内最高 Activity Level 低至少 0.4，仅删除该记录
NNC(=O)c1ccncc1,Results_006,210,0.6,0,1,1,参考化合物有效条目超过 8 条；该值比组内最高 Activity Level 低至少 0.4，仅删除该记录
NNC(=O)c1ccncc1,Results_006,211,0.6,0,1,1,参考化合物有效条目超过 8 条；该值比组内最高 Activity Level 低至少 0.4，仅删除该记录
NNC(=O)c1ccncc1,Results_006,212,0.6,0,1,1,参考化合物有效条目超过 8 条；该值比组内最高 Activity Level 低至少 0.4，仅删除该记录
NNC(=O)c1ccncc1,Results_006,330,0,0,1,1,参考化合物有效条目超过 8 条；该值比组内最高 Activity Level 低至少 0.4，仅删除该记录
NNC(=O)c1ccncc1,Results_006,376,0.6,0,1,1,参考化合物有效条目超过 8 条；该值比组内最高 Activity Level 低至少 0.4，仅删除该记录
NNC(=O)c1ccncc1,Results_006,651,0.1,0,1,1,参考化合物有效条目超过 8 条；该值比组内最高 Activity Level 低至少 0.4，仅删除该记录
NNC(=O)c1ccncc1,Results_006,738,0.6,0,1,1,参考化合物有效条目超过 8 条；该值比组内最高 Activity Level 低至少 0.4，仅删除该记录
NNC(=O)c1ccncc1,Results_006,739,0.6,0,1,1,参考化合物有效条目超过 8 条；该值比组内最高 Activity Level 低至少 0.4，仅删除该记录
NNC(=O)c1ccncc1,Results_006,854,0,0,1,1,参考化合物有效条目超过 8 条；该值比组内最高 Activity Level 低至少 0.4，仅删除该记录
NNC(=O)c1ccncc1,Results_006,954,0.2,0,1,1,参考化合物有效条目超过 8 条；该值比组内最高 Activity Level 低至少 0.4，仅删除该记录
NNC(=O)c1ccncc1,Results_006,955,0.2,0,1,1,参考化合物有效条目超过 8 条；该值比组内最高 Activity Level 低至少 0.4，仅删除该记录
NNC(=O)c1ccncc1,Results_006,956,0.2,0,1,1,参考化合物有效条目超过 8 条；该值比组内最高 Activity Level 低至少 0.4，仅删除该记录
NNC(=O)c1ccncc1,Results_006,957,0.2,0,1,1,参考化合物有效条目超过 8 条；该值比组内最高 Activity Level 低至少 0.4，仅删除该记录
NNC(=O)c1ccncc1,Results_006,1028,0.2,0,1,1,参考化合物有效条目超过 8 条；该值比组内最高 Activity Level 低至少 0.4，仅删除该记录
NNC(=O)c1ccncc1,Results_006,1029,0.2,0,1,1,参考化合物有效条目超过 8 条；该值比组内最高 Activity Level 低至少 0.4，仅删除该记录
NNC(=O)c1ccncc1,Results_006,1030,0.6,0,1,1,参考化合物有效条目超过 8 条；该值比组内最高 Activity Level 低至少 0.4，仅删除该记录
NNC(=O)c1ccncc1,Results_006,1031,0.1,0,1,1,参考化合物有效条目超过 8 条；该值比组内最高 Activity Level 低至少 0.4，仅删除该记录
NNC(=O)c1ccncc1,Results_006,1032,0.2,0,1,1,参考化合物有效条目超过 8 条；该值比组内最高 Activity Level 低至少 0.4，仅删除该记录
NNC(=O)c1ccncc1,Results_006,1033,0.1,0,1,1,参考化合物有效条目超过 8 条；该值比组内最高 Activity Level 低至少 0.4，仅删除该记录
NNC(=O)c1ccncc1,Results_006,1034,0,0,1,1,参考化合物有效条目超过 8 条；该值比组内最高 Activity Level 低至少 0.4，仅删除该记录
NNC(=O)c1ccncc1,Results_006,1035,0.2,0,1,1,参考化合物有效条目超过 8 条；该值比组内最高 Activity Level 低至少 0.4，仅删除该记录
NNC(=O)c1ccncc1,Results_006,1036,0.1,0,1,1,参考化合物有效条目超过 8 条；该值比组内最高 Activity Level 低至少 0.4，仅删除该记录
NNC(=O)c1ccncc1,Results_006,1037,0.6,0,1,1,参考化合物有效条目超过 8 条；该值比组内最高 Activity Level 低至少 0.4，仅删除该记录
NNC(=O)c1ccncc1,Results_006,1038,0.2,0,1,1,参考化合物有效条目超过 8 条；该值比组内最高 Activity Level 低至少 0.4，仅删除该记录
NNC(=O)c1ccncc1,Results_006,1039,0.1,0,1,1,参考化合物有效条目超过 8 条；该值比组内最高 Activity Level 低至少 0.4，仅删除该记录
NNC(=O)c1ccncc1,Results_006,1040,0.2,0,1,1,参考化合物有效条目超过 8 条；该值比组内最高 Activity Level 低至少 0.4，仅删除该记录
NNC(=O)c1ccncc1,Results_006,1041,0.6,0,1,1,参考化合物有效条目超过 8 条；该值比组内最高 Activity Level 低至少 0.4，仅删除该记录
NNC(=O)c1ccncc1,Results_006,1042,0.6,0,1,1,参考化合物有效条目超过 8 条；该值比组内最高 Activity Level 低至少 0.4，仅删除该记录
NNC(=O)c1ccncc1,Results_006,1043,0.2,0,1,1,参考化合物有效条目超过 8 条；该值比组内最高 Activity Level 低至少 0.4，仅删除该记录
NNC(=O)c1ccncc1,Results_006,1044,0.2,0,1,1,参考化合物有效条目超过 8 条；该值比组内最高 Activity Level 低至少 0.4，仅删除该记录
NNC(=O)c1ccncc1,Results_006,1045,0.2,0,1,1,参考化合物有效条目超过 8 条；该值比组内最高 Activity Level 低至少 0.4，仅删除该记录
NNC(=O)c1ccncc1,Results_006,1046,0.4,0,1,1,参考化合物有效条目超过 8 条；该值比组内最高 Activity Level 低至少 0.4，仅删除该记录
NNC(=O)c1ccncc1,Results_006,1047,0.2,0,1,1,参考化合物有效条目超过 8 条；该值比组内最高 Activity Level 低至少 0.4，仅删除该记录
NNC(=O)c1ccncc1,Results_006,1048,0,0,1,1,参考化合物有效条目超过 8 条；该值比组内最高 Activity Level 低至少 0.4，仅删除该记录
NNC(=O)c1ccncc1,Results_006,1049,0,0,1,1,参考化合物有效条目超过 8 条；该值比组内最高 Activity Level 低至少 0.4，仅删除该记录
NNC(=O)c1ccncc1,Results_006,1050,0.4,0,1,1,参考化合物有效条目超过 8 条；该值比组内最高 Activity Level 低至少 0.4，仅删除该记录
NNC(=O)c1ccncc1,Results_006,1148,0.2,0,1,1,参考化合物有效条目超过 8 条；该值比组内最高 Activity Level 低至少 0.4，仅删除该记录
NNC(=O)c1ccncc1,Results_006,1149,0.2,0,1,1,参考化合物有效条目超过 8 条；该值比组内最高 Activity Level 低至少 0.4，仅删除该记录
NNC(=O)c1ccncc1,Results_006,1150,0.2,0,1,1,参考化合物有效条目超过 8 条；该值比组内最高 Activity Level 低至少 0.4，仅删除该记录
NNC(=O)c1ccncc1,Results_006,1151,0.4,0,1,1,参考化合物有效条目超过 8 条；该值比组内最高 Activity Level 低至少 0.4，仅删除该记录
NNC(=O)c1ccncc1,Results_006,1152,0.2,0,1,1,参考化合物有效条目超过 8 条；该值比组内最高 Activity Level 低至少 0.4，仅删除该记录
NNC(=O)c1ccncc1,Results_006,1153,0.2,0,1,1,参考化合物有效条目超过 8 条；该值比组内最高 Activity Level 低至少 0.4，仅删除该记录
NNC(=O)c1ccncc1,Results_006,1154,0.2,0,1,1,参考化合物有效条目超过 8 条；该值比组内最高 Activity Level 低至少 0.4，仅删除该记录
NNC(=O)c1ccncc1,Results_006,1155,0.2,0,1,1,参考化合物有效条目超过 8 条；该值比组内最高 Activity Level 低至少 0.4，仅删除该记录
NNC(=O)c1ccncc1,Results_006,1156,0.2,0,1,1,参考化合物有效条目超过 8 条；该值比组内最高 Activity Level 低至少 0.4，仅删除该记录
NNC(=O)c1ccncc1,Results_006,1157,0.2,0,1,1,参考化合物有效条目超过 8 条；该值比组内最高 Activity Level 低至少 0.4，仅删除该记录
NNC(=O)c1ccncc1,Results_006,1159,0.2,0,1,1,参考化合物有效条目超过 8 条；该值比组内最高 Activity Level 低至少 0.4，仅删除该记录
NNC(=O)c1ccncc1,Results_006,1160,0.2,0,1,1,参考化合物有效条目超过 8 条；该值比组内最高 Activity Level 低至少 0.4，仅删除该记录
NNC(=O)c1ccncc1,Results_006,1161,0.2,0,1,1,参考化合物有效条目超过 8 条；该值比组内最高 Activity Level 低至少 0.4，仅删除该记录
NNC(=O)c1ccncc1,Results_006,1162,0.2,0,1,1,参考化合物有效条目超过 8 条；该值比组内最高 Activity Level 低至少 0.4，仅删除该记录
NNC(=O)c1ccncc1,Results_006,1367,0,0,1,1,参考化合物有效条目超过 8 条；该值比组内最高 Activity Level 低至少 0.4，仅删除该记录
NNC(=O)c1ccncc1,Results_006,1378,0.6,0,1,1,参考化合物有效条目超过 8 条；该值比组内最高 Activity Level 低至少 0.4，仅删除该记录
NNC(=O)c1ccncc1,Results_006,1526,0.2,0,1,1,参考化合物有效条目超过 8 条；该值比组内最高 Activity Level 低至少 0.4，仅删除该记录
NNC(=O)c1ccncc1,Results_006,1591,0.4,0,1,1,参考化合物有效条目超过 8 条；该值比组内最高 Activity Level 低至少 0.4，仅删除该记录
NNC(=O)c1ccncc1,Results_006,1613,0.1,0,1,1,参考化合物有效条目超过 8 条；该值比组内最高 Activity Level 低至少 0.4，仅删除该记录
NNC(=O)c1ccncc1,Results_006,1614,0.1,0,1,1,参考化合物有效条目超过 8 条；该值比组内最高 Activity Level 低至少 0.4，仅删除该记录
NNC(=O)c1ccncc1,Results_006,1615,0.1,0,1,1,参考化合物有效条目超过 8 条；该值比组内最高 Activity Level 低至少 0.4，仅删除该记录
NNC(=O)c1ccncc1,Results_006,1616,0.1,0,1,1,参考化合物有效条目超过 8 条；该值比组内最高 Activity Level 低至少 0.4，仅删除该记录
NNC(=O)c1ccncc1,Results_006,1617,0.6,0,1,1,参考化合物有效条目超过 8 条；该值比组内最高 Activity Level 低至少 0.4，仅删除该记录
NNC(=O)c1ccncc1,Results_006,1618,0.1,0,1,1,参考化合物有效条目超过 8 条；该值比组内最高 Activity Level 低至少 0.4，仅删除该记录
NNC(=O)c1ccncc1,Results_006,1678,0.1,0,1,1,参考化合物有效条目超过 8 条；该值比组内最高 Activity Level 低至少 0.4，仅删除该记录
NNC(=O)c1ccncc1,Results_006,1679,0.1,0,1,1,参考化合物有效条目超过 8 条；该值比组内最高 Activity Level 低至少 0.4，仅删除该记录
NNC(=O)c1ccncc1,Results_006,1680,0.1,0,1,1,参考化合物有效条目超过 8 条；该值比组内最高 Activity Level 低至少 0.4，仅删除该记录
NNC(=O)c1ccncc1,Results_006,1681,0.1,0,1,1,参考化合物有效条目超过 8 条；该值比组内最高 Activity Level 低至少 0.4，仅删除该记录
NNC(=O)c1ccncc1,Results_006,1994,0.4,0,1,1,参考化合物有效条目超过 8 条；该值比组内最高 Activity Level 低至少 0.4，仅删除该记录
NNC(=O)c1ccncc1,Results_006,2268,0.4,0,1,1,参考化合物有效条目超过 8 条；该值比组内最高 Activity Level 低至少 0.4，仅删除该记录
NNC(=O)c1ccncc1,Results_006,2362,0.6,0,1,1,参考化合物有效条目超过 8 条；该值比组内最高 Activity Level 低至少 0.4，仅删除该记录
NNC(=O)c1ccncc1,Results_006,2460,0,0,1,1,参考化合物有效条目超过 8 条；该值比组内最高 Activity Level 低至少 0.4，仅删除该记录
NNC(=O)c1ccncc1,Results_006,2562,0.6,0,1,1,参考化合物有效条目超过 8 条；该值比组内最高 Activity Level 低至少 0.4，仅删除该记录
NNC(=O)c1ccncc1,Results_006,2636,0.4,0,1,1,参考化合物有效条目超过 8 条；该值比组内最高 Activity Level 低至少 0.4，仅删除该记录
NNC(=O)c1ccncc1,Results_006,2722,0.2,0,1,1,参考化合物有效条目超过 8 条；该值比组内最高 Activity Level 低至少 0.4，仅删除该记录
NNC(=O)c1ccncc1,Results_006,3190,0.1,0,1,1,参考化合物有效条目超过 8 条；该值比组内最高 Activity Level 低至少 0.4，仅删除该记录
NNC(=O)c1ccncc1,Results_006,3335,0.1,0,1,1,参考化合物有效条目超过 8 条；该值比组内最高 Activity Level 低至少 0.4，仅删除该记录
NNC(=O)c1ccncc1,Results_006,3338,0,0,1,1,参考化合物有效条目超过 8 条；该值比组内最高 Activity Level 低至少 0.4，仅删除该记录
NNC(=O)c1ccncc1,Results_006,3339,0,0,1,1,参考化合物有效条目超过 8 条；该值比组内最高 Activity Level 低至少 0.4，仅删除该记录
NNC(=O)c1ccncc1,Results_006,3340,0,0,1,1,参考化合物有效条目超过 8 条；该值比组内最高 Activity Level 低至少 0.4，仅删除该记录
NNC(=O)c1ccncc1,Results_006,3341,0,0,1,1,参考化合物有效条目超过 8 条；该值比组内最高 Activity Level 低至少 0.4，仅删除该记录
NNC(=O)c1ccncc1,Results_006,3342,0.2,0,1,1,参考化合物有效条目超过 8 条；该值比组内最高 Activity Level 低至少 0.4，仅删除该记录
NNC(=O)c1ccncc1,Results_006,3615,0.1,0,1,1,参考化合物有效条目超过 8 条；该值比组内最高 Activity Level 低至少 0.4，仅删除该记录
NNC(=O)c1ccncc1,Results_006,3616,0.1,0,1,1,参考化合物有效条目超过 8 条；该值比组内最高 Activity Level 低至少 0.4，仅删除该记录
NNC(=O)c1ccncc1,Results_006,3755,0.6,0,1,1,参考化合物有效条目超过 8 条；该值比组内最高 Activity Level 低至少 0.4，仅删除该记录
NNC(=O)c1ccncc1,Results_006,3756,0.4,0,1,1,参考化合物有效条目超过 8 条；该值比组内最高 Activity Level 低至少 0.4，仅删除该记录
NNC(=O)c1ccncc1,Results_006,4032,0.1,0,1,1,参考化合物有效条目超过 8 条；该值比组内最高 Activity Level 低至少 0.4，仅删除该记录
NNC(=O)c1ccncc1,Results_006,4033,0.1,0,1,1,参考化合物有效条目超过 8 条；该值比组内最高 Activity Level 低至少 0.4，仅删除该记录
NNC(=O)c1ccncc1,Results_006,4094,0.4,0,1,1,参考化合物有效条目超过 8 条；该值比组内最高 Activity Level 低至少 0.4，仅删除该记录
CC[C@@H](CO)NCCN[C@@H](CC)CO,Results_001,882,0.6,0,1,1,参考化合物有效条目超过 8 条；该值比组内最高 Activity Level 低至少 0.4，仅删除该记录
CC[C@@H](CO)NCCN[C@@H](CC)CO,Results_001,1081,0.1,0,1,1,参考化合物有效条目超过 8 条；该值比组内最高 Activity Level 低至少 0.4，仅删除该记录
CC[C@@H](CO)NCCN[C@@H](CC)CO,Results_001,1278,0.1,0,1,1,参考化合物有效条目超过 8 条；该值比组内最高 Activity Level 低至少 0.4，仅删除该记录
CC[C@@H](CO)NCCN[C@@H](CC)CO,Results_001,1279,0,0,1,1,参考化合物有效条目超过 8 条；该值比组内最高 Activity Level 低至少 0.4，仅删除该记录
CC[C@@H](CO)NCCN[C@@H](CC)CO,Results_001,1281,0.6,0,1,1,参考化合物有效条目超过 8 条；该值比组内最高 Activity Level 低至少 0.4，仅删除该记录
CC[C@@H](CO)NCCN[C@@H](CC)CO,Results_001,2016,0.1,0,1,1,参考化合物有效条目超过 8 条；该值比组内最高 Activity Level 低至少 0.4，仅删除该记录
CC[C@@H](CO)NCCN[C@@H](CC)CO,Results_001,2225,0.6,0,1,1,参考化合物有效条目超过 8 条；该值比组内最高 Activity Level 低至少 0.4，仅删除该记录
CC[C@@H](CO)NCCN[C@@H](CC)CO,Results_001,2257,0.6,0,1,1,参考化合物有效条目超过 8 条；该值比组内最高 Activity Level 低至少 0.4，仅删除该记录
CC[C@@H](CO)NCCN[C@@H](CC)CO,Results_001,2359,0.6,0,1,1,参考化合物有效条目超过 8 条；该值比组内最高 Activity Level 低至少 0.4，仅删除该记录
CC[C@@H](CO)NCCN[C@@H](CC)CO,Results_001,2360,0.6,0,1,1,参考化合物有效条目超过 8 条；该值比组内最高 Activity Level 低至少 0.4，仅删除该记录
CC[C@@H](CO)NCCN[C@@H](CC)CO,Results_001,2361,0.6,0,1,1,参考化合物有效条目超过 8 条；该值比组内最高 Activity Level 低至少 0.4，仅删除该记录
CC[C@@H](CO)NCCN[C@@H](CC)CO,Results_001,2365,0.6,0,1,1,参考化合物有效条目超过 8 条；该值比组内最高 Activity Level 低至少 0.4，仅删除该记录
CC[C@@H](CO)NCCN[C@@H](CC)CO,Results_001,2422,0.6,0,1,1,参考化合物有效条目超过 8 条；该值比组内最高 Activity Level 低至少 0.4，仅删除该记录
CC[C@@H](CO)NCCN[C@@H](CC)CO,Results_001,2800,0.6,0,1,1,参考化合物有效条目超过 8 条；该值比组内最高 Activity Level 低至少 0.4，仅删除该记录
CC[C@@H](CO)NCCN[C@@H](CC)CO,Results_001,2801,0.6,0,1,1,参考化合物有效条目超过 8 条；该值比组内最高 Activity Level 低至少 0.4，仅删除该记录
CC[C@@H](CO)NCCN[C@@H](CC)CO,Results_001,3187,0.6,0,1,1,参考化合物有效条目超过 8 条；该值比组内最高 Activity Level 低至少 0.4，仅删除该记录
CC[C@@H](CO)NCCN[C@@H](CC)CO,Results_001,3971,0.6,0,1,1,参考化合物有效条目超过 8 条；该值比组内最高 Activity Level 低至少 0.4，仅删除该记录
CC[C@@H](CO)NCCN[C@@H](CC)CO,Results_001,4133,0.6,0,1,1,参考化合物有效条目超过 8 条；该值比组内最高 Activity Level 低至少 0.4，仅删除该记录
CC[C@@H](CO)NCCN[C@@H](CC)CO,Results_001,4593,0,0,1,1,参考化合物有效条目超过 8 条；该值比组内最高 Activity Level 低至少 0.4，仅删除该记录
CC[C@@H](CO)NCCN[C@@H](CC)CO,Results_001,4807,0.6,0,1,1,参考化合物有效条目超过 8 条；该值比组内最高 Activity Level 低至少 0.4，仅删除该记录
CC[C@@H](CO)NCCN[C@@H](CC)CO,Results_001,5547,0,0,1,1,参考化合物有效条目超过 8 条；该值比组内最高 Activity Level 低至少 0.4，仅删除该记录
CC[C@@H](CO)NCCN[C@@H](CC)CO,Results_001,6642,0.6,0,1,1,参考化合物有效条目超过 8 条；该值比组内最高 Activity Level 低至少 0.4，仅删除该记录
CC[C@@H](CO)NCCN[C@@H](CC)CO,Results_001,6725,0.6,0,1,1,参考化合物有效条目超过 8 条；该值比组内最高 Activity Level 低至少 0.4，仅删除该记录
CC[C@@H](CO)NCCN[C@@H](CC)CO,Results_001,7218,0.6,0,1,1,参考化合物有效条目超过 8 条；该值比组内最高 Activity Level 低至少 0.4，仅删除该记录
CC[C@@H](CO)NCCN[C@@H](CC)CO,Results_001,7219,0.6,0,1,1,参考化合物有效条目超过 8 条；该值比组内最高 Activity Level 低至少 0.4，仅删除该记录
CC[C@@H](CO)NCCN[C@@H](CC)CO,Results_001,7220,0.6,0,1,1,参考化合物有效条目超过 8 条；该值比组内最高 Activity Level 低至少 0.4，仅删除该记录
CC[C@@H](CO)NCCN[C@@H](CC)CO,Results_001,7437,0.6,0,1,1,参考化合物有效条目超过 8 条；该值比组内最高 Activity Level 低至少 0.4，仅删除该记录
CC[C@@H](CO)NCCN[C@@H](CC)CO,Results_001,7458,0.6,0,1,1,参考化合物有效条目超过 8 条；该值比组内最高 Activity Level 低至少 0.4，仅删除该记录
CC[C@@H](CO)NCCN[C@@H](CC)CO,Results_001,7560,0.6,0,1,1,参考化合物有效条目超过 8 条；该值比组内最高 Activity Level 低至少 0.4，仅删除该记录
CC[C@@H](CO)NCCN[C@@H](CC)CO,Results_001,7802,0.6,0,1,1,参考化合物有效条目超过 8 条；该值比组内最高 Activity Level 低至少 0.4，仅删除该记录
CC[C@@H](CO)NCCN[C@@H](CC)CO,Results_001,8382,0.6,0,1,1,参考化合物有效条目超过 8 条；该值比组内最高 Activity Level 低至少 0.4，仅删除该记录
CC[C@@H](CO)NCCN[C@@H](CC)CO,Results_001,8447,0.6,0,1,1,参考化合物有效条目超过 8 条；该值比组内最高 Activity Level 低至少 0.4，仅删除该记录
CC[C@@H](CO)NCCN[C@@H](CC)CO,Results_001,8565,0.4,0,1,1,参考化合物有效条目超过 8 条；该值比组内最高 Activity Level 低至少 0.4，仅删除该记录
CC[C@@H](CO)NCCN[C@@H](CC)CO,Results_001,8587,0.6,0,1,1,参考化合物有效条目超过 8 条；该值比组内最高 Activity Level 低至少 0.4，仅删除该记录
CC[C@@H](CO)NCCN[C@@H](CC)CO,Results_001,8707,0.6,0,1,1,参考化合物有效条目超过 8 条；该值比组内最高 Activity Level 低至少 0.4，仅删除该记录
CC[C@@H](CO)NCCN[C@@H](CC)CO,Results_001,8861,0.6,0,1,1,参考化合物有效条目超过 8 条；该值比组内最高 Activity Level 低至少 0.4，仅删除该记录
CC[C@@H](CO)NCCN[C@@H](CC)CO,Results_001,8938,0.4,0,1,1,参考化合物有效条目超过 8 条；该值比组内最高 Activity Level 低至少 0.4，仅删除该记录
CC[C@@H](CO)NCCN[C@@H](CC)CO,Results_001,8939,0,0,1,1,参考化合物有效条目超过 8 条；该值比组内最高 Activity Level 低至少 0.4，仅删除该记录
CC[C@@H](CO)NCCN[C@@H](CC)CO,Results_001,9095,0.6,0,1,1,参考化合物有效条目超过 8 条；该值比组内最高 Activity Level 低至少 0.4，仅删除该记录
CC[C@@H](CO)NCCN[C@@H](CC)CO,Results_001,9188,0.6,0,1,1,参考化合物有效条目超过 8 条；该值比组内最高 Activity Level 低至少 0.4，仅删除该记录
CC[C@@H](CO)NCCN[C@@H](CC)CO,Results_001,9336,0.6,0,1,1,参考化合物有效条目超过 8 条；该值比组内最高 Activity Level 低至少 0.4，仅删除该记录
CC[C@@H](CO)NCCN[C@@H](CC)CO,Results_001,9375,0.6,0,1,1,参考化合物有效条目超过 8 条；该值比组内最高 Activity Level 低至少 0.4，仅删除该记录
CC[C@@H](CO)NCCN[C@@H](CC)CO,Results_001,9376,0.6,0,1,1,参考化合物有效条目超过 8 条；该值比组内最高 Activity Level 低至少 0.4，仅删除该记录
CC[C@@H](CO)NCCN[C@@H](CC)CO,Results_001,9416,0.6,0,1,1,参考化合物有效条目超过 8 条；该值比组内最高 Activity Level 低至少 0.4，仅删除该记录
CC[C@@H](CO)NCCN[C@@H](CC)CO,Results_001,9530,0.6,0,1,1,参考化合物有效条目超过 8 条；该值比组内最高 Activity Level 低至少 0.4，仅删除该记录
CC[C@@H](CO)NCCN[C@@H](CC)CO,Results_001,9675,0.6,0,1,1,参考化合物有效条目超过 8 条；该值比组内最高 Activity Level 低至少 0.4，仅删除该记录
CC[C@@H](CO)NCCN[C@@H](CC)CO,Results_001,9684,0.6,0,1,1,参考化合物有效条目超过 8 条；该值比组内最高 Activity Level 低至少 0.4，仅删除该记录
CC[C@@H](CO)NCCN[C@@H](CC)CO,Results_001,9723,0.6,0,1,1,参考化合物有效条目超过 8 条；该值比组内最高 Activity Level 低至少 0.4，仅删除该记录
CC[C@@H](CO)NCCN[C@@H](CC)CO,Results_001,9964,0.6,0,1,1,参考化合物有效条目超过 8 条；该值比组内最高 Activity Level 低至少 0.4，仅删除该记录
CC[C@@H](CO)NCCN[C@@H](CC)CO,Results_001,10377,0.6,0,1,1,参考化合物有效条目超过 8 条；该值比组内最高 Activity Level 低至少 0.4，仅删除该记录
CC[C@@H](CO)NCCN[C@@H](CC)CO,Results_001,10378,0.6,0,1,1,参考化合物有效条目超过 8 条；该值比组内最高 Activity Level 低至少 0.4，仅删除该记录
CC[C@@H](CO)NCCN[C@@H](CC)CO,Results_001,10441,0.6,0,1,1,参考化合物有效条目超过 8 条；该值比组内最高 Activity Level 低至少 0.4，仅删除该记录
CC[C@@H](CO)NCCN[C@@H](CC)CO,Results_001,10491,0.6,0,1,1,参考化合物有效条目超过 8 条；该值比组内最高 Activity Level 低至少 0.4，仅删除该记录
CC[C@@H](CO)NCCN[C@@H](CC)CO,Results_001,11018,0,0,1,1,参考化合物有效条目超过 8 条；该值比组内最高 Activity Level 低至少 0.4，仅删除该记录
CC[C@@H](CO)NCCN[C@@H](CC)CO,Results_001,11228,0.6,0,1,1,参考化合物有效条目超过 8 条；该值比组内最高 Activity Level 低至少 0.4，仅删除该记录
CC[C@@H](CO)NCCN[C@@H](CC)CO,Results_001,11229,0.6,0,1,1,参考化合物有效条目超过 8 条；该值比组内最高 Activity Level 低至少 0.4，仅删除该记录
CC[C@@H](CO)NCCN[C@@H](CC)CO,Results_001,11230,0.6,0,1,1,参考化合物有效条目超过 8 条；该值比组内最高 Activity Level 低至少 0.4，仅删除该记录
CC[C@@H](CO)NCCN[C@@H](CC)CO,Results_001,11249,0.6,0,1,1,参考化合物有效条目超过 8 条；该值比组内最高 Activity Level 低至少 0.4，仅删除该记录
CC[C@@H](CO)NCCN[C@@H](CC)CO,Results_001,11753,0.6,0,1,1,参考化合物有效条目超过 8 条；该值比组内最高 Activity Level 低至少 0.4，仅删除该记录
CC[C@@H](CO)NCCN[C@@H](CC)CO,Results_001,11757,0.6,0,1,1,参考化合物有效条目超过 8 条；该值比组内最高 Activity Level 低至少 0.4，仅删除该记录
CC[C@@H](CO)NCCN[C@@H](CC)CO,Results_001,12527,0.6,0,1,1,参考化合物有效条目超过 8 条；该值比组内最高 Activity Level 低至少 0.4，仅删除该记录
CC[C@@H](CO)NCCN[C@@H](CC)CO,Results_001,12528,0.2,0,1,1,参考化合物有效条目超过 8 条；该值比组内最高 Activity Level 低至少 0.4，仅删除该记录
CC[C@@H](CO)NCCN[C@@H](CC)CO,Results_001,14930,0.6,0,1,1,参考化合物有效条目超过 8 条；该值比组内最高 Activity Level 低至少 0.4，仅删除该记录
CC[C@@H](CO)NCCN[C@@H](CC)CO,Results_001,15100,0.6,0,1,1,参考化合物有效条目超过 8 条；该值比组内最高 Activity Level 低至少 0.4，仅删除该记录
CC[C@@H](CO)NCCN[C@@H](CC)CO,Results_001,15429,0.6,0,1,1,参考化合物有效条目超过 8 条；该值比组内最高 Activity Level 低至少 0.4，仅删除该记录
CC[C@@H](CO)NCCN[C@@H](CC)CO,Results_001,15430,0.1,0,1,1,参考化合物有效条目超过 8 条；该值比组内最高 Activity Level 低至少 0.4，仅删除该记录
CC[C@@H](CO)NCCN[C@@H](CC)CO,Results_001,16015,0.6,0,1,1,参考化合物有效条目超过 8 条；该值比组内最高 Activity Level 低至少 0.4，仅删除该记录
CC[C@@H](CO)NCCN[C@@H](CC)CO,Results_001,16365,0,0,1,1,参考化合物有效条目超过 8 条；该值比组内最高 Activity Level 低至少 0.4，仅删除该记录
CC[C@@H](CO)NCCN[C@@H](CC)CO,Results_001,16403,0.4,0,1,1,参考化合物有效条目超过 8 条；该值比组内最高 Activity Level 低至少 0.4，仅删除该记录
CC[C@@H](CO)NCCN[C@@H](CC)CO,Results_001,16433,0.4,0,1,1,参考化合物有效条目超过 8 条；该值比组内最高 Activity Level 低至少 0.4，仅删除该记录
CC[C@@H](CO)NCCN[C@@H](CC)CO,Results_001,16434,0.4,0,1,1,参考化合物有效条目超过 8 条；该值比组内最高 Activity Level 低至少 0.4，仅删除该记录
CC[C@@H](CO)NCCN[C@@H](CC)CO,Results_001,16462,0.6,0,1,1,参考化合物有效条目超过 8 条；该值比组内最高 Activity Level 低至少 0.4，仅删除该记录
CC[C@@H](CO)NCCN[C@@H](CC)CO,Results_001,16594,0.6,0,1,1,参考化合物有效条目超过 8 条；该值比组内最高 Activity Level 低至少 0.4，仅删除该记录
CC[C@@H](CO)NCCN[C@@H](CC)CO,Results_001,16654,0.6,0,1,1,参考化合物有效条目超过 8 条；该值比组内最高 Activity Level 低至少 0.4，仅删除该记录
CC[C@@H](CO)NCCN[C@@H](CC)CO,Results_001,17072,0.6,0,1,1,参考化合物有效条目超过 8 条；该值比组内最高 Activity Level 低至少 0.4，仅删除该记录
CC[C@@H](CO)NCCN[C@@H](CC)CO,Results_001,17180,0.6,0,1,1,参考化合物有效条目超过 8 条；该值比组内最高 Activity Level 低至少 0.4，仅删除该记录
CC[C@@H](CO)NCCN[C@@H](CC)CO,Results_001,17768,0.6,0,1,1,参考化合物有效条目超过 8 条；该值比组内最高 Activity Level 低至少 0.4，仅删除该记录
CC[C@@H](CO)NCCN[C@@H](CC)CO,Results_001,18042,0.6,0,1,1,参考化合物有效条目超过 8 条；该值比组内最高 Activity Level 低至少 0.4，仅删除该记录
CC[C@@H](CO)NCCN[C@@H](CC)CO,Results_001,19116,0.6,0,1,1,参考化合物有效条目超过 8 条；该值比组内最高 Activity Level 低至少 0.4，仅删除该记录
CC[C@@H](CO)NCCN[C@@H](CC)CO,Results_002,1640,0.1,0,1,1,参考化合物有效条目超过 8 条；该值比组内最高 Activity Level 低至少 0.4，仅删除该记录
CC[C@@H](CO)NCCN[C@@H](CC)CO,Results_002,1642,0.1,0,1,1,参考化合物有效条目超过 8 条；该值比组内最高 Activity Level 低至少 0.4，仅删除该记录
CC[C@@H](CO)NCCN[C@@H](CC)CO,Results_002,2357,0,0,1,1,参考化合物有效条目超过 8 条；该值比组内最高 Activity Level 低至少 0.4，仅删除该记录
CC[C@@H](CO)NCCN[C@@H](CC)CO,Results_002,2358,0,0,1,1,参考化合物有效条目超过 8 条；该值比组内最高 Activity Level 低至少 0.4，仅删除该记录
CC[C@@H](CO)NCCN[C@@H](CC)CO,Results_002,2359,0,0,1,1,参考化合物有效条目超过 8 条；该值比组内最高 Activity Level 低至少 0.4，仅删除该记录
CC[C@@H](CO)NCCN[C@@H](CC)CO,Results_002,2360,0,0,1,1,参考化合物有效条目超过 8 条；该值比组内最高 Activity Level 低至少 0.4，仅删除该记录
CC[C@@H](CO)NCCN[C@@H](CC)CO,Results_002,2361,0,0,1,1,参考化合物有效条目超过 8 条；该值比组内最高 Activity Level 低至少 0.4，仅删除该记录
CC[C@@H](CO)NCCN[C@@H](CC)CO,Results_002,2362,0,0,1,1,参考化合物有效条目超过 8 条；该值比组内最高 Activity Level 低至少 0.4，仅删除该记录
CC[C@@H](CO)NCCN[C@@H](CC)CO,Results_002,2363,0,0,1,1,参考化合物有效条目超过 8 条；该值比组内最高 Activity Level 低至少 0.4，仅删除该记录
CC[C@@H](CO)NCCN[C@@H](CC)CO,Results_002,3454,0.6,0,1,1,参考化合物有效条目超过 8 条；该值比组内最高 Activity Level 低至少 0.4，仅删除该记录
CC[C@@H](CO)NCCN[C@@H](CC)CO,Results_002,3456,0.6,0,1,1,参考化合物有效条目超过 8 条；该值比组内最高 Activity Level 低至少 0.4，仅删除该记录
CC[C@@H](CO)NCCN[C@@H](CC)CO,Results_002,3457,0.6,0,1,1,参考化合物有效条目超过 8 条；该值比组内最高 Activity Level 低至少 0.4，仅删除该记录
CC[C@@H](CO)NCCN[C@@H](CC)CO,Results_002,3459,0.6,0,1,1,参考化合物有效条目超过 8 条；该值比组内最高 Activity Level 低至少 0.4，仅删除该记录
CC[C@@H](CO)NCCN[C@@H](CC)CO,Results_002,4541,0.6,0,1,1,参考化合物有效条目超过 8 条；该值比组内最高 Activity Level 低至少 0.4，仅删除该记录
CC[C@@H](CO)NCCN[C@@H](CC)CO,Results_002,5117,0.6,0,1,1,参考化合物有效条目超过 8 条；该值比组内最高 Activity Level 低至少 0.4，仅删除该记录
CC[C@@H](CO)NCCN[C@@H](CC)CO,Results_002,5118,0.6,0,1,1,参考化合物有效条目超过 8 条；该值比组内最高 Activity Level 低至少 0.4，仅删除该记录
CC[C@@H](CO)NCCN[C@@H](CC)CO,Results_002,5119,0.6,0,1,1,参考化合物有效条目超过 8 条；该值比组内最高 Activity Level 低至少 0.4，仅删除该记录
CC[C@@H](CO)NCCN[C@@H](CC)CO,Results_002,5191,0.6,0,1,1,参考化合物有效条目超过 8 条；该值比组内最高 Activity Level 低至少 0.4，仅删除该记录
CC[C@@H](CO)NCCN[C@@H](CC)CO,Results_002,5192,0.6,0,1,1,参考化合物有效条目超过 8 条；该值比组内最高 Activity Level 低至少 0.4，仅删除该记录
CC[C@@H](CO)NCCN[C@@H](CC)CO,Results_002,7872,0.6,0,1,1,参考化合物有效条目超过 8 条；该值比组内最高 Activity Level 低至少 0.4，仅删除该记录
CC[C@@H](CO)NCCN[C@@H](CC)CO,Results_002,10762,0.6,0,1,1,参考化合物有效条目超过 8 条；该值比组内最高 Activity Level 低至少 0.4，仅删除该记录
CC[C@@H](CO)NCCN[C@@H](CC)CO,Results_002,10763,0.6,0,1,1,参考化合物有效条目超过 8 条；该值比组内最高 Activity Level 低至少 0.4，仅删除该记录
CC[C@@H](CO)NCCN[C@@H](CC)CO,Results_002,10833,0.6,0,1,1,参考化合物有效条目超过 8 条；该值比组内最高 Activity Level 低至少 0.4，仅删除该记录
CC[C@@H](CO)NCCN[C@@H](CC)CO,Results_002,12227,0.4,0,1,1,参考化合物有效条目超过 8 条；该值比组内最高 Activity Level 低至少 0.4，仅删除该记录
CC[C@@H](CO)NCCN[C@@H](CC)CO,Results_002,12229,0.4,0,1,1,参考化合物有效条目超过 8 条；该值比组内最高 Activity Level 低至少 0.4，仅删除该记录
CC[C@@H](CO)NCCN[C@@H](CC)CO,Results_002,12231,0.4,0,1,1,参考化合物有效条目超过 8 条；该值比组内最高 Activity Level 低至少 0.4，仅删除该记录
CC[C@@H](CO)NCCN[C@@H](CC)CO,Results_002,12307,0,0,1,1,参考化合物有效条目超过 8 条；该值比组内最高 Activity Level 低至少 0.4，仅删除该记录
CC[C@@H](CO)NCCN[C@@H](CC)CO,Results_002,12308,0,0,1,1,参考化合物有效条目超过 8 条；该值比组内最高 Activity Level 低至少 0.4，仅删除该记录
CC[C@@H](CO)NCCN[C@@H](CC)CO,Results_002,12309,0,0,1,1,参考化合物有效条目超过 8 条；该值比组内最高 Activity Level 低至少 0.4，仅删除该记录
CC[C@@H](CO)NCCN[C@@H](CC)CO,Results_002,13172,0.6,0,1,1,参考化合物有效条目超过 8 条；该值比组内最高 Activity Level 低至少 0.4，仅删除该记录
CC[C@@H](CO)NCCN[C@@H](CC)CO,Results_002,13715,0.6,0,1,1,参考化合物有效条目超过 8 条；该值比组内最高 Activity Level 低至少 0.4，仅删除该记录
CC[C@@H](CO)NCCN[C@@H](CC)CO,Results_002,13717,0.6,0,1,1,参考化合物有效条目超过 8 条；该值比组内最高 Activity Level 低至少 0.4，仅删除该记录
CC[C@@H](CO)NCCN[C@@H](CC)CO,Results_002,13718,0.6,0,1,1,参考化合物有效条目超过 8 条；该值比组内最高 Activity Level 低至少 0.4，仅删除该记录
CC[C@@H](CO)NCCN[C@@H](CC)CO,Results_002,13720,0.6,0,1,1,参考化合物有效条目超过 8 条；该值比组内最高 Activity Level 低至少 0.4，仅删除该记录
CC[C@@H](CO)NCCN[C@@H](CC)CO,Results_002,13721,0.6,0,1,1,参考化合物有效条目超过 8 条；该值比组内最高 Activity Level 低至少 0.4，仅删除该记录
CC[C@@H](CO)NCCN[C@@H](CC)CO,Results_002,13723,0.6,0,1,1,参考化合物有效条目超过 8 条；该值比组内最高 Activity Level 低至少 0.4，仅删除该记录
CC[C@@H](CO)NCCN[C@@H](CC)CO,Results_002,13724,0.6,0,1,1,参考化合物有效条目超过 8 条；该值比组内最高 Activity Level 低至少 0.4，仅删除该记录
CC[C@@H](CO)NCCN[C@@H](CC)CO,Results_002,13726,0.6,0,1,1,参考化合物有效条目超过 8 条；该值比组内最高 Activity Level 低至少 0.4，仅删除该记录
CC[C@@H](CO)NCCN[C@@H](CC)CO,Results_002,14001,0.6,0,1,1,参考化合物有效条目超过 8 条；该值比组内最高 Activity Level 低至少 0.4，仅删除该记录
CC[C@@H](CO)NCCN[C@@H](CC)CO,Results_002,14923,0.6,0,1,1,参考化合物有效条目超过 8 条；该值比组内最高 Activity Level 低至少 0.4，仅删除该记录
CC[C@@H](CO)NCCN[C@@H](CC)CO,Results_002,15367,0.4,0,1,1,参考化合物有效条目超过 8 条；该值比组内最高 Activity Level 低至少 0.4，仅删除该记录
CC[C@@H](CO)NCCN[C@@H](CC)CO,Results_002,15626,0,0,1,1,参考化合物有效条目超过 8 条；该值比组内最高 Activity Level 低至少 0.4，仅删除该记录
CC[C@@H](CO)NCCN[C@@H](CC)CO,Results_002,15989,0.6,0,1,1,参考化合物有效条目超过 8 条；该值比组内最高 Activity Level 低至少 0.4，仅删除该记录
CC[C@@H](CO)NCCN[C@@H](CC)CO,Results_002,16446,0.6,0,1,1,参考化合物有效条目超过 8 条；该值比组内最高 Activity Level 低至少 0.4，仅删除该记录
CC[C@@H](CO)NCCN[C@@H](CC)CO,Results_002,16535,0.2,0,1,1,参考化合物有效条目超过 8 条；该值比组内最高 Activity Level 低至少 0.4，仅删除该记录
CC[C@@H](CO)NCCN[C@@H](CC)CO,Results_002,16757,0.6,0,1,1,参考化合物有效条目超过 8 条；该值比组内最高 Activity Level 低至少 0.4，仅删除该记录
CC[C@@H](CO)NCCN[C@@H](CC)CO,Results_002,16758,0.4,0,1,1,参考化合物有效条目超过 8 条；该值比组内最高 Activity Level 低至少 0.4，仅删除该记录
CC[C@@H](CO)NCCN[C@@H](CC)CO,Results_002,17386,0.6,0,1,1,参考化合物有效条目超过 8 条；该值比组内最高 Activity Level 低至少 0.4，仅删除该记录
CC[C@@H](CO)NCCN[C@@H](CC)CO,Results_002,17387,0.6,0,1,1,参考化合物有效条目超过 8 条；该值比组内最高 Activity Level 低至少 0.4，仅删除该记录
CC[C@@H](CO)NCCN[C@@H](CC)CO,Results_002,17448,0.6,0,1,1,参考化合物有效条目超过 8 条；该值比组内最高 Activity Level 低至少 0.4，仅删除该记录
CC[C@@H](CO)NCCN[C@@H](CC)CO,Results_002,17449,0.6,0,1,1,参考化合物有效条目超过 8 条；该值比组内最高 Activity Level 低至少 0.4，仅删除该记录
CC[C@@H](CO)NCCN[C@@H](CC)CO,Results_002,17450,0.6,0,1,1,参考化合物有效条目超过 8 条；该值比组内最高 Activity Level 低至少 0.4，仅删除该记录
CC[C@@H](CO)NCCN[C@@H](CC)CO,Results_002,17972,0.6,0,1,1,参考化合物有效条目超过 8 条；该值比组内最高 Activity Level 低至少 0.4，仅删除该记录
CC[C@@H](CO)NCCN[C@@H](CC)CO,Results_002,18085,0.6,0,1,1,参考化合物有效条目超过 8 条；该值比组内最高 Activity Level 低至少 0.4，仅删除该记录
CC[C@@H](CO)NCCN[C@@H](CC)CO,Results_002,18086,0.6,0,1,1,参考化合物有效条目超过 8 条；该值比组内最高 Activity Level 低至少 0.4，仅删除该记录
CC[C@@H](CO)NCCN[C@@H](CC)CO,Results_002,19458,0.2,0,1,1,参考化合物有效条目超过 8 条；该值比组内最高 Activity Level 低至少 0.4，仅删除该记录
CC[C@@H](CO)NCCN[C@@H](CC)CO,Results_002,19459,0.2,0,1,1,参考化合物有效条目超过 8 条；该值比组内最高 Activity Level 低至少 0.4，仅删除该记录
CC[C@@H](CO)NCCN[C@@H](CC)CO,Results_002,19506,0.6,0,1,1,参考化合物有效条目超过 8 条；该值比组内最高 Activity Level 低至少 0.4，仅删除该记录
CC[C@@H](CO)NCCN[C@@H](CC)CO,Results_002,19507,0.6,0,1,1,参考化合物有效条目超过 8 条；该值比组内最高 Activity Level 低至少 0.4，仅删除该记录
CC[C@@H](CO)NCCN[C@@H](CC)CO,Results_003,88,0.4,0,1,1,参考化合物有效条目超过 8 条；该值比组内最高 Activity Level 低至少 0.4，仅删除该记录
CC[C@@H](CO)NCCN[C@@H](CC)CO,Results_003,284,0.6,0,1,1,参考化合物有效条目超过 8 条；该值比组内最高 Activity Level 低至少 0.4，仅删除该记录
CC[C@@H](CO)NCCN[C@@H](CC)CO,Results_003,310,0.6,0,1,1,参考化合物有效条目超过 8 条；该值比组内最高 Activity Level 低至少 0.4，仅删除该记录
CC[C@@H](CO)NCCN[C@@H](CC)CO,Results_003,543,0.6,0,1,1,参考化合物有效条目超过 8 条；该值比组内最高 Activity Level 低至少 0.4，仅删除该记录
CC[C@@H](CO)NCCN[C@@H](CC)CO,Results_003,740,0.6,0,1,1,参考化合物有效条目超过 8 条；该值比组内最高 Activity Level 低至少 0.4，仅删除该记录
CC[C@@H](CO)NCCN[C@@H](CC)CO,Results_003,1122,0.6,0,1,1,参考化合物有效条目超过 8 条；该值比组内最高 Activity Level 低至少 0.4，仅删除该记录
CC[C@@H](CO)NCCN[C@@H](CC)CO,Results_003,1650,0.6,0,1,1,参考化合物有效条目超过 8 条；该值比组内最高 Activity Level 低至少 0.4，仅删除该记录
CC[C@@H](CO)NCCN[C@@H](CC)CO,Results_003,1694,0.6,0,1,1,参考化合物有效条目超过 8 条；该值比组内最高 Activity Level 低至少 0.4，仅删除该记录
CC[C@@H](CO)NCCN[C@@H](CC)CO,Results_003,1731,0.6,0,1,1,参考化合物有效条目超过 8 条；该值比组内最高 Activity Level 低至少 0.4，仅删除该记录
CC[C@@H](CO)NCCN[C@@H](CC)CO,Results_003,1814,0.2,0,1,1,参考化合物有效条目超过 8 条；该值比组内最高 Activity Level 低至少 0.4，仅删除该记录
CC[C@@H](CO)NCCN[C@@H](CC)CO,Results_003,1845,0.6,0,1,1,参考化合物有效条目超过 8 条；该值比组内最高 Activity Level 低至少 0.4，仅删除该记录
CC[C@@H](CO)NCCN[C@@H](CC)CO,Results_003,1877,0.4,0,1,1,参考化合物有效条目超过 8 条；该值比组内最高 Activity Level 低至少 0.4，仅删除该记录
CC[C@@H](CO)NCCN[C@@H](CC)CO,Results_003,2487,0.6,0,1,1,参考化合物有效条目超过 8 条；该值比组内最高 Activity Level 低至少 0.4，仅删除该记录
CC[C@@H](CO)NCCN[C@@H](CC)CO,Results_003,2858,0.6,0,1,1,参考化合物有效条目超过 8 条；该值比组内最高 Activity Level 低至少 0.4，仅删除该记录
CC[C@@H](CO)NCCN[C@@H](CC)CO,Results_003,5520,0.4,0,1,1,参考化合物有效条目超过 8 条；该值比组内最高 Activity Level 低至少 0.4，仅删除该记录
CC[C@@H](CO)NCCN[C@@H](CC)CO,Results_003,5567,0.6,0,1,1,参考化合物有效条目超过 8 条；该值比组内最高 Activity Level 低至少 0.4，仅删除该记录
CC[C@@H](CO)NCCN[C@@H](CC)CO,Results_003,6950,0.6,0,1,1,参考化合物有效条目超过 8 条；该值比组内最高 Activity Level 低至少 0.4，仅删除该记录
CC[C@@H](CO)NCCN[C@@H](CC)CO,Results_003,7189,0.6,0,1,1,参考化合物有效条目超过 8 条；该值比组内最高 Activity Level 低至少 0.4，仅删除该记录
CC[C@@H](CO)NCCN[C@@H](CC)CO,Results_003,7190,0.6,0,1,1,参考化合物有效条目超过 8 条；该值比组内最高 Activity Level 低至少 0.4，仅删除该记录
CC[C@@H](CO)NCCN[C@@H](CC)CO,Results_003,7462,0.6,0,1,1,参考化合物有效条目超过 8 条；该值比组内最高 Activity Level 低至少 0.4，仅删除该记录
CC[C@@H](CO)NCCN[C@@H](CC)CO,Results_003,7885,0.6,0,1,1,参考化合物有效条目超过 8 条；该值比组内最高 Activity Level 低至少 0.4，仅删除该记录
CC[C@@H](CO)NCCN[C@@H](CC)CO,Results_003,7958,0.1,0,1,1,参考化合物有效条目超过 8 条；该值比组内最高 Activity Level 低至少 0.4，仅删除该记录
CC[C@@H](CO)NCCN[C@@H](CC)CO,Results_003,8368,0.2,0,1,1,参考化合物有效条目超过 8 条；该值比组内最高 Activity Level 低至少 0.4，仅删除该记录
CC[C@@H](CO)NCCN[C@@H](CC)CO,Results_003,9321,0.6,0,1,1,参考化合物有效条目超过 8 条；该值比组内最高 Activity Level 低至少 0.4，仅删除该记录
CC[C@@H](CO)NCCN[C@@H](CC)CO,Results_003,9431,0.6,0,1,1,参考化合物有效条目超过 8 条；该值比组内最高 Activity Level 低至少 0.4，仅删除该记录
CC[C@@H](CO)NCCN[C@@H](CC)CO,Results_003,9498,0.6,0,1,1,参考化合物有效条目超过 8 条；该值比组内最高 Activity Level 低至少 0.4，仅删除该记录
CC[C@@H](CO)NCCN[C@@H](CC)CO,Results_003,9631,0,0,1,1,参考化合物有效条目超过 8 条；该值比组内最高 Activity Level 低至少 0.4，仅删除该记录
CC[C@@H](CO)NCCN[C@@H](CC)CO,Results_003,11071,0.5,0,1,1,参考化合物有效条目超过 8 条；该值比组内最高 Activity Level 低至少 0.4，仅删除该记录
CC[C@@H](CO)NCCN[C@@H](CC)CO,Results_003,11225,0,0,1,1,参考化合物有效条目超过 8 条；该值比组内最高 Activity Level 低至少 0.4，仅删除该记录
CC[C@@H](CO)NCCN[C@@H](CC)CO,Results_003,11476,0.6,0,1,1,参考化合物有效条目超过 8 条；该值比组内最高 Activity Level 低至少 0.4，仅删除该记录
CC[C@@H](CO)NCCN[C@@H](CC)CO,Results_003,11610,0.6,0,1,1,参考化合物有效条目超过 8 条；该值比组内最高 Activity Level 低至少 0.4，仅删除该记录
CC[C@@H](CO)NCCN[C@@H](CC)CO,Results_003,12164,0.6,0,1,1,参考化合物有效条目超过 8 条；该值比组内最高 Activity Level 低至少 0.4，仅删除该记录
CC[C@@H](CO)NCCN[C@@H](CC)CO,Results_003,12178,0.6,0,1,1,参考化合物有效条目超过 8 条；该值比组内最高 Activity Level 低至少 0.4，仅删除该记录
CC[C@@H](CO)NCCN[C@@H](CC)CO,Results_003,12777,0.6,0,1,1,参考化合物有效条目超过 8 条；该值比组内最高 Activity Level 低至少 0.4，仅删除该记录
CC[C@@H](CO)NCCN[C@@H](CC)CO,Results_003,12778,0.6,0,1,1,参考化合物有效条目超过 8 条；该值比组内最高 Activity Level 低至少 0.4，仅删除该记录
CC[C@@H](CO)NCCN[C@@H](CC)CO,Results_003,13175,0.6,0,1,1,参考化合物有效条目超过 8 条；该值比组内最高 Activity Level 低至少 0.4，仅删除该记录
CC[C@@H](CO)NCCN[C@@H](CC)CO,Results_003,13339,0.1,0,1,1,参考化合物有效条目超过 8 条；该值比组内最高 Activity Level 低至少 0.4，仅删除该记录
CC[C@@H](CO)NCCN[C@@H](CC)CO,Results_003,13799,0.6,0,1,1,参考化合物有效条目超过 8 条；该值比组内最高 Activity Level 低至少 0.4，仅删除该记录
CC[C@@H](CO)NCCN[C@@H](CC)CO,Results_003,14074,0.6,0,1,1,参考化合物有效条目超过 8 条；该值比组内最高 Activity Level 低至少 0.4，仅删除该记录
CC[C@@H](CO)NCCN[C@@H](CC)CO,Results_003,14077,0.6,0,1,1,参考化合物有效条目超过 8 条；该值比组内最高 Activity Level 低至少 0.4，仅删除该记录
CC[C@@H](CO)NCCN[C@@H](CC)CO,Results_003,14078,0.4,0,1,1,参考化合物有效条目超过 8 条；该值比组内最高 Activity Level 低至少 0.4，仅删除该记录
CC[C@@H](CO)NCCN[C@@H](CC)CO,Results_003,14081,0,0,1,1,参考化合物有效条目超过 8 条；该值比组内最高 Activity Level 低至少 0.4，仅删除该记录
CC[C@@H](CO)NCCN[C@@H](CC)CO,Results_003,14876,0.6,0,1,1,参考化合物有效条目超过 8 条；该值比组内最高 Activity Level 低至少 0.4，仅删除该记录
CC[C@@H](CO)NCCN[C@@H](CC)CO,Results_003,15011,0.6,0,1,1,参考化合物有效条目超过 8 条；该值比组内最高 Activity Level 低至少 0.4，仅删除该记录
CC[C@@H](CO)NCCN[C@@H](CC)CO,Results_003,15281,0.6,0,1,1,参考化合物有效条目超过 8 条；该值比组内最高 Activity Level 低至少 0.4，仅删除该记录
CC[C@@H](CO)NCCN[C@@H](CC)CO,Results_003,15699,0.4,0,1,1,参考化合物有效条目超过 8 条；该值比组内最高 Activity Level 低至少 0.4，仅删除该记录
CC[C@@H](CO)NCCN[C@@H](CC)CO,Results_003,17393,0.6,0,1,1,参考化合物有效条目超过 8 条；该值比组内最高 Activity Level 低至少 0.4，仅删除该记录
CC[C@@H](CO)NCCN[C@@H](CC)CO,Results_003,17394,0.6,0,1,1,参考化合物有效条目超过 8 条；该值比组内最高 Activity Level 低至少 0.4，仅删除该记录
CC[C@@H](CO)NCCN[C@@H](CC)CO,Results_003,17395,0.6,0,1,1,参考化合物有效条目超过 8 条；该值比组内最高 Activity Level 低至少 0.4，仅删除该记录
CC[C@@H](CO)NCCN[C@@H](CC)CO,Results_003,17664,0.6,0,1,1,参考化合物有效条目超过 8 条；该值比组内最高 Activity Level 低至少 0.4，仅删除该记录
CC[C@@H](CO)NCCN[C@@H](CC)CO,Results_003,17853,0.4,0,1,1,参考化合物有效条目超过 8 条；该值比组内最高 Activity Level 低至少 0.4，仅删除该记录
CC[C@@H](CO)NCCN[C@@H](CC)CO,Results_004,1205,0.6,0,1,1,参考化合物有效条目超过 8 条；该值比组内最高 Activity Level 低至少 0.4，仅删除该记录
CC[C@@H](CO)NCCN[C@@H](CC)CO,Results_004,1238,0,0,1,1,参考化合物有效条目超过 8 条；该值比组内最高 Activity Level 低至少 0.4，仅删除该记录
CC[C@@H](CO)NCCN[C@@H](CC)CO,Results_004,1566,0.6,0,1,1,参考化合物有效条目超过 8 条；该值比组内最高 Activity Level 低至少 0.4，仅删除该记录
CC[C@@H](CO)NCCN[C@@H](CC)CO,Results_004,1780,0.4,0,1,1,参考化合物有效条目超过 8 条；该值比组内最高 Activity Level 低至少 0.4，仅删除该记录
CC[C@@H](CO)NCCN[C@@H](CC)CO,Results_004,2631,0.6,0,1,1,参考化合物有效条目超过 8 条；该值比组内最高 Activity Level 低至少 0.4，仅删除该记录
CC[C@@H](CO)NCCN[C@@H](CC)CO,Results_004,2974,0.6,0,1,1,参考化合物有效条目超过 8 条；该值比组内最高 Activity Level 低至少 0.4，仅删除该记录
CC[C@@H](CO)NCCN[C@@H](CC)CO,Results_004,3002,0.6,0,1,1,参考化合物有效条目超过 8 条；该值比组内最高 Activity Level 低至少 0.4，仅删除该记录
CC[C@@H](CO)NCCN[C@@H](CC)CO,Results_004,3050,0.6,0,1,1,参考化合物有效条目超过 8 条；该值比组内最高 Activity Level 低至少 0.4，仅删除该记录
CC[C@@H](CO)NCCN[C@@H](CC)CO,Results_004,3657,0.4,0,1,1,参考化合物有效条目超过 8 条；该值比组内最高 Activity Level 低至少 0.4，仅删除该记录
CC[C@@H](CO)NCCN[C@@H](CC)CO,Results_004,4255,0.6,0,1,1,参考化合物有效条目超过 8 条；该值比组内最高 Activity Level 低至少 0.4，仅删除该记录
CC[C@@H](CO)NCCN[C@@H](CC)CO,Results_004,15482,0.6,0,1,1,参考化合物有效条目超过 8 条；该值比组内最高 Activity Level 低至少 0.4，仅删除该记录
CC[C@@H](CO)NCCN[C@@H](CC)CO,Results_004,15888,0.6,0,1,1,参考化合物有效条目超过 8 条；该值比组内最高 Activity Level 低至少 0.4，仅删除该记录
CC[C@@H](CO)NCCN[C@@H](CC)CO,Results_004,16006,0.6,0,1,1,参考化合物有效条目超过 8 条；该值比组内最高 Activity Level 低至少 0.4，仅删除该记录
CC[C@@H](CO)NCCN[C@@H](CC)CO,Results_004,16201,0.6,0,1,1,参考化合物有效条目超过 8 条；该值比组内最高 Activity Level 低至少 0.4，仅删除该记录
CC[C@@H](CO)NCCN[C@@H](CC)CO,Results_004,17003,0.6,0,1,1,参考化合物有效条目超过 8 条；该值比组内最高 Activity Level 低至少 0.4，仅删除该记录
CC[C@@H](CO)NCCN[C@@H](CC)CO,Results_004,17368,0.6,0,1,1,参考化合物有效条目超过 8 条；该值比组内最高 Activity Level 低至少 0.4，仅删除该记录
CC[C@@H](CO)NCCN[C@@H](CC)CO,Results_004,17725,0.6,0,1,1,参考化合物有效条目超过 8 条；该值比组内最高 Activity Level 低至少 0.4，仅删除该记录
CC[C@@H](CO)NCCN[C@@H](CC)CO,Results_004,18536,0.2,0,1,1,参考化合物有效条目超过 8 条；该值比组内最高 Activity Level 低至少 0.4，仅删除该记录
CC[C@@H](CO)NCCN[C@@H](CC)CO,Results_004,18537,0.1,0,1,1,参考化合物有效条目超过 8 条；该值比组内最高 Activity Level 低至少 0.4，仅删除该记录
CC[C@@H](CO)NCCN[C@@H](CC)CO,Results_004,18538,0.6,0,1,1,参考化合物有效条目超过 8 条；该值比组内最高 Activity Level 低至少 0.4，仅删除该记录
CC[C@@H](CO)NCCN[C@@H](CC)CO,Results_004,18772,0.6,0,1,1,参考化合物有效条目超过 8 条；该值比组内最高 Activity Level 低至少 0.4，仅删除该记录
CC[C@@H](CO)NCCN[C@@H](CC)CO,Results_004,19118,0.6,0,1,1,参考化合物有效条目超过 8 条；该值比组内最高 Activity Level 低至少 0.4，仅删除该记录
CC[C@@H](CO)NCCN[C@@H](CC)CO,Results_005,1150,0.6,0,1,1,参考化合物有效条目超过 8 条；该值比组内最高 Activity Level 低至少 0.4，仅删除该记录
CC[C@@H](CO)NCCN[C@@H](CC)CO,Results_005,1759,0.6,0,1,1,参考化合物有效条目超过 8 条；该值比组内最高 Activity Level 低至少 0.4，仅删除该记录
CC[C@@H](CO)NCCN[C@@H](CC)CO,Results_005,1760,0.6,0,1,1,参考化合物有效条目超过 8 条；该值比组内最高 Activity Level 低至少 0.4，仅删除该记录
CC[C@@H](CO)NCCN[C@@H](CC)CO,Results_005,1761,0.6,0,1,1,参考化合物有效条目超过 8 条；该值比组内最高 Activity Level 低至少 0.4，仅删除该记录
CC[C@@H](CO)NCCN[C@@H](CC)CO,Results_005,1762,0.6,0,1,1,参考化合物有效条目超过 8 条；该值比组内最高 Activity Level 低至少 0.4，仅删除该记录
CC[C@@H](CO)NCCN[C@@H](CC)CO,Results_005,1763,0.6,0,1,1,参考化合物有效条目超过 8 条；该值比组内最高 Activity Level 低至少 0.4，仅删除该记录
CC[C@@H](CO)NCCN[C@@H](CC)CO,Results_005,1764,0.6,0,1,1,参考化合物有效条目超过 8 条；该值比组内最高 Activity Level 低至少 0.4，仅删除该记录
CC[C@@H](CO)NCCN[C@@H](CC)CO,Results_005,2199,0.6,0,1,1,参考化合物有效条目超过 8 条；该值比组内最高 Activity Level 低至少 0.4，仅删除该记录
CC[C@@H](CO)NCCN[C@@H](CC)CO,Results_005,14782,0.6,0,1,1,参考化合物有效条目超过 8 条；该值比组内最高 Activity Level 低至少 0.4，仅删除该记录
CC[C@@H](CO)NCCN[C@@H](CC)CO,Results_005,14792,0.6,0,1,1,参考化合物有效条目超过 8 条；该值比组内最高 Activity Level 低至少 0.4，仅删除该记录
CC[C@@H](CO)NCCN[C@@H](CC)CO,Results_005,14797,0.4,0,1,1,参考化合物有效条目超过 8 条；该值比组内最高 Activity Level 低至少 0.4，仅删除该记录
CC[C@@H](CO)NCCN[C@@H](CC)CO,Results_005,14802,0.2,0,1,1,参考化合物有效条目超过 8 条；该值比组内最高 Activity Level 低至少 0.4，仅删除该记录
CC[C@@H](CO)NCCN[C@@H](CC)CO,Results_005,14812,0.2,0,1,1,参考化合物有效条目超过 8 条；该值比组内最高 Activity Level 低至少 0.4，仅删除该记录
O=C(O)c1cn(C2CC2)c2cc(N3CCNCC3)c(F)cc2c1=O,Results_001,8448,0.6,0,1,1,参考化合物有效条目超过 8 条；该值比组内最高 Activity Level 低至少 0.4，仅删除该记录
O=C(O)c1cn(C2CC2)c2cc(N3CCNCC3)c(F)cc2c1=O,Results_001,9993,0.6,0,1,1,参考化合物有效条目超过 8 条；该值比组内最高 Activity Level 低至少 0.4，仅删除该记录
O=C(O)c1cn(C2CC2)c2cc(N3CCNCC3)c(F)cc2c1=O,Results_001,11714,0.6,0,1,1,参考化合物有效条目超过 8 条；该值比组内最高 Activity Level 低至少 0.4，仅删除该记录
O=C(O)c1cn(C2CC2)c2cc(N3CCNCC3)c(F)cc2c1=O,Results_001,12712,0,0,1,1,参考化合物有效条目超过 8 条；该值比组内最高 Activity Level 低至少 0.4，仅删除该记录
O=C(O)c1cn(C2CC2)c2cc(N3CCNCC3)c(F)cc2c1=O,Results_001,17479,0.4,0,1,1,参考化合物有效条目超过 8 条；该值比组内最高 Activity Level 低至少 0.4，仅删除该记录
O=C(O)c1cn(C2CC2)c2cc(N3CCNCC3)c(F)cc2c1=O,Results_002,2134,0.4,0,1,1,参考化合物有效条目超过 8 条；该值比组内最高 Activity Level 低至少 0.4，仅删除该记录
O=C(O)c1cn(C2CC2)c2cc(N3CCNCC3)c(F)cc2c1=O,Results_002,2135,0.4,0,1,1,参考化合物有效条目超过 8 条；该值比组内最高 Activity Level 低至少 0.4，仅删除该记录
O=C(O)c1cn(C2CC2)c2cc(N3CCNCC3)c(F)cc2c1=O,Results_002,2136,0.4,0,1,1,参考化合物有效条目超过 8 条；该值比组内最高 Activity Level 低至少 0.4，仅删除该记录
O=C(O)c1cn(C2CC2)c2cc(N3CCNCC3)c(F)cc2c1=O,Results_002,12491,0.4,0,1,1,参考化合物有效条目超过 8 条；该值比组内最高 Activity Level 低至少 0.4，仅删除该记录
O=C(O)c1cn(C2CC2)c2cc(N3CCNCC3)c(F)cc2c1=O,Results_002,12493,0.4,0,1,1,参考化合物有效条目超过 8 条；该值比组内最高 Activity Level 低至少 0.4，仅删除该记录
O=C(O)c1cn(C2CC2)c2cc(N3CCNCC3)c(F)cc2c1=O,Results_002,12495,0.4,0,1,1,参考化合物有效条目超过 8 条；该值比组内最高 Activity Level 低至少 0.4，仅删除该记录
O=C(O)c1cn(C2CC2)c2cc(N3CCNCC3)c(F)cc2c1=O,Results_002,14472,0,0,1,1,参考化合物有效条目超过 8 条；该值比组内最高 Activity Level 低至少 0.4，仅删除该记录
O=C(O)c1cn(C2CC2)c2cc(N3CCNCC3)c(F)cc2c1=O,Results_002,14501,0,0,1,1,参考化合物有效条目超过 8 条；该值比组内最高 Activity Level 低至少 0.4，仅删除该记录
O=C(O)c1cn(C2CC2)c2cc(N3CCNCC3)c(F)cc2c1=O,Results_003,1875,0.4,0,1,1,参考化合物有效条目超过 8 条；该值比组内最高 Activity Level 低至少 0.4，仅删除该记录
O=C(O)c1cn(C2CC2)c2cc(N3CCNCC3)c(F)cc2c1=O,Results_003,5319,0,0,1,1,参考化合物有效条目超过 8 条；该值比组内最高 Activity Level 低至少 0.4，仅删除该记录
O=C(O)c1cn(C2CC2)c2cc(N3CCNCC3)c(F)cc2c1=O,Results_003,11158,0,0,1,1,参考化合物有效条目超过 8 条；该值比组内最高 Activity Level 低至少 0.4，仅删除该记录
O=C(O)c1cn(C2CC2)c2cc(N3CCNCC3)c(F)cc2c1=O,Results_003,11159,0,0,1,1,参考化合物有效条目超过 8 条；该值比组内最高 Activity Level 低至少 0.4，仅删除该记录
O=C(O)c1cn(C2CC2)c2cc(N3CCNCC3)c(F)cc2c1=O,Results_004,1106,0.6,0,1,1,参考化合物有效条目超过 8 条；该值比组内最高 Activity Level 低至少 0.4，仅删除该记录
O=C(O)c1cn(C2CC2)c2cc(N3CCNCC3)c(F)cc2c1=O,Results_004,1107,0.2,0,1,1,参考化合物有效条目超过 8 条；该值比组内最高 Activity Level 低至少 0.4，仅删除该记录
O=C(O)c1cn(C2CC2)c2cc(N3CCNCC3)c(F)cc2c1=O,Results_004,5504,0.4,0,1,1,参考化合物有效条目超过 8 条；该值比组内最高 Activity Level 低至少 0.4，仅删除该记录
O=C(O)c1cn(C2CC2)c2cc(N3CCNCC3)c(F)cc2c1=O,Results_004,6001,0.6,0,1,1,参考化合物有效条目超过 8 条；该值比组内最高 Activity Level 低至少 0.4，仅删除该记录
O=C(O)c1cn(C2CC2)c2cc(N3CCNCC3)c(F)cc2c1=O,Results_004,6002,0.6,0,1,1,参考化合物有效条目超过 8 条；该值比组内最高 Activity Level 低至少 0.4，仅删除该记录
O=C(O)c1cn(C2CC2)c2cc(N3CCNCC3)c(F)cc2c1=O,Results_004,6487,0.6,0,1,1,参考化合物有效条目超过 8 条；该值比组内最高 Activity Level 低至少 0.4，仅删除该记录
O=C(O)c1cn(C2CC2)c2cc(N3CCNCC3)c(F)cc2c1=O,Results_004,10460,0.6,0,1,1,参考化合物有效条目超过 8 条；该值比组内最高 Activity Level 低至少 0.4，仅删除该记录
O=C(O)c1cn(C2CC2)c2cc(N3CCNCC3)c(F)cc2c1=O,Results_004,10462,0.4,0,1,1,参考化合物有效条目超过 8 条；该值比组内最高 Activity Level 低至少 0.4，仅删除该记录
O=C(O)c1cn(C2CC2)c2cc(N3CCNCC3)c(F)cc2c1=O,Results_004,10466,0.4,0,1,1,参考化合物有效条目超过 8 条；该值比组内最高 Activity Level 低至少 0.4，仅删除该记录
O=C(O)c1cn(C2CC2)c2cc(N3CCNCC3)c(F)cc2c1=O,Results_004,10685,0.2,0,1,1,参考化合物有效条目超过 8 条；该值比组内最高 Activity Level 低至少 0.4，仅删除该记录
O=C(O)c1cn(C2CC2)c2cc(N3CCNCC3)c(F)cc2c1=O,Results_004,10686,0.4,0,1,1,参考化合物有效条目超过 8 条；该值比组内最高 Activity Level 低至少 0.4，仅删除该记录
O=C(O)c1cn(C2CC2)c2cc(N3CCNCC3)c(F)cc2c1=O,Results_004,17369,0.6,0,1,1,参考化合物有效条目超过 8 条；该值比组内最高 Activity Level 低至少 0.4，仅删除该记录
O=C(O)c1cn(C2CC2)c2cc(N3CCNCC3)c(F)cc2c1=O,Results_004,17392,0,0,1,1,参考化合物有效条目超过 8 条；该值比组内最高 Activity Level 低至少 0.4，仅删除该记录
O=C(O)c1cn(C2CC2)c2cc(N3CCNCC3)c(F)cc2c1=O,Results_005,71,0.4,0,1,1,参考化合物有效条目超过 8 条；该值比组内最高 Activity Level 低至少 0.4，仅删除该记录
O=C(O)c1cn(C2CC2)c2cc(N3CCNCC3)c(F)cc2c1=O,Results_005,72,0.4,0,1,1,参考化合物有效条目超过 8 条；该值比组内最高 Activity Level 低至少 0.4，仅删除该记录
O=C(O)c1cn(C2CC2)c2cc(N3CCNCC3)c(F)cc2c1=O,Results_005,270,0.2,0,1,1,参考化合物有效条目超过 8 条；该值比组内最高 Activity Level 低至少 0.4，仅删除该记录
O=C(O)c1cn(C2CC2)c2cc(N3CCNCC3)c(F)cc2c1=O,Results_005,271,0.6,0,1,1,参考化合物有效条目超过 8 条；该值比组内最高 Activity Level 低至少 0.4，仅删除该记录
O=C(O)c1cn(C2CC2)c2cc(N3CCNCC3)c(F)cc2c1=O,Results_005,272,0.6,0,1,1,参考化合物有效条目超过 8 条；该值比组内最高 Activity Level 低至少 0.4，仅删除该记录
O=C(O)c1cn(C2CC2)c2cc(N3CCNCC3)c(F)cc2c1=O,Results_005,273,0.6,0,1,1,参考化合物有效条目超过 8 条；该值比组内最高 Activity Level 低至少 0.4，仅删除该记录
O=C(O)c1cn(C2CC2)c2cc(N3CCNCC3)c(F)cc2c1=O,Results_005,274,0.6,0,1,1,参考化合物有效条目超过 8 条；该值比组内最高 Activity Level 低至少 0.4，仅删除该记录
O=C(O)c1cn(C2CC2)c2cc(N3CCNCC3)c(F)cc2c1=O,Results_005,275,0.6,0,1,1,参考化合物有效条目超过 8 条；该值比组内最高 Activity Level 低至少 0.4，仅删除该记录
O=C(O)c1cn(C2CC2)c2cc(N3CCNCC3)c(F)cc2c1=O,Results_005,276,0.6,0,1,1,参考化合物有效条目超过 8 条；该值比组内最高 Activity Level 低至少 0.4，仅删除该记录
O=C(O)c1cn(C2CC2)c2cc(N3CCNCC3)c(F)cc2c1=O,Results_005,5956,0.4,0,1,1,参考化合物有效条目超过 8 条；该值比组内最高 Activity Level 低至少 0.4，仅删除该记录
O=C(O)c1cn(C2CC2)c2cc(N3CCNCC3)c(F)cc2c1=O,Results_005,5957,0.4,0,1,1,参考化合物有效条目超过 8 条；该值比组内最高 Activity Level 低至少 0.4，仅删除该记录
O=C(O)c1cn(C2CC2)c2cc(N3CCNCC3)c(F)cc2c1=O,Results_005,6079,0.25,0,1,1,参考化合物有效条目超过 8 条；该值比组内最高 Activity Level 低至少 0.4，仅删除该记录
O=C(O)c1cn(C2CC2)c2cc(N3CCNCC3)c(F)cc2c1=O,Results_005,8043,0.6,0,1,1,参考化合物有效条目超过 8 条；该值比组内最高 Activity Level 低至少 0.4，仅删除该记录
O=C(O)c1cn(C2CC2)c2cc(N3CCNCC3)c(F)cc2c1=O,Results_005,10916,0.5,0,1,1,参考化合物有效条目超过 8 条；该值比组内最高 Activity Level 低至少 0.4，仅删除该记录
O=C(O)c1cn(C2CC2)c2cc(N3CCNCC3)c(F)cc2c1=O,Results_005,10970,0.6,0,1,1,参考化合物有效条目超过 8 条；该值比组内最高 Activity Level 低至少 0.4，仅删除该记录
O=C(O)c1cn(C2CC2)c2cc(N3CCNCC3)c(F)cc2c1=O,Results_005,11255,0.4,0,1,1,参考化合物有效条目超过 8 条；该值比组内最高 Activity Level 低至少 0.4，仅删除该记录
O=C(O)c1cn(C2CC2)c2cc(N3CCNCC3)c(F)cc2c1=O,Results_005,11268,0.6,0,1,1,参考化合物有效条目超过 8 条；该值比组内最高 Activity Level 低至少 0.4，仅删除该记录
O=C(O)c1cn(C2CC2)c2cc(N3CCNCC3)c(F)cc2c1=O,Results_005,13395,0.6,0,1,1,参考化合物有效条目超过 8 条；该值比组内最高 Activity Level 低至少 0.4，仅删除该记录
O=C(O)c1cn(C2CC2)c2cc(N3CCNCC3)c(F)cc2c1=O,Results_005,13615,0,0,1,1,参考化合物有效条目超过 8 条；该值比组内最高 Activity Level 低至少 0.4，仅删除该记录
O=C(O)c1cn(C2CC2)c2cc(N3CCNCC3)c(F)cc2c1=O,Results_005,16786,0.4,0,1,1,参考化合物有效条目超过 8 条；该值比组内最高 Activity Level 低至少 0.4，仅删除该记录
O=C(O)c1cn(C2CC2)c2cc(N3CCNCC3)c(F)cc2c1=O,Results_006,1728,0.6,0,1,1,参考化合物有效条目超过 8 条；该值比组内最高 Activity Level 低至少 0.4，仅删除该记录
O=C(O)c1cn(C2CC2)c2cc(N3CCNCC3)c(F)cc2c1=O,Results_006,3762,0,0,1,1,参考化合物有效条目超过 8 条；该值比组内最高 Activity Level 低至少 0.4，仅删除该记录
COc1c(N2C[C@@H]3CCCN[C@@H]3C2)c(F)cc2c(=O)c(C(=O)O)cn(C3CC3)c12,Results_001,9133,0.4,0,1,1,参考化合物有效条目超过 8 条；该值比组内最高 Activity Level 低至少 0.4，仅删除该记录
COc1c(N2C[C@@H]3CCCN[C@@H]3C2)c(F)cc2c(=O)c(C(=O)O)cn(C3CC3)c12,Results_002,14259,0.6,0,1,1,参考化合物有效条目超过 8 条；该值比组内最高 Activity Level 低至少 0.4，仅删除该记录
COc1c(N2C[C@@H]3CCCN[C@@H]3C2)c(F)cc2c(=O)c(C(=O)O)cn(C3CC3)c12,Results_004,7833,0.6,0,1,1,参考化合物有效条目超过 8 条；该值比组内最高 Activity Level 低至少 0.4，仅删除该记录
COc1c(N2C[C@@H]3CCCN[C@@H]3C2)c(F)cc2c(=O)c(C(=O)O)cn(C3CC3)c12,Results_004,10116,0.4,0,1,1,参考化合物有效条目超过 8 条；该值比组内最高 Activity Level 低至少 0.4，仅删除该记录
COc1c(N2C[C@@H]3CCCN[C@@H]3C2)c(F)cc2c(=O)c(C(=O)O)cn(C3CC3)c12,Results_004,10676,0.6,0,1,1,参考化合物有效条目超过 8 条；该值比组内最高 Activity Level 低至少 0.4，仅删除该记录
COc1c(N2C[C@@H]3CCCN[C@@H]3C2)c(F)cc2c(=O)c(C(=O)O)cn(C3CC3)c12,Results_004,11511,0.1,0,1,1,参考化合物有效条目超过 8 条；该值比组内最高 Activity Level 低至少 0.4，仅删除该记录
COc1c(N2C[C@@H]3CCCN[C@@H]3C2)c(F)cc2c(=O)c(C(=O)O)cn(C3CC3)c12,Results_004,16105,0.6,0,1,1,参考化合物有效条目超过 8 条；该值比组内最高 Activity Level 低至少 0.4，仅删除该记录
COc1c(N2C[C@@H]3CCCN[C@@H]3C2)c(F)cc2c(=O)c(C(=O)O)cn(C3CC3)c12,Results_004,16106,0.6,0,1,1,参考化合物有效条目超过 8 条；该值比组内最高 Activity Level 低至少 0.4，仅删除该记录
COc1c(N2C[C@@H]3CCCN[C@@H]3C2)c(F)cc2c(=O)c(C(=O)O)cn(C3CC3)c12,Results_005,861,0.6,0,1,1,参考化合物有效条目超过 8 条；该值比组内最高 Activity Level 低至少 0.4，仅删除该记录
COc1c(N2C[C@@H]3CCCN[C@@H]3C2)c(F)cc2c(=O)c(C(=O)O)cn(C3CC3)c12,Results_005,10920,0.5,0,1,1,参考化合物有效条目超过 8 条；该值比组内最高 Activity Level 低至少 0.4，仅删除该记录
COc1c(N2C[C@@H]3CCCN[C@@H]3C2)c(F)cc2c(=O)c(C(=O)O)cn(C3CC3)c12,Results_005,14815,0.6,0,1,1,参考化合物有效条目超过 8 条；该值比组内最高 Activity Level 低至少 0.4，仅删除该记录
COc1c(N2C[C@@H]3CCCN[C@@H]3C2)c(F)cc2c(=O)c(C(=O)O)cn(C3CC3)c12,Results_006,332,0,0,1,1,参考化合物有效条目超过 8 条；该值比组内最高 Activity Level 低至少 0.4，仅删除该记录
COc1c(N2C[C@@H]3CCCN[C@@H]3C2)c(F)cc2c(=O)c(C(=O)O)cn(C3CC3)c12,Results_006,1377,0.6,0,1,1,参考化合物有效条目超过 8 条；该值比组内最高 Activity Level 低至少 0.4，仅删除该记录
COc1c(N2C[C@@H]3CCCN[C@@H]3C2)c(F)cc2c(=O)c(C(=O)O)cn(C3CC3)c12,Results_006,1625,0.4,0,1,1,参考化合物有效条目超过 8 条；该值比组内最高 Activity Level 低至少 0.4，仅删除该记录
COc1c(N2C[C@@H]3CCCN[C@@H]3C2)c(F)cc2c(=O)c(C(=O)O)cn(C3CC3)c12,Results_006,1627,0.6,0,1,1,参考化合物有效条目超过 8 条；该值比组内最高 Activity Level 低至少 0.4，仅删除该记录
COc1c(N2CCNC(C)C2)c(F)cc2c(=O)c(C(=O)O)cn(C3CC3)c12,Results_004,10753,0.6,0.6,1,0.4,参考化合物有效条目超过 8 条；该值比组内最高 Activity Level 低至少 0.4，仅删除该记录
COc1c(N2CCNC(C)C2)c(F)cc2c(=O)c(C(=O)O)cn(C3CC3)c12,Results_005,6047,0.6,0.6,1,0.4,参考化合物有效条目超过 8 条；该值比组内最高 Activity Level 低至少 0.4，仅删除该记录
COc1c(N2CCNC(C)C2)c(F)cc2c(=O)c(C(=O)O)cn(C3CC3)c12,Results_005,7631,0.6,0.6,1,0.4,参考化合物有效条目超过 8 条；该值比组内最高 Activity Level 低至少 0.4，仅删除该记录
CCn1cc(C(=O)O)c(=O)c2cc(F)c(N3CCNCC3)cc21,Results_004,17759,0.6,0.6,1,0.4,参考化合物有效条目超过 8 条；该值比组内最高 Activity Level 低至少 0.4，仅删除该记录
CCn1cc(C(=O)O)c(=O)c2cc(F)c(N3CCNCC3)cc21,Results_004,17760,0.6,0.6,1,0.4,参考化合物有效条目超过 8 条；该值比组内最高 Activity Level 低至少 0.4，仅删除该记录
CCn1cc(C(=O)O)c(=O)c2cc(F)c(N3CCNCC3)cc21,Results_005,1970,0.6,0.6,1,0.4,参考化合物有效条目超过 8 条；该值比组内最高 Activity Level 低至少 0.4，仅删除该记录
CC[C@H]1OC(=O)[C@H](C)[C@@H](O[C@H]2CC(C)(OC)[C@@H](O)[C@H](C)O2)[C@H](C)[C@@H](O[C@@H]2O[C@H](C)C[C@H](N(C)C)[C@H]2O)[C@](C)(O)C[C@@H](C)C(=O)[C@H](C)[C@@H](O)[C@]1(C)O,Results_001,458,0.4,0,0.8,0.8,参考化合物有效条目超过 8 条；该值比组内最高 Activity Level 低至少 0.4，仅删除该记录
CC[C@H]1OC(=O)[C@H](C)[C@@H](O[C@H]2CC(C)(OC)[C@@H](O)[C@H](C)O2)[C@H](C)[C@@H](O[C@@H]2O[C@H](C)C[C@H](N(C)C)[C@H]2O)[C@](C)(O)C[C@@H](C)C(=O)[C@H](C)[C@@H](O)[C@]1(C)O,Results_004,14003,0,0,0.8,0.8,参考化合物有效条目超过 8 条；该值比组内最高 Activity Level 低至少 0.4，仅删除该记录
CC[C@H]1OC(=O)[C@H](C)[C@@H](O[C@H]2CC(C)(OC)[C@@H](O)[C@H](C)O2)[C@H](C)[C@@H](O[C@@H]2O[C@H](C)C[C@H](N(C)C)[C@H]2O)[C@](C)(O)C[C@@H](C)C(=O)[C@H](C)[C@@H](O)[C@]1(C)O,Results_004,14004,0,0,0.8,0.8,参考化合物有效条目超过 8 条；该值比组内最高 Activity Level 低至少 0.4，仅删除该记录
CC[C@H]1OC(=O)[C@H](C)[C@@H](O[C@H]2CC(C)(OC)[C@@H](O)[C@H](C)O2)[C@H](C)[C@@H](O[C@@H]2O[C@H](C)C[C@H](N(C)C)[C@H]2O)[C@](C)(O)C[C@@H](C)C(=O)[C@H](C)[C@@H](O)[C@]1(C)O,Results_004,14005,0,0,0.8,0.8,参考化合物有效条目超过 8 条；该值比组内最高 Activity Level 低至少 0.4，仅删除该记录
CC[C@H]1OC(=O)[C@H](C)[C@@H](O[C@H]2CC(C)(OC)[C@@H](O)[C@H](C)O2)[C@H](C)[C@@H](O[C@@H]2O[C@H](C)C[C@H](N(C)C)[C@H]2O)[C@](C)(O)C[C@@H](C)C(=O)[C@H](C)[C@@H](O)[C@]1(C)O,Results_004,15228,0.1,0,0.8,0.8,参考化合物有效条目超过 8 条；该值比组内最高 Activity Level 低至少 0.4，仅删除该记录
CC[C@H]1OC(=O)[C@H](C)[C@@H](O[C@H]2CC(C)(OC)[C@@H](O)[C@H](C)O2)[C@H](C)[C@@H](O[C@@H]2O[C@H](C)C[C@H](N(C)C)[C@H]2O)[C@](C)(O)C[C@@H](C)C(=O)[C@H](C)[C@@H](O)[C@]1(C)O,Results_004,15229,0.1,0,0.8,0.8,参考化合物有效条目超过 8 条；该值比组内最高 Activity Level 低至少 0.4，仅删除该记录
CC[C@H]1OC(=O)[C@H](C)[C@@H](O[C@H]2CC(C)(OC)[C@@H](O)[C@H](C)O2)[C@H](C)[C@@H](O[C@@H]2O[C@H](C)C[C@H](N(C)C)[C@H]2O)[C@](C)(O)C[C@@H](C)C(=O)[C@H](C)[C@@H](O)[C@]1(C)O,Results_006,1573,0,0,0.8,0.8,参考化合物有效条目超过 8 条；该值比组内最高 Activity Level 低至少 0.4，仅删除该记录
CC[C@H]1OC(=O)[C@H](C)[C@@H](O[C@H]2CC(C)(OC)[C@@H](O)[C@H](C)O2)[C@H](C)[C@@H](O[C@@H]2O[C@H](C)C[C@H](N(C)C)[C@H]2O)[C@](C)(O)C[C@@H](C)C(=O)[C@H](C)[C@@H](O)[C@]1(C)O,Results_006,1756,0.1,0,0.8,0.8,参考化合物有效条目超过 8 条；该值比组内最高 Activity Level 低至少 0.4，仅删除该记录
OC(Cn1cncn1)(Cn1cncn1)c1ccc(F)cc1F,Results_001,507,0,0,0.8,0.8,参考化合物有效条目超过 8 条；该值比组内最高 Activity Level 低至少 0.4，仅删除该记录
OC(Cn1cncn1)(Cn1cncn1)c1ccc(F)cc1F,Results_002,12122,0,0,0.8,0.8,参考化合物有效条目超过 8 条；该值比组内最高 Activity Level 低至少 0.4，仅删除该记录
OC(Cn1cncn1)(Cn1cncn1)c1ccc(F)cc1F,Results_002,12123,0,0,0.8,0.8,参考化合物有效条目超过 8 条；该值比组内最高 Activity Level 低至少 0.4，仅删除该记录
OC(Cn1cncn1)(Cn1cncn1)c1ccc(F)cc1F,Results_002,15676,0,0,0.8,0.8,参考化合物有效条目超过 8 条；该值比组内最高 Activity Level 低至少 0.4，仅删除该记录
OC(Cn1cncn1)(Cn1cncn1)c1ccc(F)cc1F,Results_002,17556,0,0,0.8,0.8,参考化合物有效条目超过 8 条；该值比组内最高 Activity Level 低至少 0.4，仅删除该记录
OC(Cn1cncn1)(Cn1cncn1)c1ccc(F)cc1F,Results_002,17557,0,0,0.8,0.8,参考化合物有效条目超过 8 条；该值比组内最高 Activity Level 低至少 0.4，仅删除该记录
OC(Cn1cncn1)(Cn1cncn1)c1ccc(F)cc1F,Results_002,17558,0,0,0.8,0.8,参考化合物有效条目超过 8 条；该值比组内最高 Activity Level 低至少 0.4，仅删除该记录
OC(Cn1cncn1)(Cn1cncn1)c1ccc(F)cc1F,Results_002,17735,0,0,0.8,0.8,参考化合物有效条目超过 8 条；该值比组内最高 Activity Level 低至少 0.4，仅删除该记录
OC(Cn1cncn1)(Cn1cncn1)c1ccc(F)cc1F,Results_002,17736,0,0,0.8,0.8,参考化合物有效条目超过 8 条；该值比组内最高 Activity Level 低至少 0.4，仅删除该记录
OC(Cn1cncn1)(Cn1cncn1)c1ccc(F)cc1F,Results_004,12710,0,0,0.8,0.8,参考化合物有效条目超过 8 条；该值比组内最高 Activity Level 低至少 0.4，仅删除该记录
OC(Cn1cncn1)(Cn1cncn1)c1ccc(F)cc1F,Results_005,13564,0,0,0.8,0.8,参考化合物有效条目超过 8 条；该值比组内最高 Activity Level 低至少 0.4，仅删除该记录
CC(=O)c1c(O)c(C)c(O)c2c1OC1=CC(=O)/C(=C(/C)NNc3ccnc4cc(Cl)ccc34)C(=O)[C@@]12C,Results_001,803,0.4,0.4,0.8,0.4,参考化合物有效条目超过 8 条；该值比组内最高 Activity Level 低至少 0.4，仅删除该记录
CC(=O)c1c(O)c(C)c(O)c2c1OC1=CC(=O)/C(=C(/C)NNc3ccnc4cc(Cl)ccc34)C(=O)[C@@]12C,Results_001,804,0.4,0.4,0.8,0.4,参考化合物有效条目超过 8 条；该值比组内最高 Activity Level 低至少 0.4，仅删除该记录
CN(c1ccccc1)c1cc(O)cc(NC(=O)c2ccccc2)c1,Results_001,840,0,0,0.8,0.8,普通化合物当前有效条目=7，跨度≥0.6；中位数=0.8，左侧=3，右侧=0；中位数右侧为空，删除左侧最低值
CN(c1ccccc1)c1cc(O)cc(NC(=O)c2ccccc2)c1,Results_001,839,0.2,0.2,0.8,0.6,普通化合物当前有效条目=6，跨度≥0.6；中位数=0.8，左侧=2，右侧=0；中位数右侧为空，删除左侧最低值
CN(c1ccccc1)c1cc(O)cc(NC(=O)C2CCCCC2)c1,Results_001,858,0.2,0.1,1,0.9,参考化合物有效条目超过 8 条；该值比组内最高 Activity Level 低至少 0.4，仅删除该记录
CN(c1ccccc1)c1cc(O)cc(NC(=O)C2CCCCC2)c1,Results_001,859,0.1,0.1,1,0.9,参考化合物有效条目超过 8 条；该值比组内最高 Activity Level 低至少 0.4，仅删除该记录
CN(c1ccccc1)c1cc(O)cc(NC(=O)C2CCCCC2)c1,Results_001,860,0.1,0.1,1,0.9,参考化合物有效条目超过 8 条；该值比组内最高 Activity Level 低至少 0.4，仅删除该记录
C[C@H]1COC2(CCN(c3nc(=O)c4cc(C(F)(F)F)cc([N+](=O)[O-])c4s3)CC2)O1,Results_003,8944,0.6,0.4,1,0.6,参考化合物有效条目超过 8 条；该值比组内最高 Activity Level 低至少 0.4，仅删除该记录
C[C@H]1COC2(CCN(c3nc(=O)c4cc(C(F)(F)F)cc([N+](=O)[O-])c4s3)CC2)O1,Results_003,8945,0.6,0.4,1,0.6,参考化合物有效条目超过 8 条；该值比组内最高 Activity Level 低至少 0.4，仅删除该记录
C[C@H]1COC2(CCN(c3nc(=O)c4cc(C(F)(F)F)cc([N+](=O)[O-])c4s3)CC2)O1,Results_005,1145,0.6,0.4,1,0.6,参考化合物有效条目超过 8 条；该值比组内最高 Activity Level 低至少 0.4，仅删除该记录
C[C@H]1COC2(CCN(c3nc(=O)c4cc(C(F)(F)F)cc([N+](=O)[O-])c4s3)CC2)O1,Results_005,10939,0.4,0.4,1,0.6,参考化合物有效条目超过 8 条；该值比组内最高 Activity Level 低至少 0.4，仅删除该记录
C[C@H]1COC2(CCN(c3nc(=O)c4cc(C(F)(F)F)cc([N+](=O)[O-])c4s3)CC2)O1,Results_005,14480,0.6,0.4,1,0.6,参考化合物有效条目超过 8 条；该值比组内最高 Activity Level 低至少 0.4，仅删除该记录
O=c1nc(N2CCN(CC3CCCCC3)CC2)sc2c([N+](=O)[O-])cc(C(F)(F)F)cc12,Results_003,4357,0.2,0.1,1,0.9,参考化合物有效条目超过 8 条；该值比组内最高 Activity Level 低至少 0.4，仅删除该记录
O=c1nc(N2CCN(CC3CCCCC3)CC2)sc2c([N+](=O)[O-])cc(C(F)(F)F)cc12,Results_004,2294,0.1,0.1,1,0.9,参考化合物有效条目超过 8 条；该值比组内最高 Activity Level 低至少 0.4，仅删除该记录
O=c1nc(N2CCN(CC3CCCCC3)CC2)sc2c([N+](=O)[O-])cc(C(F)(F)F)cc12,Results_005,10942,0.1,0.1,1,0.9,参考化合物有效条目超过 8 条；该值比组内最高 Activity Level 低至少 0.4，仅删除该记录
CN[C@H]1[C@@H](O[C@@H]2[C@@H](O[C@H]3[C@H](O)[C@@H](O)[C@H](NC(=N)N)[C@@H](O)[C@@H]3NC(=N)N)O[C@H](C)[C@@]2(O)C=O)O[C@@H](CO)[C@H](O)[C@@H]1O,Results_001,1083,0.2,0,1,1,参考化合物有效条目超过 8 条；该值比组内最高 Activity Level 低至少 0.4，仅删除该记录
CN[C@H]1[C@@H](O[C@@H]2[C@@H](O[C@H]3[C@H](O)[C@@H](O)[C@H](NC(=N)N)[C@@H](O)[C@@H]3NC(=N)N)O[C@H](C)[C@@]2(O)C=O)O[C@@H](CO)[C@H](O)[C@@H]1O,Results_001,1271,0.2,0,1,1,参考化合物有效条目超过 8 条；该值比组内最高 Activity Level 低至少 0.4，仅删除该记录
CN[C@H]1[C@@H](O[C@@H]2[C@@H](O[C@H]3[C@H](O)[C@@H](O)[C@H](NC(=N)N)[C@@H](O)[C@@H]3NC(=N)N)O[C@H](C)[C@@]2(O)C=O)O[C@@H](CO)[C@H](O)[C@@H]1O,Results_001,2012,0.2,0,1,1,参考化合物有效条目超过 8 条；该值比组内最高 Activity Level 低至少 0.4，仅删除该记录
CN[C@H]1[C@@H](O[C@@H]2[C@@H](O[C@H]3[C@H](O)[C@@H](O)[C@H](NC(=N)N)[C@@H](O)[C@@H]3NC(=N)N)O[C@H](C)[C@@]2(O)C=O)O[C@@H](CO)[C@H](O)[C@@H]1O,Results_001,4419,0.6,0,1,1,参考化合物有效条目超过 8 条；该值比组内最高 Activity Level 低至少 0.4，仅删除该记录
CN[C@H]1[C@@H](O[C@@H]2[C@@H](O[C@H]3[C@H](O)[C@@H](O)[C@H](NC(=N)N)[C@@H](O)[C@@H]3NC(=N)N)O[C@H](C)[C@@]2(O)C=O)O[C@@H](CO)[C@H](O)[C@@H]1O,Results_001,4591,0,0,1,1,参考化合物有效条目超过 8 条；该值比组内最高 Activity Level 低至少 0.4，仅删除该记录
CN[C@H]1[C@@H](O[C@@H]2[C@@H](O[C@H]3[C@H](O)[C@@H](O)[C@H](NC(=N)N)[C@@H](O)[C@@H]3NC(=N)N)O[C@H](C)[C@@]2(O)C=O)O[C@@H](CO)[C@H](O)[C@@H]1O,Results_001,8562,0.2,0,1,1,参考化合物有效条目超过 8 条；该值比组内最高 Activity Level 低至少 0.4，仅删除该记录
CN[C@H]1[C@@H](O[C@@H]2[C@@H](O[C@H]3[C@H](O)[C@@H](O)[C@H](NC(=N)N)[C@@H](O)[C@@H]3NC(=N)N)O[C@H](C)[C@@]2(O)C=O)O[C@@H](CO)[C@H](O)[C@@H]1O,Results_001,15426,0.2,0,1,1,参考化合物有效条目超过 8 条；该值比组内最高 Activity Level 低至少 0.4，仅删除该记录
CN[C@H]1[C@@H](O[C@@H]2[C@@H](O[C@H]3[C@H](O)[C@@H](O)[C@H](NC(=N)N)[C@@H](O)[C@@H]3NC(=N)N)O[C@H](C)[C@@]2(O)C=O)O[C@@H](CO)[C@H](O)[C@@H]1O,Results_001,15812,0.1,0,1,1,参考化合物有效条目超过 8 条；该值比组内最高 Activity Level 低至少 0.4，仅删除该记录
CN[C@H]1[C@@H](O[C@@H]2[C@@H](O[C@H]3[C@H](O)[C@@H](O)[C@H](NC(=N)N)[C@@H](O)[C@@H]3NC(=N)N)O[C@H](C)[C@@]2(O)C=O)O[C@@H](CO)[C@H](O)[C@@H]1O,Results_001,16371,0.2,0,1,1,参考化合物有效条目超过 8 条；该值比组内最高 Activity Level 低至少 0.4，仅删除该记录
CN[C@H]1[C@@H](O[C@@H]2[C@@H](O[C@H]3[C@H](O)[C@@H](O)[C@H](NC(=N)N)[C@@H](O)[C@@H]3NC(=N)N)O[C@H](C)[C@@]2(O)C=O)O[C@@H](CO)[C@H](O)[C@@H]1O,Results_002,320,0.4,0,1,1,参考化合物有效条目超过 8 条；该值比组内最高 Activity Level 低至少 0.4，仅删除该记录
CN[C@H]1[C@@H](O[C@@H]2[C@@H](O[C@H]3[C@H](O)[C@@H](O)[C@H](NC(=N)N)[C@@H](O)[C@@H]3NC(=N)N)O[C@H](C)[C@@]2(O)C=O)O[C@@H](CO)[C@H](O)[C@@H]1O,Results_002,321,0.4,0,1,1,参考化合物有效条目超过 8 条；该值比组内最高 Activity Level 低至少 0.4，仅删除该记录
CN[C@H]1[C@@H](O[C@@H]2[C@@H](O[C@H]3[C@H](O)[C@@H](O)[C@H](NC(=N)N)[C@@H](O)[C@@H]3NC(=N)N)O[C@H](C)[C@@]2(O)C=O)O[C@@H](CO)[C@H](O)[C@@H]1O,Results_002,1644,0.6,0,1,1,参考化合物有效条目超过 8 条；该值比组内最高 Activity Level 低至少 0.4，仅删除该记录
CN[C@H]1[C@@H](O[C@@H]2[C@@H](O[C@H]3[C@H](O)[C@@H](O)[C@H](NC(=N)N)[C@@H](O)[C@@H]3NC(=N)N)O[C@H](C)[C@@]2(O)C=O)O[C@@H](CO)[C@H](O)[C@@H]1O,Results_002,1646,0.6,0,1,1,参考化合物有效条目超过 8 条；该值比组内最高 Activity Level 低至少 0.4，仅删除该记录
CN[C@H]1[C@@H](O[C@@H]2[C@@H](O[C@H]3[C@H](O)[C@@H](O)[C@H](NC(=N)N)[C@@H](O)[C@@H]3NC(=N)N)O[C@H](C)[C@@]2(O)C=O)O[C@@H](CO)[C@H](O)[C@@H]1O,Results_002,3466,0.4,0,1,1,参考化合物有效条目超过 8 条；该值比组内最高 Activity Level 低至少 0.4，仅删除该记录
CN[C@H]1[C@@H](O[C@@H]2[C@@H](O[C@H]3[C@H](O)[C@@H](O)[C@H](NC(=N)N)[C@@H](O)[C@@H]3NC(=N)N)O[C@H](C)[C@@]2(O)C=O)O[C@@H](CO)[C@H](O)[C@@H]1O,Results_002,3467,0.4,0,1,1,参考化合物有效条目超过 8 条；该值比组内最高 Activity Level 低至少 0.4，仅删除该记录
CN[C@H]1[C@@H](O[C@@H]2[C@@H](O[C@H]3[C@H](O)[C@@H](O)[C@H](NC(=N)N)[C@@H](O)[C@@H]3NC(=N)N)O[C@H](C)[C@@]2(O)C=O)O[C@@H](CO)[C@H](O)[C@@H]1O,Results_002,3468,0.4,0,1,1,参考化合物有效条目超过 8 条；该值比组内最高 Activity Level 低至少 0.4，仅删除该记录
CN[C@H]1[C@@H](O[C@@H]2[C@@H](O[C@H]3[C@H](O)[C@@H](O)[C@H](NC(=N)N)[C@@H](O)[C@@H]3NC(=N)N)O[C@H](C)[C@@]2(O)C=O)O[C@@H](CO)[C@H](O)[C@@H]1O,Results_002,3469,0.4,0,1,1,参考化合物有效条目超过 8 条；该值比组内最高 Activity Level 低至少 0.4，仅删除该记录
CN[C@H]1[C@@H](O[C@@H]2[C@@H](O[C@H]3[C@H](O)[C@@H](O)[C@H](NC(=N)N)[C@@H](O)[C@@H]3NC(=N)N)O[C@H](C)[C@@]2(O)C=O)O[C@@H](CO)[C@H](O)[C@@H]1O,Results_002,3470,0.4,0,1,1,参考化合物有效条目超过 8 条；该值比组内最高 Activity Level 低至少 0.4，仅删除该记录
CN[C@H]1[C@@H](O[C@@H]2[C@@H](O[C@H]3[C@H](O)[C@@H](O)[C@H](NC(=N)N)[C@@H](O)[C@@H]3NC(=N)N)O[C@H](C)[C@@]2(O)C=O)O[C@@H](CO)[C@H](O)[C@@H]1O,Results_002,3471,0.4,0,1,1,参考化合物有效条目超过 8 条；该值比组内最高 Activity Level 低至少 0.4，仅删除该记录
CN[C@H]1[C@@H](O[C@@H]2[C@@H](O[C@H]3[C@H](O)[C@@H](O)[C@H](NC(=N)N)[C@@H](O)[C@@H]3NC(=N)N)O[C@H](C)[C@@]2(O)C=O)O[C@@H](CO)[C@H](O)[C@@H]1O,Results_002,13739,0.4,0,1,1,参考化合物有效条目超过 8 条；该值比组内最高 Activity Level 低至少 0.4，仅删除该记录
CN[C@H]1[C@@H](O[C@@H]2[C@@H](O[C@H]3[C@H](O)[C@@H](O)[C@H](NC(=N)N)[C@@H](O)[C@@H]3NC(=N)N)O[C@H](C)[C@@]2(O)C=O)O[C@@H](CO)[C@H](O)[C@@H]1O,Results_002,13740,0.4,0,1,1,参考化合物有效条目超过 8 条；该值比组内最高 Activity Level 低至少 0.4，仅删除该记录
CN[C@H]1[C@@H](O[C@@H]2[C@@H](O[C@H]3[C@H](O)[C@@H](O)[C@H](NC(=N)N)[C@@H](O)[C@@H]3NC(=N)N)O[C@H](C)[C@@]2(O)C=O)O[C@@H](CO)[C@H](O)[C@@H]1O,Results_002,13741,0.4,0,1,1,参考化合物有效条目超过 8 条；该值比组内最高 Activity Level 低至少 0.4，仅删除该记录
CN[C@H]1[C@@H](O[C@@H]2[C@@H](O[C@H]3[C@H](O)[C@@H](O)[C@H](NC(=N)N)[C@@H](O)[C@@H]3NC(=N)N)O[C@H](C)[C@@]2(O)C=O)O[C@@H](CO)[C@H](O)[C@@H]1O,Results_002,13742,0.4,0,1,1,参考化合物有效条目超过 8 条；该值比组内最高 Activity Level 低至少 0.4，仅删除该记录
CN[C@H]1[C@@H](O[C@@H]2[C@@H](O[C@H]3[C@H](O)[C@@H](O)[C@H](NC(=N)N)[C@@H](O)[C@@H]3NC(=N)N)O[C@H](C)[C@@]2(O)C=O)O[C@@H](CO)[C@H](O)[C@@H]1O,Results_002,13743,0.4,0,1,1,参考化合物有效条目超过 8 条；该值比组内最高 Activity Level 低至少 0.4，仅删除该记录
CN[C@H]1[C@@H](O[C@@H]2[C@@H](O[C@H]3[C@H](O)[C@@H](O)[C@H](NC(=N)N)[C@@H](O)[C@@H]3NC(=N)N)O[C@H](C)[C@@]2(O)C=O)O[C@@H](CO)[C@H](O)[C@@H]1O,Results_002,13744,0.4,0,1,1,参考化合物有效条目超过 8 条；该值比组内最高 Activity Level 低至少 0.4，仅删除该记录
CN[C@H]1[C@@H](O[C@@H]2[C@@H](O[C@H]3[C@H](O)[C@@H](O)[C@H](NC(=N)N)[C@@H](O)[C@@H]3NC(=N)N)O[C@H](C)[C@@]2(O)C=O)O[C@@H](CO)[C@H](O)[C@@H]1O,Results_002,13745,0.4,0,1,1,参考化合物有效条目超过 8 条；该值比组内最高 Activity Level 低至少 0.4，仅删除该记录
CN[C@H]1[C@@H](O[C@@H]2[C@@H](O[C@H]3[C@H](O)[C@@H](O)[C@H](NC(=N)N)[C@@H](O)[C@@H]3NC(=N)N)O[C@H](C)[C@@]2(O)C=O)O[C@@H](CO)[C@H](O)[C@@H]1O,Results_002,13746,0.4,0,1,1,参考化合物有效条目超过 8 条；该值比组内最高 Activity Level 低至少 0.4，仅删除该记录
CN[C@H]1[C@@H](O[C@@H]2[C@@H](O[C@H]3[C@H](O)[C@@H](O)[C@H](NC(=N)N)[C@@H](O)[C@@H]3NC(=N)N)O[C@H](C)[C@@]2(O)C=O)O[C@@H](CO)[C@H](O)[C@@H]1O,Results_002,13747,0.4,0,1,1,参考化合物有效条目超过 8 条；该值比组内最高 Activity Level 低至少 0.4，仅删除该记录
CN[C@H]1[C@@H](O[C@@H]2[C@@H](O[C@H]3[C@H](O)[C@@H](O)[C@H](NC(=N)N)[C@@H](O)[C@@H]3NC(=N)N)O[C@H](C)[C@@]2(O)C=O)O[C@@H](CO)[C@H](O)[C@@H]1O,Results_002,13748,0.4,0,1,1,参考化合物有效条目超过 8 条；该值比组内最高 Activity Level 低至少 0.4，仅删除该记录
CN[C@H]1[C@@H](O[C@@H]2[C@@H](O[C@H]3[C@H](O)[C@@H](O)[C@H](NC(=N)N)[C@@H](O)[C@@H]3NC(=N)N)O[C@H](C)[C@@]2(O)C=O)O[C@@H](CO)[C@H](O)[C@@H]1O,Results_002,13749,0.4,0,1,1,参考化合物有效条目超过 8 条；该值比组内最高 Activity Level 低至少 0.4，仅删除该记录
CN[C@H]1[C@@H](O[C@@H]2[C@@H](O[C@H]3[C@H](O)[C@@H](O)[C@H](NC(=N)N)[C@@H](O)[C@@H]3NC(=N)N)O[C@H](C)[C@@]2(O)C=O)O[C@@H](CO)[C@H](O)[C@@H]1O,Results_002,13750,0.4,0,1,1,参考化合物有效条目超过 8 条；该值比组内最高 Activity Level 低至少 0.4，仅删除该记录
CN[C@H]1[C@@H](O[C@@H]2[C@@H](O[C@H]3[C@H](O)[C@@H](O)[C@H](NC(=N)N)[C@@H](O)[C@@H]3NC(=N)N)O[C@H](C)[C@@]2(O)C=O)O[C@@H](CO)[C@H](O)[C@@H]1O,Results_002,16528,0.4,0,1,1,参考化合物有效条目超过 8 条；该值比组内最高 Activity Level 低至少 0.4，仅删除该记录
CN[C@H]1[C@@H](O[C@@H]2[C@@H](O[C@H]3[C@H](O)[C@@H](O)[C@H](NC(=N)N)[C@@H](O)[C@@H]3NC(=N)N)O[C@H](C)[C@@]2(O)C=O)O[C@@H](CO)[C@H](O)[C@@H]1O,Results_002,16529,0.4,0,1,1,参考化合物有效条目超过 8 条；该值比组内最高 Activity Level 低至少 0.4，仅删除该记录
CN[C@H]1[C@@H](O[C@@H]2[C@@H](O[C@H]3[C@H](O)[C@@H](O)[C@H](NC(=N)N)[C@@H](O)[C@@H]3NC(=N)N)O[C@H](C)[C@@]2(O)C=O)O[C@@H](CO)[C@H](O)[C@@H]1O,Results_003,7959,0.2,0,1,1,参考化合物有效条目超过 8 条；该值比组内最高 Activity Level 低至少 0.4，仅删除该记录
CN[C@H]1[C@@H](O[C@@H]2[C@@H](O[C@H]3[C@H](O)[C@@H](O)[C@H](NC(=N)N)[C@@H](O)[C@@H]3NC(=N)N)O[C@H](C)[C@@]2(O)C=O)O[C@@H](CO)[C@H](O)[C@@H]1O,Results_003,8363,0.2,0,1,1,参考化合物有效条目超过 8 条；该值比组内最高 Activity Level 低至少 0.4，仅删除该记录
CN[C@H]1[C@@H](O[C@@H]2[C@@H](O[C@H]3[C@H](O)[C@@H](O)[C@H](NC(=N)N)[C@@H](O)[C@@H]3NC(=N)N)O[C@H](C)[C@@]2(O)C=O)O[C@@H](CO)[C@H](O)[C@@H]1O,Results_003,9162,0.4,0,1,1,参考化合物有效条目超过 8 条；该值比组内最高 Activity Level 低至少 0.4，仅删除该记录
CN[C@H]1[C@@H](O[C@@H]2[C@@H](O[C@H]3[C@H](O)[C@@H](O)[C@H](NC(=N)N)[C@@H](O)[C@@H]3NC(=N)N)O[C@H](C)[C@@]2(O)C=O)O[C@@H](CO)[C@H](O)[C@@H]1O,Results_003,9635,0.6,0,1,1,参考化合物有效条目超过 8 条；该值比组内最高 Activity Level 低至少 0.4，仅删除该记录
CN[C@H]1[C@@H](O[C@@H]2[C@@H](O[C@H]3[C@H](O)[C@@H](O)[C@H](NC(=N)N)[C@@H](O)[C@@H]3NC(=N)N)O[C@H](C)[C@@]2(O)C=O)O[C@@H](CO)[C@H](O)[C@@H]1O,Results_003,9636,0.2,0,1,1,参考化合物有效条目超过 8 条；该值比组内最高 Activity Level 低至少 0.4，仅删除该记录
CN[C@H]1[C@@H](O[C@@H]2[C@@H](O[C@H]3[C@H](O)[C@@H](O)[C@H](NC(=N)N)[C@@H](O)[C@@H]3NC(=N)N)O[C@H](C)[C@@]2(O)C=O)O[C@@H](CO)[C@H](O)[C@@H]1O,Results_003,11194,0.6,0,1,1,参考化合物有效条目超过 8 条；该值比组内最高 Activity Level 低至少 0.4，仅删除该记录
CN[C@H]1[C@@H](O[C@@H]2[C@@H](O[C@H]3[C@H](O)[C@@H](O)[C@H](NC(=N)N)[C@@H](O)[C@@H]3NC(=N)N)O[C@H](C)[C@@]2(O)C=O)O[C@@H](CO)[C@H](O)[C@@H]1O,Results_003,13335,0.2,0,1,1,参考化合物有效条目超过 8 条；该值比组内最高 Activity Level 低至少 0.4，仅删除该记录
CN[C@H]1[C@@H](O[C@@H]2[C@@H](O[C@H]3[C@H](O)[C@@H](O)[C@H](NC(=N)N)[C@@H](O)[C@@H]3NC(=N)N)O[C@H](C)[C@@]2(O)C=O)O[C@@H](CO)[C@H](O)[C@@H]1O,Results_003,14072,0.1,0,1,1,参考化合物有效条目超过 8 条；该值比组内最高 Activity Level 低至少 0.4，仅删除该记录
CN[C@H]1[C@@H](O[C@@H]2[C@@H](O[C@H]3[C@H](O)[C@@H](O)[C@H](NC(=N)N)[C@@H](O)[C@@H]3NC(=N)N)O[C@H](C)[C@@]2(O)C=O)O[C@@H](CO)[C@H](O)[C@@H]1O,Results_003,14907,0.1,0,1,1,参考化合物有效条目超过 8 条；该值比组内最高 Activity Level 低至少 0.4，仅删除该记录
CN[C@H]1[C@@H](O[C@@H]2[C@@H](O[C@H]3[C@H](O)[C@@H](O)[C@H](NC(=N)N)[C@@H](O)[C@@H]3NC(=N)N)O[C@H](C)[C@@]2(O)C=O)O[C@@H](CO)[C@H](O)[C@@H]1O,Results_003,14948,0.6,0,1,1,参考化合物有效条目超过 8 条；该值比组内最高 Activity Level 低至少 0.4，仅删除该记录
CN[C@H]1[C@@H](O[C@@H]2[C@@H](O[C@H]3[C@H](O)[C@@H](O)[C@H](NC(=N)N)[C@@H](O)[C@@H]3NC(=N)N)O[C@H](C)[C@@]2(O)C=O)O[C@@H](CO)[C@H](O)[C@@H]1O,Results_004,4646,0.6,0,1,1,参考化合物有效条目超过 8 条；该值比组内最高 Activity Level 低至少 0.4，仅删除该记录
CN[C@H]1[C@@H](O[C@@H]2[C@@H](O[C@H]3[C@H](O)[C@@H](O)[C@H](NC(=N)N)[C@@H](O)[C@@H]3NC(=N)N)O[C@H](C)[C@@]2(O)C=O)O[C@@H](CO)[C@H](O)[C@@H]1O,Results_004,5030,0.6,0,1,1,参考化合物有效条目超过 8 条；该值比组内最高 Activity Level 低至少 0.4，仅删除该记录
CN[C@H]1[C@@H](O[C@@H]2[C@@H](O[C@H]3[C@H](O)[C@@H](O)[C@H](NC(=N)N)[C@@H](O)[C@@H]3NC(=N)N)O[C@H](C)[C@@]2(O)C=O)O[C@@H](CO)[C@H](O)[C@@H]1O,Results_004,5224,0.1,0,1,1,参考化合物有效条目超过 8 条；该值比组内最高 Activity Level 低至少 0.4，仅删除该记录
CN[C@H]1[C@@H](O[C@@H]2[C@@H](O[C@H]3[C@H](O)[C@@H](O)[C@H](NC(=N)N)[C@@H](O)[C@@H]3NC(=N)N)O[C@H](C)[C@@]2(O)C=O)O[C@@H](CO)[C@H](O)[C@@H]1O,Results_004,5225,0.1,0,1,1,参考化合物有效条目超过 8 条；该值比组内最高 Activity Level 低至少 0.4，仅删除该记录
CN[C@H]1[C@@H](O[C@@H]2[C@@H](O[C@H]3[C@H](O)[C@@H](O)[C@H](NC(=N)N)[C@@H](O)[C@@H]3NC(=N)N)O[C@H](C)[C@@]2(O)C=O)O[C@@H](CO)[C@H](O)[C@@H]1O,Results_004,5505,0.4,0,1,1,参考化合物有效条目超过 8 条；该值比组内最高 Activity Level 低至少 0.4，仅删除该记录
CN[C@H]1[C@@H](O[C@@H]2[C@@H](O[C@H]3[C@H](O)[C@@H](O)[C@H](NC(=N)N)[C@@H](O)[C@@H]3NC(=N)N)O[C@H](C)[C@@]2(O)C=O)O[C@@H](CO)[C@H](O)[C@@H]1O,Results_004,9829,0.2,0,1,1,参考化合物有效条目超过 8 条；该值比组内最高 Activity Level 低至少 0.4，仅删除该记录
CN[C@H]1[C@@H](O[C@@H]2[C@@H](O[C@H]3[C@H](O)[C@@H](O)[C@H](NC(=N)N)[C@@H](O)[C@@H]3NC(=N)N)O[C@H](C)[C@@]2(O)C=O)O[C@@H](CO)[C@H](O)[C@@H]1O,Results_004,10382,0.1,0,1,1,参考化合物有效条目超过 8 条；该值比组内最高 Activity Level 低至少 0.4，仅删除该记录
CN[C@H]1[C@@H](O[C@@H]2[C@@H](O[C@H]3[C@H](O)[C@@H](O)[C@H](NC(=N)N)[C@@H](O)[C@@H]3NC(=N)N)O[C@H](C)[C@@]2(O)C=O)O[C@@H](CO)[C@H](O)[C@@H]1O,Results_004,10383,0.1,0,1,1,参考化合物有效条目超过 8 条；该值比组内最高 Activity Level 低至少 0.4，仅删除该记录
CN[C@H]1[C@@H](O[C@@H]2[C@@H](O[C@H]3[C@H](O)[C@@H](O)[C@H](NC(=N)N)[C@@H](O)[C@@H]3NC(=N)N)O[C@H](C)[C@@]2(O)C=O)O[C@@H](CO)[C@H](O)[C@@H]1O,Results_004,10384,0.4,0,1,1,参考化合物有效条目超过 8 条；该值比组内最高 Activity Level 低至少 0.4，仅删除该记录
CN[C@H]1[C@@H](O[C@@H]2[C@@H](O[C@H]3[C@H](O)[C@@H](O)[C@H](NC(=N)N)[C@@H](O)[C@@H]3NC(=N)N)O[C@H](C)[C@@]2(O)C=O)O[C@@H](CO)[C@H](O)[C@@H]1O,Results_004,10385,0.2,0,1,1,参考化合物有效条目超过 8 条；该值比组内最高 Activity Level 低至少 0.4，仅删除该记录
CN[C@H]1[C@@H](O[C@@H]2[C@@H](O[C@H]3[C@H](O)[C@@H](O)[C@H](NC(=N)N)[C@@H](O)[C@@H]3NC(=N)N)O[C@H](C)[C@@]2(O)C=O)O[C@@H](CO)[C@H](O)[C@@H]1O,Results_004,10386,0.4,0,1,1,参考化合物有效条目超过 8 条；该值比组内最高 Activity Level 低至少 0.4，仅删除该记录
CN[C@H]1[C@@H](O[C@@H]2[C@@H](O[C@H]3[C@H](O)[C@@H](O)[C@H](NC(=N)N)[C@@H](O)[C@@H]3NC(=N)N)O[C@H](C)[C@@]2(O)C=O)O[C@@H](CO)[C@H](O)[C@@H]1O,Results_004,10388,0.6,0,1,1,参考化合物有效条目超过 8 条；该值比组内最高 Activity Level 低至少 0.4，仅删除该记录
CN[C@H]1[C@@H](O[C@@H]2[C@@H](O[C@H]3[C@H](O)[C@@H](O)[C@H](NC(=N)N)[C@@H](O)[C@@H]3NC(=N)N)O[C@H](C)[C@@]2(O)C=O)O[C@@H](CO)[C@H](O)[C@@H]1O,Results_004,10391,0.6,0,1,1,参考化合物有效条目超过 8 条；该值比组内最高 Activity Level 低至少 0.4，仅删除该记录
CN[C@H]1[C@@H](O[C@@H]2[C@@H](O[C@H]3[C@H](O)[C@@H](O)[C@H](NC(=N)N)[C@@H](O)[C@@H]3NC(=N)N)O[C@H](C)[C@@]2(O)C=O)O[C@@H](CO)[C@H](O)[C@@H]1O,Results_004,10504,0.1,0,1,1,参考化合物有效条目超过 8 条；该值比组内最高 Activity Level 低至少 0.4，仅删除该记录
CN[C@H]1[C@@H](O[C@@H]2[C@@H](O[C@H]3[C@H](O)[C@@H](O)[C@H](NC(=N)N)[C@@H](O)[C@@H]3NC(=N)N)O[C@H](C)[C@@]2(O)C=O)O[C@@H](CO)[C@H](O)[C@@H]1O,Results_004,10716,0.1,0,1,1,参考化合物有效条目超过 8 条；该值比组内最高 Activity Level 低至少 0.4，仅删除该记录
CN[C@H]1[C@@H](O[C@@H]2[C@@H](O[C@H]3[C@H](O)[C@@H](O)[C@H](NC(=N)N)[C@@H](O)[C@@H]3NC(=N)N)O[C@H](C)[C@@]2(O)C=O)O[C@@H](CO)[C@H](O)[C@@H]1O,Results_004,10718,0.1,0,1,1,参考化合物有效条目超过 8 条；该值比组内最高 Activity Level 低至少 0.4，仅删除该记录
CN[C@H]1[C@@H](O[C@@H]2[C@@H](O[C@H]3[C@H](O)[C@@H](O)[C@H](NC(=N)N)[C@@H](O)[C@@H]3NC(=N)N)O[C@H](C)[C@@]2(O)C=O)O[C@@H](CO)[C@H](O)[C@@H]1O,Results_004,11078,0.6,0,1,1,参考化合物有效条目超过 8 条；该值比组内最高 Activity Level 低至少 0.4，仅删除该记录
CN[C@H]1[C@@H](O[C@@H]2[C@@H](O[C@H]3[C@H](O)[C@@H](O)[C@H](NC(=N)N)[C@@H](O)[C@@H]3NC(=N)N)O[C@H](C)[C@@]2(O)C=O)O[C@@H](CO)[C@H](O)[C@@H]1O,Results_004,11079,0.4,0,1,1,参考化合物有效条目超过 8 条；该值比组内最高 Activity Level 低至少 0.4，仅删除该记录
CN[C@H]1[C@@H](O[C@@H]2[C@@H](O[C@H]3[C@H](O)[C@@H](O)[C@H](NC(=N)N)[C@@H](O)[C@@H]3NC(=N)N)O[C@H](C)[C@@]2(O)C=O)O[C@@H](CO)[C@H](O)[C@@H]1O,Results_004,11080,0.4,0,1,1,参考化合物有效条目超过 8 条；该值比组内最高 Activity Level 低至少 0.4，仅删除该记录
CN[C@H]1[C@@H](O[C@@H]2[C@@H](O[C@H]3[C@H](O)[C@@H](O)[C@H](NC(=N)N)[C@@H](O)[C@@H]3NC(=N)N)O[C@H](C)[C@@]2(O)C=O)O[C@@H](CO)[C@H](O)[C@@H]1O,Results_004,11081,0.6,0,1,1,参考化合物有效条目超过 8 条；该值比组内最高 Activity Level 低至少 0.4，仅删除该记录
CN[C@H]1[C@@H](O[C@@H]2[C@@H](O[C@H]3[C@H](O)[C@@H](O)[C@H](NC(=N)N)[C@@H](O)[C@@H]3NC(=N)N)O[C@H](C)[C@@]2(O)C=O)O[C@@H](CO)[C@H](O)[C@@H]1O,Results_004,11082,0.4,0,1,1,参考化合物有效条目超过 8 条；该值比组内最高 Activity Level 低至少 0.4，仅删除该记录
CN[C@H]1[C@@H](O[C@@H]2[C@@H](O[C@H]3[C@H](O)[C@@H](O)[C@H](NC(=N)N)[C@@H](O)[C@@H]3NC(=N)N)O[C@H](C)[C@@]2(O)C=O)O[C@@H](CO)[C@H](O)[C@@H]1O,Results_004,11083,0.4,0,1,1,参考化合物有效条目超过 8 条；该值比组内最高 Activity Level 低至少 0.4，仅删除该记录
CN[C@H]1[C@@H](O[C@@H]2[C@@H](O[C@H]3[C@H](O)[C@@H](O)[C@H](NC(=N)N)[C@@H](O)[C@@H]3NC(=N)N)O[C@H](C)[C@@]2(O)C=O)O[C@@H](CO)[C@H](O)[C@@H]1O,Results_004,13115,0.4,0,1,1,参考化合物有效条目超过 8 条；该值比组内最高 Activity Level 低至少 0.4，仅删除该记录
CN[C@H]1[C@@H](O[C@@H]2[C@@H](O[C@H]3[C@H](O)[C@@H](O)[C@H](NC(=N)N)[C@@H](O)[C@@H]3NC(=N)N)O[C@H](C)[C@@]2(O)C=O)O[C@@H](CO)[C@H](O)[C@@H]1O,Results_004,13437,0.1,0,1,1,参考化合物有效条目超过 8 条；该值比组内最高 Activity Level 低至少 0.4，仅删除该记录
CN[C@H]1[C@@H](O[C@@H]2[C@@H](O[C@H]3[C@H](O)[C@@H](O)[C@H](NC(=N)N)[C@@H](O)[C@@H]3NC(=N)N)O[C@H](C)[C@@]2(O)C=O)O[C@@H](CO)[C@H](O)[C@@H]1O,Results_004,13491,0.4,0,1,1,参考化合物有效条目超过 8 条；该值比组内最高 Activity Level 低至少 0.4，仅删除该记录
CN[C@H]1[C@@H](O[C@@H]2[C@@H](O[C@H]3[C@H](O)[C@@H](O)[C@H](NC(=N)N)[C@@H](O)[C@@H]3NC(=N)N)O[C@H](C)[C@@]2(O)C=O)O[C@@H](CO)[C@H](O)[C@@H]1O,Results_004,15061,0,0,1,1,参考化合物有效条目超过 8 条；该值比组内最高 Activity Level 低至少 0.4，仅删除该记录
CN[C@H]1[C@@H](O[C@@H]2[C@@H](O[C@H]3[C@H](O)[C@@H](O)[C@H](NC(=N)N)[C@@H](O)[C@@H]3NC(=N)N)O[C@H](C)[C@@]2(O)C=O)O[C@@H](CO)[C@H](O)[C@@H]1O,Results_005,3467,0.2,0,1,1,参考化合物有效条目超过 8 条；该值比组内最高 Activity Level 低至少 0.4，仅删除该记录
CN[C@H]1[C@@H](O[C@@H]2[C@@H](O[C@H]3[C@H](O)[C@@H](O)[C@H](NC(=N)N)[C@@H](O)[C@@H]3NC(=N)N)O[C@H](C)[C@@]2(O)C=O)O[C@@H](CO)[C@H](O)[C@@H]1O,Results_005,3576,0,0,1,1,参考化合物有效条目超过 8 条；该值比组内最高 Activity Level 低至少 0.4，仅删除该记录
CN[C@H]1[C@@H](O[C@@H]2[C@@H](O[C@H]3[C@H](O)[C@@H](O)[C@H](NC(=N)N)[C@@H](O)[C@@H]3NC(=N)N)O[C@H](C)[C@@]2(O)C=O)O[C@@H](CO)[C@H](O)[C@@H]1O,Results_005,3577,0.1,0,1,1,参考化合物有效条目超过 8 条；该值比组内最高 Activity Level 低至少 0.4，仅删除该记录
CN[C@H]1[C@@H](O[C@@H]2[C@@H](O[C@H]3[C@H](O)[C@@H](O)[C@H](NC(=N)N)[C@@H](O)[C@@H]3NC(=N)N)O[C@H](C)[C@@]2(O)C=O)O[C@@H](CO)[C@H](O)[C@@H]1O,Results_005,3583,0,0,1,1,参考化合物有效条目超过 8 条；该值比组内最高 Activity Level 低至少 0.4，仅删除该记录
CN[C@H]1[C@@H](O[C@@H]2[C@@H](O[C@H]3[C@H](O)[C@@H](O)[C@H](NC(=N)N)[C@@H](O)[C@@H]3NC(=N)N)O[C@H](C)[C@@]2(O)C=O)O[C@@H](CO)[C@H](O)[C@@H]1O,Results_005,3585,0.4,0,1,1,参考化合物有效条目超过 8 条；该值比组内最高 Activity Level 低至少 0.4，仅删除该记录
CN[C@H]1[C@@H](O[C@@H]2[C@@H](O[C@H]3[C@H](O)[C@@H](O)[C@H](NC(=N)N)[C@@H](O)[C@@H]3NC(=N)N)O[C@H](C)[C@@]2(O)C=O)O[C@@H](CO)[C@H](O)[C@@H]1O,Results_005,3586,0,0,1,1,参考化合物有效条目超过 8 条；该值比组内最高 Activity Level 低至少 0.4，仅删除该记录
CN[C@H]1[C@@H](O[C@@H]2[C@@H](O[C@H]3[C@H](O)[C@@H](O)[C@H](NC(=N)N)[C@@H](O)[C@@H]3NC(=N)N)O[C@H](C)[C@@]2(O)C=O)O[C@@H](CO)[C@H](O)[C@@H]1O,Results_005,3589,0.2,0,1,1,参考化合物有效条目超过 8 条；该值比组内最高 Activity Level 低至少 0.4，仅删除该记录
CN[C@H]1[C@@H](O[C@@H]2[C@@H](O[C@H]3[C@H](O)[C@@H](O)[C@H](NC(=N)N)[C@@H](O)[C@@H]3NC(=N)N)O[C@H](C)[C@@]2(O)C=O)O[C@@H](CO)[C@H](O)[C@@H]1O,Results_005,3590,0,0,1,1,参考化合物有效条目超过 8 条；该值比组内最高 Activity Level 低至少 0.4，仅删除该记录
CN[C@H]1[C@@H](O[C@@H]2[C@@H](O[C@H]3[C@H](O)[C@@H](O)[C@H](NC(=N)N)[C@@H](O)[C@@H]3NC(=N)N)O[C@H](C)[C@@]2(O)C=O)O[C@@H](CO)[C@H](O)[C@@H]1O,Results_005,3592,0.2,0,1,1,参考化合物有效条目超过 8 条；该值比组内最高 Activity Level 低至少 0.4，仅删除该记录
CN[C@H]1[C@@H](O[C@@H]2[C@@H](O[C@H]3[C@H](O)[C@@H](O)[C@H](NC(=N)N)[C@@H](O)[C@@H]3NC(=N)N)O[C@H](C)[C@@]2(O)C=O)O[C@@H](CO)[C@H](O)[C@@H]1O,Results_005,3594,0,0,1,1,参考化合物有效条目超过 8 条；该值比组内最高 Activity Level 低至少 0.4，仅删除该记录
CN[C@H]1[C@@H](O[C@@H]2[C@@H](O[C@H]3[C@H](O)[C@@H](O)[C@H](NC(=N)N)[C@@H](O)[C@@H]3NC(=N)N)O[C@H](C)[C@@]2(O)C=O)O[C@@H](CO)[C@H](O)[C@@H]1O,Results_005,3595,0,0,1,1,参考化合物有效条目超过 8 条；该值比组内最高 Activity Level 低至少 0.4，仅删除该记录
CN[C@H]1[C@@H](O[C@@H]2[C@@H](O[C@H]3[C@H](O)[C@@H](O)[C@H](NC(=N)N)[C@@H](O)[C@@H]3NC(=N)N)O[C@H](C)[C@@]2(O)C=O)O[C@@H](CO)[C@H](O)[C@@H]1O,Results_005,3597,0,0,1,1,参考化合物有效条目超过 8 条；该值比组内最高 Activity Level 低至少 0.4，仅删除该记录
CN[C@H]1[C@@H](O[C@@H]2[C@@H](O[C@H]3[C@H](O)[C@@H](O)[C@H](NC(=N)N)[C@@H](O)[C@@H]3NC(=N)N)O[C@H](C)[C@@]2(O)C=O)O[C@@H](CO)[C@H](O)[C@@H]1O,Results_005,6029,0.4,0,1,1,参考化合物有效条目超过 8 条；该值比组内最高 Activity Level 低至少 0.4，仅删除该记录
CN[C@H]1[C@@H](O[C@@H]2[C@@H](O[C@H]3[C@H](O)[C@@H](O)[C@H](NC(=N)N)[C@@H](O)[C@@H]3NC(=N)N)O[C@H](C)[C@@]2(O)C=O)O[C@@H](CO)[C@H](O)[C@@H]1O,Results_005,6031,0.6,0,1,1,参考化合物有效条目超过 8 条；该值比组内最高 Activity Level 低至少 0.4，仅删除该记录
CN[C@H]1[C@@H](O[C@@H]2[C@@H](O[C@H]3[C@H](O)[C@@H](O)[C@H](NC(=N)N)[C@@H](O)[C@@H]3NC(=N)N)O[C@H](C)[C@@]2(O)C=O)O[C@@H](CO)[C@H](O)[C@@H]1O,Results_005,8248,0.6,0,1,1,参考化合物有效条目超过 8 条；该值比组内最高 Activity Level 低至少 0.4，仅删除该记录
CN[C@H]1[C@@H](O[C@@H]2[C@@H](O[C@H]3[C@H](O)[C@@H](O)[C@H](NC(=N)N)[C@@H](O)[C@@H]3NC(=N)N)O[C@H](C)[C@@]2(O)C=O)O[C@@H](CO)[C@H](O)[C@@H]1O,Results_005,8373,0,0,1,1,参考化合物有效条目超过 8 条；该值比组内最高 Activity Level 低至少 0.4，仅删除该记录
CN[C@H]1[C@@H](O[C@@H]2[C@@H](O[C@H]3[C@H](O)[C@@H](O)[C@H](NC(=N)N)[C@@H](O)[C@@H]3NC(=N)N)O[C@H](C)[C@@]2(O)C=O)O[C@@H](CO)[C@H](O)[C@@H]1O,Results_005,8680,0.2,0,1,1,参考化合物有效条目超过 8 条；该值比组内最高 Activity Level 低至少 0.4，仅删除该记录
CN[C@H]1[C@@H](O[C@@H]2[C@@H](O[C@H]3[C@H](O)[C@@H](O)[C@H](NC(=N)N)[C@@H](O)[C@@H]3NC(=N)N)O[C@H](C)[C@@]2(O)C=O)O[C@@H](CO)[C@H](O)[C@@H]1O,Results_005,10976,0.1,0,1,1,参考化合物有效条目超过 8 条；该值比组内最高 Activity Level 低至少 0.4，仅删除该记录
CN[C@H]1[C@@H](O[C@@H]2[C@@H](O[C@H]3[C@H](O)[C@@H](O)[C@H](NC(=N)N)[C@@H](O)[C@@H]3NC(=N)N)O[C@H](C)[C@@]2(O)C=O)O[C@@H](CO)[C@H](O)[C@@H]1O,Results_005,11092,0.2,0,1,1,参考化合物有效条目超过 8 条；该值比组内最高 Activity Level 低至少 0.4，仅删除该记录
CN[C@H]1[C@@H](O[C@@H]2[C@@H](O[C@H]3[C@H](O)[C@@H](O)[C@H](NC(=N)N)[C@@H](O)[C@@H]3NC(=N)N)O[C@H](C)[C@@]2(O)C=O)O[C@@H](CO)[C@H](O)[C@@H]1O,Results_005,12420,0.2,0,1,1,参考化合物有效条目超过 8 条；该值比组内最高 Activity Level 低至少 0.4，仅删除该记录
CN[C@H]1[C@@H](O[C@@H]2[C@@H](O[C@H]3[C@H](O)[C@@H](O)[C@H](NC(=N)N)[C@@H](O)[C@@H]3NC(=N)N)O[C@H](C)[C@@]2(O)C=O)O[C@@H](CO)[C@H](O)[C@@H]1O,Results_005,14212,0.6,0,1,1,参考化合物有效条目超过 8 条；该值比组内最高 Activity Level 低至少 0.4，仅删除该记录
CN[C@H]1[C@@H](O[C@@H]2[C@@H](O[C@H]3[C@H](O)[C@@H](O)[C@H](NC(=N)N)[C@@H](O)[C@@H]3NC(=N)N)O[C@H](C)[C@@]2(O)C=O)O[C@@H](CO)[C@H](O)[C@@H]1O,Results_005,14626,0.6,0,1,1,参考化合物有效条目超过 8 条；该值比组内最高 Activity Level 低至少 0.4，仅删除该记录
CN[C@H]1[C@@H](O[C@@H]2[C@@H](O[C@H]3[C@H](O)[C@@H](O)[C@H](NC(=N)N)[C@@H](O)[C@@H]3NC(=N)N)O[C@H](C)[C@@]2(O)C=O)O[C@@H](CO)[C@H](O)[C@@H]1O,Results_005,14779,0.2,0,1,1,参考化合物有效条目超过 8 条；该值比组内最高 Activity Level 低至少 0.4，仅删除该记录
CN[C@H]1[C@@H](O[C@@H]2[C@@H](O[C@H]3[C@H](O)[C@@H](O)[C@H](NC(=N)N)[C@@H](O)[C@@H]3NC(=N)N)O[C@H](C)[C@@]2(O)C=O)O[C@@H](CO)[C@H](O)[C@@H]1O,Results_005,14784,0.6,0,1,1,参考化合物有效条目超过 8 条；该值比组内最高 Activity Level 低至少 0.4，仅删除该记录
CN[C@H]1[C@@H](O[C@@H]2[C@@H](O[C@H]3[C@H](O)[C@@H](O)[C@H](NC(=N)N)[C@@H](O)[C@@H]3NC(=N)N)O[C@H](C)[C@@]2(O)C=O)O[C@@H](CO)[C@H](O)[C@@H]1O,Results_005,14789,0.2,0,1,1,参考化合物有效条目超过 8 条；该值比组内最高 Activity Level 低至少 0.4，仅删除该记录
CN[C@H]1[C@@H](O[C@@H]2[C@@H](O[C@H]3[C@H](O)[C@@H](O)[C@H](NC(=N)N)[C@@H](O)[C@@H]3NC(=N)N)O[C@H](C)[C@@]2(O)C=O)O[C@@H](CO)[C@H](O)[C@@H]1O,Results_005,14794,0.2,0,1,1,参考化合物有效条目超过 8 条；该值比组内最高 Activity Level 低至少 0.4，仅删除该记录
CN[C@H]1[C@@H](O[C@@H]2[C@@H](O[C@H]3[C@H](O)[C@@H](O)[C@H](NC(=N)N)[C@@H](O)[C@@H]3NC(=N)N)O[C@H](C)[C@@]2(O)C=O)O[C@@H](CO)[C@H](O)[C@@H]1O,Results_005,14799,0.6,0,1,1,参考化合物有效条目超过 8 条；该值比组内最高 Activity Level 低至少 0.4，仅删除该记录
CN[C@H]1[C@@H](O[C@@H]2[C@@H](O[C@H]3[C@H](O)[C@@H](O)[C@H](NC(=N)N)[C@@H](O)[C@@H]3NC(=N)N)O[C@H](C)[C@@]2(O)C=O)O[C@@H](CO)[C@H](O)[C@@H]1O,Results_005,14809,0.2,0,1,1,参考化合物有效条目超过 8 条；该值比组内最高 Activity Level 低至少 0.4，仅删除该记录
CN[C@H]1[C@@H](O[C@@H]2[C@@H](O[C@H]3[C@H](O)[C@@H](O)[C@H](NC(=N)N)[C@@H](O)[C@@H]3NC(=N)N)O[C@H](C)[C@@]2(O)C=O)O[C@@H](CO)[C@H](O)[C@@H]1O,Results_005,15449,0.6,0,1,1,参考化合物有效条目超过 8 条；该值比组内最高 Activity Level 低至少 0.4，仅删除该记录
CN[C@H]1[C@@H](O[C@@H]2[C@@H](O[C@H]3[C@H](O)[C@@H](O)[C@H](NC(=N)N)[C@@H](O)[C@@H]3NC(=N)N)O[C@H](C)[C@@]2(O)C=O)O[C@@H](CO)[C@H](O)[C@@H]1O,Results_006,1076,0.1,0,1,1,参考化合物有效条目超过 8 条；该值比组内最高 Activity Level 低至少 0.4，仅删除该记录
CN[C@H]1[C@@H](O[C@@H]2[C@@H](O[C@H]3[C@H](O)[C@@H](O)[C@H](NC(=N)N)[C@@H](O)[C@@H]3NC(=N)N)O[C@H](C)[C@@]2(O)C=O)O[C@@H](CO)[C@H](O)[C@@H]1O,Results_006,1081,0.4,0,1,1,参考化合物有效条目超过 8 条；该值比组内最高 Activity Level 低至少 0.4，仅删除该记录
CN[C@H]1[C@@H](O[C@@H]2[C@@H](O[C@H]3[C@H](O)[C@@H](O)[C@H](NC(=N)N)[C@@H](O)[C@@H]3NC(=N)N)O[C@H](C)[C@@]2(O)C=O)O[C@@H](CO)[C@H](O)[C@@H]1O,Results_006,1082,0,0,1,1,参考化合物有效条目超过 8 条；该值比组内最高 Activity Level 低至少 0.4，仅删除该记录
CN[C@H]1[C@@H](O[C@@H]2[C@@H](O[C@H]3[C@H](O)[C@@H](O)[C@H](NC(=N)N)[C@@H](O)[C@@H]3NC(=N)N)O[C@H](C)[C@@]2(O)C=O)O[C@@H](CO)[C@H](O)[C@@H]1O,Results_006,1084,0.4,0,1,1,参考化合物有效条目超过 8 条；该值比组内最高 Activity Level 低至少 0.4，仅删除该记录
CN[C@H]1[C@@H](O[C@@H]2[C@@H](O[C@H]3[C@H](O)[C@@H](O)[C@H](NC(=N)N)[C@@H](O)[C@@H]3NC(=N)N)O[C@H](C)[C@@]2(O)C=O)O[C@@H](CO)[C@H](O)[C@@H]1O,Results_006,1085,0,0,1,1,参考化合物有效条目超过 8 条；该值比组内最高 Activity Level 低至少 0.4，仅删除该记录
CN[C@H]1[C@@H](O[C@@H]2[C@@H](O[C@H]3[C@H](O)[C@@H](O)[C@H](NC(=N)N)[C@@H](O)[C@@H]3NC(=N)N)O[C@H](C)[C@@]2(O)C=O)O[C@@H](CO)[C@H](O)[C@@H]1O,Results_006,1089,0.2,0,1,1,参考化合物有效条目超过 8 条；该值比组内最高 Activity Level 低至少 0.4，仅删除该记录
CN[C@H]1[C@@H](O[C@@H]2[C@@H](O[C@H]3[C@H](O)[C@@H](O)[C@H](NC(=N)N)[C@@H](O)[C@@H]3NC(=N)N)O[C@H](C)[C@@]2(O)C=O)O[C@@H](CO)[C@H](O)[C@@H]1O,Results_006,1090,0,0,1,1,参考化合物有效条目超过 8 条；该值比组内最高 Activity Level 低至少 0.4，仅删除该记录
CN[C@H]1[C@@H](O[C@@H]2[C@@H](O[C@H]3[C@H](O)[C@@H](O)[C@H](NC(=N)N)[C@@H](O)[C@@H]3NC(=N)N)O[C@H](C)[C@@]2(O)C=O)O[C@@H](CO)[C@H](O)[C@@H]1O,Results_006,1092,0.2,0,1,1,参考化合物有效条目超过 8 条；该值比组内最高 Activity Level 低至少 0.4，仅删除该记录
CN[C@H]1[C@@H](O[C@@H]2[C@@H](O[C@H]3[C@H](O)[C@@H](O)[C@H](NC(=N)N)[C@@H](O)[C@@H]3NC(=N)N)O[C@H](C)[C@@]2(O)C=O)O[C@@H](CO)[C@H](O)[C@@H]1O,Results_006,1093,0.2,0,1,1,参考化合物有效条目超过 8 条；该值比组内最高 Activity Level 低至少 0.4，仅删除该记录
CN[C@H]1[C@@H](O[C@@H]2[C@@H](O[C@H]3[C@H](O)[C@@H](O)[C@H](NC(=N)N)[C@@H](O)[C@@H]3NC(=N)N)O[C@H](C)[C@@]2(O)C=O)O[C@@H](CO)[C@H](O)[C@@H]1O,Results_006,1095,0,0,1,1,参考化合物有效条目超过 8 条；该值比组内最高 Activity Level 低至少 0.4，仅删除该记录
CN[C@H]1[C@@H](O[C@@H]2[C@@H](O[C@H]3[C@H](O)[C@@H](O)[C@H](NC(=N)N)[C@@H](O)[C@@H]3NC(=N)N)O[C@H](C)[C@@]2(O)C=O)O[C@@H](CO)[C@H](O)[C@@H]1O,Results_006,1096,0,0,1,1,参考化合物有效条目超过 8 条；该值比组内最高 Activity Level 低至少 0.4，仅删除该记录
CN[C@H]1[C@@H](O[C@@H]2[C@@H](O[C@H]3[C@H](O)[C@@H](O)[C@H](NC(=N)N)[C@@H](O)[C@@H]3NC(=N)N)O[C@H](C)[C@@]2(O)C=O)O[C@@H](CO)[C@H](O)[C@@H]1O,Results_006,1098,0,0,1,1,参考化合物有效条目超过 8 条；该值比组内最高 Activity Level 低至少 0.4，仅删除该记录
CN[C@H]1[C@@H](O[C@@H]2[C@@H](O[C@H]3[C@H](O)[C@@H](O)[C@H](NC(=N)N)[C@@H](O)[C@@H]3NC(=N)N)O[C@H](C)[C@@]2(O)C=O)O[C@@H](CO)[C@H](O)[C@@H]1O,Results_006,1373,0.6,0,1,1,参考化合物有效条目超过 8 条；该值比组内最高 Activity Level 低至少 0.4，仅删除该记录
CN[C@H]1[C@@H](O[C@@H]2[C@@H](O[C@H]3[C@H](O)[C@@H](O)[C@H](NC(=N)N)[C@@H](O)[C@@H]3NC(=N)N)O[C@H](C)[C@@]2(O)C=O)O[C@@H](CO)[C@H](O)[C@@H]1O,Results_006,1380,0.6,0,1,1,参考化合物有效条目超过 8 条；该值比组内最高 Activity Level 低至少 0.4，仅删除该记录
CN[C@H]1[C@@H](O[C@@H]2[C@@H](O[C@H]3[C@H](O)[C@@H](O)[C@H](NC(=N)N)[C@@H](O)[C@@H]3NC(=N)N)O[C@H](C)[C@@]2(O)C=O)O[C@@H](CO)[C@H](O)[C@@H]1O,Results_006,1999,0.6,0,1,1,参考化合物有效条目超过 8 条；该值比组内最高 Activity Level 低至少 0.4，仅删除该记录
CN[C@H]1[C@@H](O[C@@H]2[C@@H](O[C@H]3[C@H](O)[C@@H](O)[C@H](NC(=N)N)[C@@H](O)[C@@H]3NC(=N)N)O[C@H](C)[C@@]2(O)C=O)O[C@@H](CO)[C@H](O)[C@@H]1O,Results_006,3768,0.6,0,1,1,参考化合物有效条目超过 8 条；该值比组内最高 Activity Level 低至少 0.4，仅删除该记录
O=C(O)c1ccc(NN=Cc2cc(Cl)cc(Br)c2O)cc1,Results_001,1009,0.8,0.1,0.8,0.7,普通化合物当前有效条目=4，跨度≥0.6；中位数=0.4，左侧=1，右侧=1；两侧数量相同，删除距中位数更远的极端值；等距时删除低值
COc1ccc(NN=Cc2cc(Cl)cc(Cl)c2O)cc1,Results_001,1024,0.1,0.1,0.8,0.7,普通化合物当前有效条目=4，跨度≥0.6；中位数=0.5，左侧=2，右侧=2；两侧数量相同，删除距中位数更远的极端值；等距时删除低值
O=C(N/N=C/C1=C(Cl)c2cnn(-c3ccccc3)c2CC1)c1ccncc1,Results_001,1063,0.1,0.1,0.8,0.7,普通化合物当前有效条目=5，跨度≥0.6；中位数=0.8，左侧=1，右侧=0；中位数右侧为空，删除左侧最低值
COC(=O)c1cc(-c2cccc(NC(=O)c3cc(-c4cccc(Br)c4)nc4ccccc34)c2)on1,Results_001,1197,0.4,0.4,1,0.6,普通化合物当前有效条目=5，跨度≥0.6；中位数=1，左侧=2，右侧=0；中位数右侧为空，删除左侧最低值
COC(=O)c1cc(-c2cccc(NC(=O)c3cc(-c4cc(F)cc(F)c4)nc4ccccc34)c2)on1,Results_001,1219,1,0.1,1,0.9,普通化合物当前有效条目=5，跨度≥0.6；中位数=0.8，左侧=2，右侧=1；删除记录数较少一侧的最外侧值
COC(=O)c1cc(-c2cccc(NC(=O)c3cc(-c4cc(F)cc(F)c4)nc4ccccc34)c2)on1,Results_001,1222,0.1,0.1,0.8,0.7,普通化合物当前有效条目=4，跨度≥0.6；中位数=0.7，左侧=2，右侧=2；两侧数量相同，删除距中位数更远的极端值；等距时删除低值
O=c1c(O)c(-c2ccc(O)c(O)c2)oc2cc(O)cc(O)c12,Results_001,1323,0,0,0.6,0.6,参考化合物有效条目超过 8 条；该值比组内最高 Activity Level 低至少 0.4，仅删除该记录
O=c1c(O)c(-c2ccc(O)c(O)c2)oc2cc(O)cc(O)c12,Results_002,1278,0,0,0.6,0.6,参考化合物有效条目超过 8 条；该值比组内最高 Activity Level 低至少 0.4，仅删除该记录
O=c1c(O)c(-c2ccc(O)c(O)c2)oc2cc(O)cc(O)c12,Results_002,1279,0,0,0.6,0.6,参考化合物有效条目超过 8 条；该值比组内最高 Activity Level 低至少 0.4，仅删除该记录
O=c1c(O)c(-c2ccc(O)c(O)c2)oc2cc(O)cc(O)c12,Results_002,1280,0,0,0.6,0.6,参考化合物有效条目超过 8 条；该值比组内最高 Activity Level 低至少 0.4，仅删除该记录
O=c1c(O)c(-c2ccc(O)c(O)c2)oc2cc(O)cc(O)c12,Results_003,12861,0.1,0,0.6,0.6,参考化合物有效条目超过 8 条；该值比组内最高 Activity Level 低至少 0.4，仅删除该记录
O=c1c(O)c(-c2ccc(O)c(O)c2)oc2cc(O)cc(O)c12,Results_004,10288,0,0,0.6,0.6,参考化合物有效条目超过 8 条；该值比组内最高 Activity Level 低至少 0.4，仅删除该记录
O=c1c(O)c(-c2ccc(O)c(O)c2)oc2cc(O)cc(O)c12,Results_004,14841,0,0,0.6,0.6,参考化合物有效条目超过 8 条；该值比组内最高 Activity Level 低至少 0.4，仅删除该记录
O=c1c(O)c(-c2ccc(O)c(O)c2)oc2cc(O)cc(O)c12,Results_006,951,0,0,0.6,0.6,参考化合物有效条目超过 8 条；该值比组内最高 Activity Level 低至少 0.4，仅删除该记录
O=c1c(O)c(-c2ccc(O)c(O)c2)oc2cc(O)cc(O)c12,Results_006,2941,0,0,0.6,0.6,参考化合物有效条目超过 8 条；该值比组内最高 Activity Level 低至少 0.4，仅删除该记录
Oc1cc(Cl)ccc1Oc1ccc(Cl)cc1Cl,Results_001,1399,0.4,0,1,1,参考化合物有效条目超过 8 条；该值比组内最高 Activity Level 低至少 0.4，仅删除该记录
Oc1cc(Cl)ccc1Oc1ccc(Cl)cc1Cl,Results_001,1400,0.2,0,1,1,参考化合物有效条目超过 8 条；该值比组内最高 Activity Level 低至少 0.4，仅删除该记录
Oc1cc(Cl)ccc1Oc1ccc(Cl)cc1Cl,Results_001,1401,0.2,0,1,1,参考化合物有效条目超过 8 条；该值比组内最高 Activity Level 低至少 0.4，仅删除该记录
Oc1cc(Cl)ccc1Oc1ccc(Cl)cc1Cl,Results_001,1402,0.2,0,1,1,参考化合物有效条目超过 8 条；该值比组内最高 Activity Level 低至少 0.4，仅删除该记录
Oc1cc(Cl)ccc1Oc1ccc(Cl)cc1Cl,Results_001,1403,0.2,0,1,1,参考化合物有效条目超过 8 条；该值比组内最高 Activity Level 低至少 0.4，仅删除该记录
Oc1cc(Cl)ccc1Oc1ccc(Cl)cc1Cl,Results_001,1404,0.4,0,1,1,参考化合物有效条目超过 8 条；该值比组内最高 Activity Level 低至少 0.4，仅删除该记录
Oc1cc(Cl)ccc1Oc1ccc(Cl)cc1Cl,Results_001,1610,0.4,0,1,1,参考化合物有效条目超过 8 条；该值比组内最高 Activity Level 低至少 0.4，仅删除该记录
Oc1cc(Cl)ccc1Oc1ccc(Cl)cc1Cl,Results_001,1611,0.1,0,1,1,参考化合物有效条目超过 8 条；该值比组内最高 Activity Level 低至少 0.4，仅删除该记录
Oc1cc(Cl)ccc1Oc1ccc(Cl)cc1Cl,Results_001,2523,0.4,0,1,1,参考化合物有效条目超过 8 条；该值比组内最高 Activity Level 低至少 0.4，仅删除该记录
Oc1cc(Cl)ccc1Oc1ccc(Cl)cc1Cl,Results_001,2524,0.4,0,1,1,参考化合物有效条目超过 8 条；该值比组内最高 Activity Level 低至少 0.4，仅删除该记录
Oc1cc(Cl)ccc1Oc1ccc(Cl)cc1Cl,Results_001,2978,0.1,0,1,1,参考化合物有效条目超过 8 条；该值比组内最高 Activity Level 低至少 0.4，仅删除该记录
Oc1cc(Cl)ccc1Oc1ccc(Cl)cc1Cl,Results_001,3136,0.2,0,1,1,参考化合物有效条目超过 8 条；该值比组内最高 Activity Level 低至少 0.4，仅删除该记录
Oc1cc(Cl)ccc1Oc1ccc(Cl)cc1Cl,Results_001,3574,0.2,0,1,1,参考化合物有效条目超过 8 条；该值比组内最高 Activity Level 低至少 0.4，仅删除该记录
Oc1cc(Cl)ccc1Oc1ccc(Cl)cc1Cl,Results_001,3575,0,0,1,1,参考化合物有效条目超过 8 条；该值比组内最高 Activity Level 低至少 0.4，仅删除该记录
Oc1cc(Cl)ccc1Oc1ccc(Cl)cc1Cl,Results_001,3576,0,0,1,1,参考化合物有效条目超过 8 条；该值比组内最高 Activity Level 低至少 0.4，仅删除该记录
Oc1cc(Cl)ccc1Oc1ccc(Cl)cc1Cl,Results_001,3730,0.2,0,1,1,参考化合物有效条目超过 8 条；该值比组内最高 Activity Level 低至少 0.4，仅删除该记录
Oc1cc(Cl)ccc1Oc1ccc(Cl)cc1Cl,Results_001,3731,0.2,0,1,1,参考化合物有效条目超过 8 条；该值比组内最高 Activity Level 低至少 0.4，仅删除该记录
Oc1cc(Cl)ccc1Oc1ccc(Cl)cc1Cl,Results_001,10228,0.4,0,1,1,参考化合物有效条目超过 8 条；该值比组内最高 Activity Level 低至少 0.4，仅删除该记录
Oc1cc(Cl)ccc1Oc1ccc(Cl)cc1Cl,Results_001,10395,0.4,0,1,1,参考化合物有效条目超过 8 条；该值比组内最高 Activity Level 低至少 0.4，仅删除该记录
Oc1cc(Cl)ccc1Oc1ccc(Cl)cc1Cl,Results_001,10422,0.4,0,1,1,参考化合物有效条目超过 8 条；该值比组内最高 Activity Level 低至少 0.4，仅删除该记录
Oc1cc(Cl)ccc1Oc1ccc(Cl)cc1Cl,Results_001,13217,0.1,0,1,1,参考化合物有效条目超过 8 条；该值比组内最高 Activity Level 低至少 0.4，仅删除该记录
Oc1cc(Cl)ccc1Oc1ccc(Cl)cc1Cl,Results_001,16551,0.4,0,1,1,参考化合物有效条目超过 8 条；该值比组内最高 Activity Level 低至少 0.4，仅删除该记录
Oc1cc(Cl)ccc1Oc1ccc(Cl)cc1Cl,Results_001,16552,0.4,0,1,1,参考化合物有效条目超过 8 条；该值比组内最高 Activity Level 低至少 0.4，仅删除该记录
Oc1cc(Cl)ccc1Oc1ccc(Cl)cc1Cl,Results_001,17224,0.6,0,1,1,参考化合物有效条目超过 8 条；该值比组内最高 Activity Level 低至少 0.4，仅删除该记录
Oc1cc(Cl)ccc1Oc1ccc(Cl)cc1Cl,Results_001,18668,0.6,0,1,1,参考化合物有效条目超过 8 条；该值比组内最高 Activity Level 低至少 0.4，仅删除该记录
Oc1cc(Cl)ccc1Oc1ccc(Cl)cc1Cl,Results_002,1093,0.1,0,1,1,参考化合物有效条目超过 8 条；该值比组内最高 Activity Level 低至少 0.4，仅删除该记录
Oc1cc(Cl)ccc1Oc1ccc(Cl)cc1Cl,Results_002,7529,0.4,0,1,1,参考化合物有效条目超过 8 条；该值比组内最高 Activity Level 低至少 0.4，仅删除该记录
Oc1cc(Cl)ccc1Oc1ccc(Cl)cc1Cl,Results_002,7530,0.4,0,1,1,参考化合物有效条目超过 8 条；该值比组内最高 Activity Level 低至少 0.4，仅删除该记录
Oc1cc(Cl)ccc1Oc1ccc(Cl)cc1Cl,Results_002,7531,0.2,0,1,1,参考化合物有效条目超过 8 条；该值比组内最高 Activity Level 低至少 0.4，仅删除该记录
Oc1cc(Cl)ccc1Oc1ccc(Cl)cc1Cl,Results_002,7532,0.4,0,1,1,参考化合物有效条目超过 8 条；该值比组内最高 Activity Level 低至少 0.4，仅删除该记录
Oc1cc(Cl)ccc1Oc1ccc(Cl)cc1Cl,Results_002,7533,0.4,0,1,1,参考化合物有效条目超过 8 条；该值比组内最高 Activity Level 低至少 0.4，仅删除该记录
Oc1cc(Cl)ccc1Oc1ccc(Cl)cc1Cl,Results_002,7534,0.4,0,1,1,参考化合物有效条目超过 8 条；该值比组内最高 Activity Level 低至少 0.4，仅删除该记录
Oc1cc(Cl)ccc1Oc1ccc(Cl)cc1Cl,Results_002,7535,0.4,0,1,1,参考化合物有效条目超过 8 条；该值比组内最高 Activity Level 低至少 0.4，仅删除该记录
Oc1cc(Cl)ccc1Oc1ccc(Cl)cc1Cl,Results_002,7536,0.4,0,1,1,参考化合物有效条目超过 8 条；该值比组内最高 Activity Level 低至少 0.4，仅删除该记录
Oc1cc(Cl)ccc1Oc1ccc(Cl)cc1Cl,Results_002,7537,0.4,0,1,1,参考化合物有效条目超过 8 条；该值比组内最高 Activity Level 低至少 0.4，仅删除该记录
Oc1cc(Cl)ccc1Oc1ccc(Cl)cc1Cl,Results_002,7538,0.4,0,1,1,参考化合物有效条目超过 8 条；该值比组内最高 Activity Level 低至少 0.4，仅删除该记录
Oc1cc(Cl)ccc1Oc1ccc(Cl)cc1Cl,Results_002,7539,0.4,0,1,1,参考化合物有效条目超过 8 条；该值比组内最高 Activity Level 低至少 0.4，仅删除该记录
Oc1cc(Cl)ccc1Oc1ccc(Cl)cc1Cl,Results_002,7540,0.4,0,1,1,参考化合物有效条目超过 8 条；该值比组内最高 Activity Level 低至少 0.4，仅删除该记录
Oc1cc(Cl)ccc1Oc1ccc(Cl)cc1Cl,Results_002,7541,0.4,0,1,1,参考化合物有效条目超过 8 条；该值比组内最高 Activity Level 低至少 0.4，仅删除该记录
Oc1cc(Cl)ccc1Oc1ccc(Cl)cc1Cl,Results_002,7542,0.4,0,1,1,参考化合物有效条目超过 8 条；该值比组内最高 Activity Level 低至少 0.4，仅删除该记录
Oc1cc(Cl)ccc1Oc1ccc(Cl)cc1Cl,Results_002,12876,0.6,0,1,1,参考化合物有效条目超过 8 条；该值比组内最高 Activity Level 低至少 0.4，仅删除该记录
Oc1cc(Cl)ccc1Oc1ccc(Cl)cc1Cl,Results_002,12877,0.6,0,1,1,参考化合物有效条目超过 8 条；该值比组内最高 Activity Level 低至少 0.4，仅删除该记录
Oc1cc(Cl)ccc1Oc1ccc(Cl)cc1Cl,Results_002,12878,0.6,0,1,1,参考化合物有效条目超过 8 条；该值比组内最高 Activity Level 低至少 0.4，仅删除该记录
Oc1cc(Cl)ccc1Oc1ccc(Cl)cc1Cl,Results_002,14614,0.4,0,1,1,参考化合物有效条目超过 8 条；该值比组内最高 Activity Level 低至少 0.4，仅删除该记录
Oc1cc(Cl)ccc1Oc1ccc(Cl)cc1Cl,Results_002,14615,0.4,0,1,1,参考化合物有效条目超过 8 条；该值比组内最高 Activity Level 低至少 0.4，仅删除该记录
Oc1cc(Cl)ccc1Oc1ccc(Cl)cc1Cl,Results_002,16001,0.4,0,1,1,参考化合物有效条目超过 8 条；该值比组内最高 Activity Level 低至少 0.4，仅删除该记录
Oc1cc(Cl)ccc1Oc1ccc(Cl)cc1Cl,Results_003,2363,0.4,0,1,1,参考化合物有效条目超过 8 条；该值比组内最高 Activity Level 低至少 0.4，仅删除该记录
Oc1cc(Cl)ccc1Oc1ccc(Cl)cc1Cl,Results_003,2364,0.4,0,1,1,参考化合物有效条目超过 8 条；该值比组内最高 Activity Level 低至少 0.4，仅删除该记录
Oc1cc(Cl)ccc1Oc1ccc(Cl)cc1Cl,Results_003,8785,0.4,0,1,1,参考化合物有效条目超过 8 条；该值比组内最高 Activity Level 低至少 0.4，仅删除该记录
Oc1cc(Cl)ccc1Oc1ccc(Cl)cc1Cl,Results_003,11000,0.4,0,1,1,参考化合物有效条目超过 8 条；该值比组内最高 Activity Level 低至少 0.4，仅删除该记录
Oc1cc(Cl)ccc1Oc1ccc(Cl)cc1Cl,Results_003,12260,0.4,0,1,1,参考化合物有效条目超过 8 条；该值比组内最高 Activity Level 低至少 0.4，仅删除该记录
Oc1cc(Cl)ccc1Oc1ccc(Cl)cc1Cl,Results_003,12731,0.6,0,1,1,参考化合物有效条目超过 8 条；该值比组内最高 Activity Level 低至少 0.4，仅删除该记录
Oc1cc(Cl)ccc1Oc1ccc(Cl)cc1Cl,Results_003,17554,0.4,0,1,1,参考化合物有效条目超过 8 条；该值比组内最高 Activity Level 低至少 0.4，仅删除该记录
Oc1cc(Cl)ccc1Oc1ccc(Cl)cc1Cl,Results_004,4152,0.4,0,1,1,参考化合物有效条目超过 8 条；该值比组内最高 Activity Level 低至少 0.4，仅删除该记录
Oc1cc(Cl)ccc1Oc1ccc(Cl)cc1Cl,Results_004,4153,0.4,0,1,1,参考化合物有效条目超过 8 条；该值比组内最高 Activity Level 低至少 0.4，仅删除该记录
Oc1cc(Cl)ccc1Oc1ccc(Cl)cc1Cl,Results_004,4533,0.4,0,1,1,参考化合物有效条目超过 8 条；该值比组内最高 Activity Level 低至少 0.4，仅删除该记录
Oc1cc(Cl)ccc1Oc1ccc(Cl)cc1Cl,Results_004,6338,0.4,0,1,1,参考化合物有效条目超过 8 条；该值比组内最高 Activity Level 低至少 0.4，仅删除该记录
Oc1cc(Cl)ccc1Oc1ccc(Cl)cc1Cl,Results_004,6339,0.4,0,1,1,参考化合物有效条目超过 8 条；该值比组内最高 Activity Level 低至少 0.4，仅删除该记录
Oc1cc(Cl)ccc1Oc1ccc(Cl)cc1Cl,Results_004,6428,0.4,0,1,1,参考化合物有效条目超过 8 条；该值比组内最高 Activity Level 低至少 0.4，仅删除该记录
Oc1cc(Cl)ccc1Oc1ccc(Cl)cc1Cl,Results_004,6886,0.25,0,1,1,参考化合物有效条目超过 8 条；该值比组内最高 Activity Level 低至少 0.4，仅删除该记录
Oc1cc(Cl)ccc1Oc1ccc(Cl)cc1Cl,Results_004,10197,0.2,0,1,1,参考化合物有效条目超过 8 条；该值比组内最高 Activity Level 低至少 0.4，仅删除该记录
Oc1cc(Cl)ccc1Oc1ccc(Cl)cc1Cl,Results_004,10198,0.2,0,1,1,参考化合物有效条目超过 8 条；该值比组内最高 Activity Level 低至少 0.4，仅删除该记录
Oc1cc(Cl)ccc1Oc1ccc(Cl)cc1Cl,Results_004,10199,0.2,0,1,1,参考化合物有效条目超过 8 条；该值比组内最高 Activity Level 低至少 0.4，仅删除该记录
Oc1cc(Cl)ccc1Oc1ccc(Cl)cc1Cl,Results_004,10200,0.2,0,1,1,参考化合物有效条目超过 8 条；该值比组内最高 Activity Level 低至少 0.4，仅删除该记录
Oc1cc(Cl)ccc1Oc1ccc(Cl)cc1Cl,Results_004,10201,0.4,0,1,1,参考化合物有效条目超过 8 条；该值比组内最高 Activity Level 低至少 0.4，仅删除该记录
Oc1cc(Cl)ccc1Oc1ccc(Cl)cc1Cl,Results_004,10202,0.4,0,1,1,参考化合物有效条目超过 8 条；该值比组内最高 Activity Level 低至少 0.4，仅删除该记录
Oc1cc(Cl)ccc1Oc1ccc(Cl)cc1Cl,Results_004,10203,0.2,0,1,1,参考化合物有效条目超过 8 条；该值比组内最高 Activity Level 低至少 0.4，仅删除该记录
Oc1cc(Cl)ccc1Oc1ccc(Cl)cc1Cl,Results_004,10204,0.2,0,1,1,参考化合物有效条目超过 8 条；该值比组内最高 Activity Level 低至少 0.4，仅删除该记录
Oc1cc(Cl)ccc1Oc1ccc(Cl)cc1Cl,Results_004,10205,0.2,0,1,1,参考化合物有效条目超过 8 条；该值比组内最高 Activity Level 低至少 0.4，仅删除该记录
Oc1cc(Cl)ccc1Oc1ccc(Cl)cc1Cl,Results_004,10206,0.2,0,1,1,参考化合物有效条目超过 8 条；该值比组内最高 Activity Level 低至少 0.4，仅删除该记录
Oc1cc(Cl)ccc1Oc1ccc(Cl)cc1Cl,Results_004,10207,0.4,0,1,1,参考化合物有效条目超过 8 条；该值比组内最高 Activity Level 低至少 0.4，仅删除该记录
Oc1cc(Cl)ccc1Oc1ccc(Cl)cc1Cl,Results_004,10208,0.4,0,1,1,参考化合物有效条目超过 8 条；该值比组内最高 Activity Level 低至少 0.4，仅删除该记录
Oc1cc(Cl)ccc1Oc1ccc(Cl)cc1Cl,Results_004,10209,0.2,0,1,1,参考化合物有效条目超过 8 条；该值比组内最高 Activity Level 低至少 0.4，仅删除该记录
Oc1cc(Cl)ccc1Oc1ccc(Cl)cc1Cl,Results_004,10210,0.2,0,1,1,参考化合物有效条目超过 8 条；该值比组内最高 Activity Level 低至少 0.4，仅删除该记录
Oc1cc(Cl)ccc1Oc1ccc(Cl)cc1Cl,Results_004,10211,0.2,0,1,1,参考化合物有效条目超过 8 条；该值比组内最高 Activity Level 低至少 0.4，仅删除该记录
Oc1cc(Cl)ccc1Oc1ccc(Cl)cc1Cl,Results_004,10212,0.2,0,1,1,参考化合物有效条目超过 8 条；该值比组内最高 Activity Level 低至少 0.4，仅删除该记录
Oc1cc(Cl)ccc1Oc1ccc(Cl)cc1Cl,Results_004,10213,0.4,0,1,1,参考化合物有效条目超过 8 条；该值比组内最高 Activity Level 低至少 0.4，仅删除该记录
Oc1cc(Cl)ccc1Oc1ccc(Cl)cc1Cl,Results_004,12388,0.4,0,1,1,参考化合物有效条目超过 8 条；该值比组内最高 Activity Level 低至少 0.4，仅删除该记录
Oc1cc(Cl)ccc1Oc1ccc(Cl)cc1Cl,Results_004,15833,0.4,0,1,1,参考化合物有效条目超过 8 条；该值比组内最高 Activity Level 低至少 0.4，仅删除该记录
Oc1cc(Cl)ccc1Oc1ccc(Cl)cc1Cl,Results_004,15834,0.4,0,1,1,参考化合物有效条目超过 8 条；该值比组内最高 Activity Level 低至少 0.4，仅删除该记录
Oc1cc(Cl)ccc1Oc1ccc(Cl)cc1Cl,Results_005,795,0.4,0,1,1,参考化合物有效条目超过 8 条；该值比组内最高 Activity Level 低至少 0.4，仅删除该记录
Oc1cc(Cl)ccc1Oc1ccc(Cl)cc1Cl,Results_005,796,0.4,0,1,1,参考化合物有效条目超过 8 条；该值比组内最高 Activity Level 低至少 0.4，仅删除该记录
Oc1cc(Cl)ccc1Oc1ccc(Cl)cc1Cl,Results_005,8575,0.6,0,1,1,参考化合物有效条目超过 8 条；该值比组内最高 Activity Level 低至少 0.4，仅删除该记录
Oc1cc(Cl)ccc1Oc1ccc(Cl)cc1Cl,Results_005,8576,0.4,0,1,1,参考化合物有效条目超过 8 条；该值比组内最高 Activity Level 低至少 0.4，仅删除该记录
Oc1cc(Cl)ccc1Oc1ccc(Cl)cc1Cl,Results_005,8577,0.4,0,1,1,参考化合物有效条目超过 8 条；该值比组内最高 Activity Level 低至少 0.4，仅删除该记录
Oc1cc(Cl)ccc1Oc1ccc(Cl)cc1Cl,Results_005,8578,0.4,0,1,1,参考化合物有效条目超过 8 条；该值比组内最高 Activity Level 低至少 0.4，仅删除该记录
Oc1cc(Cl)ccc1Oc1ccc(Cl)cc1Cl,Results_005,8579,0.4,0,1,1,参考化合物有效条目超过 8 条；该值比组内最高 Activity Level 低至少 0.4，仅删除该记录
Oc1cc(Cl)ccc1Oc1ccc(Cl)cc1Cl,Results_005,8580,0.4,0,1,1,参考化合物有效条目超过 8 条；该值比组内最高 Activity Level 低至少 0.4，仅删除该记录
Oc1cc(Cl)ccc1Oc1ccc(Cl)cc1Cl,Results_005,13043,0.2,0,1,1,参考化合物有效条目超过 8 条；该值比组内最高 Activity Level 低至少 0.4，仅删除该记录
Oc1cc(Cl)ccc1Oc1ccc(Cl)cc1Cl,Results_005,15721,0.4,0,1,1,参考化合物有效条目超过 8 条；该值比组内最高 Activity Level 低至少 0.4，仅删除该记录
Oc1cc(Cl)ccc1Oc1ccc(Cl)cc1Cl,Results_005,15722,0.4,0,1,1,参考化合物有效条目超过 8 条；该值比组内最高 Activity Level 低至少 0.4，仅删除该记录
Oc1cc(Cl)ccc1Oc1ccc(Cl)cc1Cl,Results_005,15723,0.4,0,1,1,参考化合物有效条目超过 8 条；该值比组内最高 Activity Level 低至少 0.4，仅删除该记录
Oc1cc(Cl)ccc1Oc1ccc(Cl)cc1Cl,Results_005,15724,0.4,0,1,1,参考化合物有效条目超过 8 条；该值比组内最高 Activity Level 低至少 0.4，仅删除该记录
Oc1cc(Cl)ccc1Oc1ccc(Cl)cc1Cl,Results_005,15725,0.4,0,1,1,参考化合物有效条目超过 8 条；该值比组内最高 Activity Level 低至少 0.4，仅删除该记录
Oc1cc(Cl)ccc1Oc1ccc(Cl)cc1Cl,Results_006,3343,0.6,0,1,1,参考化合物有效条目超过 8 条；该值比组内最高 Activity Level 低至少 0.4，仅删除该记录
Oc1cc(Cl)ccc1Oc1ccc(Cl)cc1Cl,Results_006,3344,0.6,0,1,1,参考化合物有效条目超过 8 条；该值比组内最高 Activity Level 低至少 0.4，仅删除该记录
Oc1cc(Cl)ccc1Oc1ccc(Cl)cc1Cl,Results_006,3345,0.4,0,1,1,参考化合物有效条目超过 8 条；该值比组内最高 Activity Level 低至少 0.4，仅删除该记录
Oc1cc(Cl)ccc1Oc1ccc(Cl)cc1Cl,Results_006,3346,0.6,0,1,1,参考化合物有效条目超过 8 条；该值比组内最高 Activity Level 低至少 0.4，仅删除该记录
CCCCc1cn(Cc2ccc(Oc3ccc(Cl)cc3Cl)c(O)c2)nn1,Results_001,1418,0.1,0.1,1,0.9,参考化合物有效条目超过 8 条；该值比组内最高 Activity Level 低至少 0.4，仅删除该记录
CCCCc1cn(Cc2ccc(Oc3ccc(Cl)cc3Cl)c(O)c2)nn1,Results_004,10166,0.1,0.1,1,0.9,参考化合物有效条目超过 8 条；该值比组内最高 Activity Level 低至少 0.4，仅删除该记录
CCCCc1cn(Cc2ccc(Oc3ccc(Cl)cc3Cl)c(O)c2)nn1,Results_004,10172,0.1,0.1,1,0.9,参考化合物有效条目超过 8 条；该值比组内最高 Activity Level 低至少 0.4，仅删除该记录
CCCCc1cn(Cc2ccc(Oc3ccc(Cl)cc3Cl)c(O)c2)nn1,Results_004,10177,0.1,0.1,1,0.9,参考化合物有效条目超过 8 条；该值比组内最高 Activity Level 低至少 0.4，仅删除该记录
NC(=O)c1cnccn1,Results_001,1585,0.6,0,1,1,参考化合物有效条目超过 8 条；该值比组内最高 Activity Level 低至少 0.4，仅删除该记录
NC(=O)c1cnccn1,Results_001,1629,0.6,0,1,1,参考化合物有效条目超过 8 条；该值比组内最高 Activity Level 低至少 0.4，仅删除该记录
NC(=O)c1cnccn1,Results_001,1644,0.4,0,1,1,参考化合物有效条目超过 8 条；该值比组内最高 Activity Level 低至少 0.4，仅删除该记录
NC(=O)c1cnccn1,Results_001,2069,0.6,0,1,1,参考化合物有效条目超过 8 条；该值比组内最高 Activity Level 低至少 0.4，仅删除该记录
NC(=O)c1cnccn1,Results_001,2070,0.6,0,1,1,参考化合物有效条目超过 8 条；该值比组内最高 Activity Level 低至少 0.4，仅删除该记录
NC(=O)c1cnccn1,Results_001,2226,0,0,1,1,参考化合物有效条目超过 8 条；该值比组内最高 Activity Level 低至少 0.4，仅删除该记录
NC(=O)c1cnccn1,Results_001,2258,0,0,1,1,参考化合物有效条目超过 8 条；该值比组内最高 Activity Level 低至少 0.4，仅删除该记录
NC(=O)c1cnccn1,Results_001,2487,0.4,0,1,1,参考化合物有效条目超过 8 条；该值比组内最高 Activity Level 低至少 0.4，仅删除该记录
NC(=O)c1cnccn1,Results_001,2488,0.4,0,1,1,参考化合物有效条目超过 8 条；该值比组内最高 Activity Level 低至少 0.4，仅删除该记录
NC(=O)c1cnccn1,Results_001,2802,0,0,1,1,参考化合物有效条目超过 8 条；该值比组内最高 Activity Level 低至少 0.4，仅删除该记录
NC(=O)c1cnccn1,Results_001,2803,0,0,1,1,参考化合物有效条目超过 8 条；该值比组内最高 Activity Level 低至少 0.4，仅删除该记录
NC(=O)c1cnccn1,Results_001,2815,0.6,0,1,1,参考化合物有效条目超过 8 条；该值比组内最高 Activity Level 低至少 0.4，仅删除该记录
NC(=O)c1cnccn1,Results_001,2820,0.6,0,1,1,参考化合物有效条目超过 8 条；该值比组内最高 Activity Level 低至少 0.4，仅删除该记录
NC(=O)c1cnccn1,Results_001,2931,0.4,0,1,1,参考化合物有效条目超过 8 条；该值比组内最高 Activity Level 低至少 0.4，仅删除该记录
NC(=O)c1cnccn1,Results_001,3188,0,0,1,1,参考化合物有效条目超过 8 条；该值比组内最高 Activity Level 低至少 0.4，仅删除该记录
NC(=O)c1cnccn1,Results_001,4463,0,0,1,1,参考化合物有效条目超过 8 条；该值比组内最高 Activity Level 低至少 0.4，仅删除该记录
NC(=O)c1cnccn1,Results_001,4594,0,0,1,1,参考化合物有效条目超过 8 条；该值比组内最高 Activity Level 低至少 0.4，仅删除该记录
NC(=O)c1cnccn1,Results_001,4840,0.4,0,1,1,参考化合物有效条目超过 8 条；该值比组内最高 Activity Level 低至少 0.4，仅删除该记录
NC(=O)c1cnccn1,Results_001,4947,0.1,0,1,1,参考化合物有效条目超过 8 条；该值比组内最高 Activity Level 低至少 0.4，仅删除该记录
NC(=O)c1cnccn1,Results_001,4948,0.1,0,1,1,参考化合物有效条目超过 8 条；该值比组内最高 Activity Level 低至少 0.4，仅删除该记录
NC(=O)c1cnccn1,Results_001,4949,0,0,1,1,参考化合物有效条目超过 8 条；该值比组内最高 Activity Level 低至少 0.4，仅删除该记录
NC(=O)c1cnccn1,Results_001,5733,0.6,0,1,1,参考化合物有效条目超过 8 条；该值比组内最高 Activity Level 低至少 0.4，仅删除该记录
NC(=O)c1cnccn1,Results_001,6133,0.2,0,1,1,参考化合物有效条目超过 8 条；该值比组内最高 Activity Level 低至少 0.4，仅删除该记录
NC(=O)c1cnccn1,Results_001,6166,0.2,0,1,1,参考化合物有效条目超过 8 条；该值比组内最高 Activity Level 低至少 0.4，仅删除该记录
NC(=O)c1cnccn1,Results_001,6219,0.6,0,1,1,参考化合物有效条目超过 8 条；该值比组内最高 Activity Level 低至少 0.4，仅删除该记录
NC(=O)c1cnccn1,Results_001,6336,0,0,1,1,参考化合物有效条目超过 8 条；该值比组内最高 Activity Level 低至少 0.4，仅删除该记录
NC(=O)c1cnccn1,Results_001,6549,0,0,1,1,参考化合物有效条目超过 8 条；该值比组内最高 Activity Level 低至少 0.4，仅删除该记录
NC(=O)c1cnccn1,Results_001,6612,0.6,0,1,1,参考化合物有效条目超过 8 条；该值比组内最高 Activity Level 低至少 0.4，仅删除该记录
NC(=O)c1cnccn1,Results_001,6613,0.6,0,1,1,参考化合物有效条目超过 8 条；该值比组内最高 Activity Level 低至少 0.4，仅删除该记录
NC(=O)c1cnccn1,Results_001,6761,0.6,0,1,1,参考化合物有效条目超过 8 条；该值比组内最高 Activity Level 低至少 0.4，仅删除该记录
NC(=O)c1cnccn1,Results_001,6861,0.6,0,1,1,参考化合物有效条目超过 8 条；该值比组内最高 Activity Level 低至少 0.4，仅删除该记录
NC(=O)c1cnccn1,Results_001,6983,0.6,0,1,1,参考化合物有效条目超过 8 条；该值比组内最高 Activity Level 低至少 0.4，仅删除该记录
NC(=O)c1cnccn1,Results_001,6984,0.6,0,1,1,参考化合物有效条目超过 8 条；该值比组内最高 Activity Level 低至少 0.4，仅删除该记录
NC(=O)c1cnccn1,Results_001,7307,0.6,0,1,1,参考化合物有效条目超过 8 条；该值比组内最高 Activity Level 低至少 0.4，仅删除该记录
NC(=O)c1cnccn1,Results_001,7640,0.4,0,1,1,参考化合物有效条目超过 8 条；该值比组内最高 Activity Level 低至少 0.4，仅删除该记录
NC(=O)c1cnccn1,Results_001,7934,0.4,0,1,1,参考化合物有效条目超过 8 条；该值比组内最高 Activity Level 低至少 0.4，仅删除该记录
NC(=O)c1cnccn1,Results_001,8042,0.2,0,1,1,参考化合物有效条目超过 8 条；该值比组内最高 Activity Level 低至少 0.4，仅删除该记录
NC(=O)c1cnccn1,Results_001,8191,0.1,0,1,1,参考化合物有效条目超过 8 条；该值比组内最高 Activity Level 低至少 0.4，仅删除该记录
NC(=O)c1cnccn1,Results_001,8356,0.2,0,1,1,参考化合物有效条目超过 8 条；该值比组内最高 Activity Level 低至少 0.4，仅删除该记录
NC(=O)c1cnccn1,Results_001,8478,0.4,0,1,1,参考化合物有效条目超过 8 条；该值比组内最高 Activity Level 低至少 0.4，仅删除该记录
NC(=O)c1cnccn1,Results_001,8588,0,0,1,1,参考化合物有效条目超过 8 条；该值比组内最高 Activity Level 低至少 0.4，仅删除该记录
NC(=O)c1cnccn1,Results_001,8708,0,0,1,1,参考化合物有效条目超过 8 条；该值比组内最高 Activity Level 低至少 0.4，仅删除该记录
NC(=O)c1cnccn1,Results_001,9094,0,0,1,1,参考化合物有效条目超过 8 条；该值比组内最高 Activity Level 低至少 0.4，仅删除该记录
NC(=O)c1cnccn1,Results_001,9724,0,0,1,1,参考化合物有效条目超过 8 条；该值比组内最高 Activity Level 低至少 0.4，仅删除该记录
NC(=O)c1cnccn1,Results_001,9878,0,0,1,1,参考化合物有效条目超过 8 条；该值比组内最高 Activity Level 低至少 0.4，仅删除该记录
NC(=O)c1cnccn1,Results_001,9928,0.1,0,1,1,参考化合物有效条目超过 8 条；该值比组内最高 Activity Level 低至少 0.4，仅删除该记录
NC(=O)c1cnccn1,Results_001,10482,0.6,0,1,1,参考化合物有效条目超过 8 条；该值比组内最高 Activity Level 低至少 0.4，仅删除该记录
NC(=O)c1cnccn1,Results_001,10876,0.1,0,1,1,参考化合物有效条目超过 8 条；该值比组内最高 Activity Level 低至少 0.4，仅删除该记录
NC(=O)c1cnccn1,Results_001,10877,0.1,0,1,1,参考化合物有效条目超过 8 条；该值比组内最高 Activity Level 低至少 0.4，仅删除该记录
NC(=O)c1cnccn1,Results_001,10878,0,0,1,1,参考化合物有效条目超过 8 条；该值比组内最高 Activity Level 低至少 0.4，仅删除该记录
NC(=O)c1cnccn1,Results_001,12570,0.6,0,1,1,参考化合物有效条目超过 8 条；该值比组内最高 Activity Level 低至少 0.4，仅删除该记录
NC(=O)c1cnccn1,Results_001,12643,0.6,0,1,1,参考化合物有效条目超过 8 条；该值比组内最高 Activity Level 低至少 0.4，仅删除该记录
NC(=O)c1cnccn1,Results_001,12723,0.6,0,1,1,参考化合物有效条目超过 8 条；该值比组内最高 Activity Level 低至少 0.4，仅删除该记录
NC(=O)c1cnccn1,Results_001,12937,0.4,0,1,1,参考化合物有效条目超过 8 条；该值比组内最高 Activity Level 低至少 0.4，仅删除该记录
NC(=O)c1cnccn1,Results_001,13088,0.2,0,1,1,参考化合物有效条目超过 8 条；该值比组内最高 Activity Level 低至少 0.4，仅删除该记录
NC(=O)c1cnccn1,Results_001,14645,0.6,0,1,1,参考化合物有效条目超过 8 条；该值比组内最高 Activity Level 低至少 0.4，仅删除该记录
NC(=O)c1cnccn1,Results_001,14857,0,0,1,1,参考化合物有效条目超过 8 条；该值比组内最高 Activity Level 低至少 0.4，仅删除该记录
NC(=O)c1cnccn1,Results_001,15072,0.2,0,1,1,参考化合物有效条目超过 8 条；该值比组内最高 Activity Level 低至少 0.4，仅删除该记录
NC(=O)c1cnccn1,Results_001,15112,0.6,0,1,1,参考化合物有效条目超过 8 条；该值比组内最高 Activity Level 低至少 0.4，仅删除该记录
NC(=O)c1cnccn1,Results_001,15505,0.6,0,1,1,参考化合物有效条目超过 8 条；该值比组内最高 Activity Level 低至少 0.4，仅删除该记录
NC(=O)c1cnccn1,Results_001,15844,0,0,1,1,参考化合物有效条目超过 8 条；该值比组内最高 Activity Level 低至少 0.4，仅删除该记录
NC(=O)c1cnccn1,Results_001,15922,0.4,0,1,1,参考化合物有效条目超过 8 条；该值比组内最高 Activity Level 低至少 0.4，仅删除该记录
NC(=O)c1cnccn1,Results_001,16610,0,0,1,1,参考化合物有效条目超过 8 条；该值比组内最高 Activity Level 低至少 0.4，仅删除该记录
NC(=O)c1cnccn1,Results_001,17151,0.2,0,1,1,参考化合物有效条目超过 8 条；该值比组内最高 Activity Level 低至少 0.4，仅删除该记录
NC(=O)c1cnccn1,Results_001,17340,0.6,0,1,1,参考化合物有效条目超过 8 条；该值比组内最高 Activity Level 低至少 0.4，仅删除该记录
NC(=O)c1cnccn1,Results_001,17433,0.6,0,1,1,参考化合物有效条目超过 8 条；该值比组内最高 Activity Level 低至少 0.4，仅删除该记录
NC(=O)c1cnccn1,Results_001,17635,0,0,1,1,参考化合物有效条目超过 8 条；该值比组内最高 Activity Level 低至少 0.4，仅删除该记录
NC(=O)c1cnccn1,Results_001,17636,0.2,0,1,1,参考化合物有效条目超过 8 条；该值比组内最高 Activity Level 低至少 0.4，仅删除该记录
NC(=O)c1cnccn1,Results_001,17637,0.2,0,1,1,参考化合物有效条目超过 8 条；该值比组内最高 Activity Level 低至少 0.4，仅删除该记录
NC(=O)c1cnccn1,Results_001,17638,0,0,1,1,参考化合物有效条目超过 8 条；该值比组内最高 Activity Level 低至少 0.4，仅删除该记录
NC(=O)c1cnccn1,Results_001,17702,0.6,0,1,1,参考化合物有效条目超过 8 条；该值比组内最高 Activity Level 低至少 0.4，仅删除该记录
NC(=O)c1cnccn1,Results_001,17721,0,0,1,1,参考化合物有效条目超过 8 条；该值比组内最高 Activity Level 低至少 0.4，仅删除该记录
NC(=O)c1cnccn1,Results_001,18382,0.2,0,1,1,参考化合物有效条目超过 8 条；该值比组内最高 Activity Level 低至少 0.4，仅删除该记录
NC(=O)c1cnccn1,Results_001,18445,0.2,0,1,1,参考化合物有效条目超过 8 条；该值比组内最高 Activity Level 低至少 0.4，仅删除该记录
NC(=O)c1cnccn1,Results_001,18566,0.2,0,1,1,参考化合物有效条目超过 8 条；该值比组内最高 Activity Level 低至少 0.4，仅删除该记录
NC(=O)c1cnccn1,Results_001,18567,0.2,0,1,1,参考化合物有效条目超过 8 条；该值比组内最高 Activity Level 低至少 0.4，仅删除该记录
NC(=O)c1cnccn1,Results_001,18753,0.2,0,1,1,参考化合物有效条目超过 8 条；该值比组内最高 Activity Level 低至少 0.4，仅删除该记录
NC(=O)c1cnccn1,Results_001,18754,0,0,1,1,参考化合物有效条目超过 8 条；该值比组内最高 Activity Level 低至少 0.4，仅删除该记录
NC(=O)c1cnccn1,Results_001,18755,0.1,0,1,1,参考化合物有效条目超过 8 条；该值比组内最高 Activity Level 低至少 0.4，仅删除该记录
NC(=O)c1cnccn1,Results_001,18756,0,0,1,1,参考化合物有效条目超过 8 条；该值比组内最高 Activity Level 低至少 0.4，仅删除该记录
NC(=O)c1cnccn1,Results_001,18757,0,0,1,1,参考化合物有效条目超过 8 条；该值比组内最高 Activity Level 低至少 0.4，仅删除该记录
NC(=O)c1cnccn1,Results_001,18758,0,0,1,1,参考化合物有效条目超过 8 条；该值比组内最高 Activity Level 低至少 0.4，仅删除该记录
NC(=O)c1cnccn1,Results_001,19117,0.4,0,1,1,参考化合物有效条目超过 8 条；该值比组内最高 Activity Level 低至少 0.4，仅删除该记录
NC(=O)c1cnccn1,Results_001,19502,0.6,0,1,1,参考化合物有效条目超过 8 条；该值比组内最高 Activity Level 低至少 0.4，仅删除该记录
NC(=O)c1cnccn1,Results_002,103,0.6,0,1,1,参考化合物有效条目超过 8 条；该值比组内最高 Activity Level 低至少 0.4，仅删除该记录
NC(=O)c1cnccn1,Results_002,905,0,0,1,1,参考化合物有效条目超过 8 条；该值比组内最高 Activity Level 低至少 0.4，仅删除该记录
NC(=O)c1cnccn1,Results_002,906,0,0,1,1,参考化合物有效条目超过 8 条；该值比组内最高 Activity Level 低至少 0.4，仅删除该记录
NC(=O)c1cnccn1,Results_002,907,0,0,1,1,参考化合物有效条目超过 8 条；该值比组内最高 Activity Level 低至少 0.4，仅删除该记录
NC(=O)c1cnccn1,Results_002,908,0,0,1,1,参考化合物有效条目超过 8 条；该值比组内最高 Activity Level 低至少 0.4，仅删除该记录
NC(=O)c1cnccn1,Results_002,909,0,0,1,1,参考化合物有效条目超过 8 条；该值比组内最高 Activity Level 低至少 0.4，仅删除该记录
NC(=O)c1cnccn1,Results_002,910,0,0,1,1,参考化合物有效条目超过 8 条；该值比组内最高 Activity Level 低至少 0.4，仅删除该记录
NC(=O)c1cnccn1,Results_002,911,0,0,1,1,参考化合物有效条目超过 8 条；该值比组内最高 Activity Level 低至少 0.4，仅删除该记录
NC(=O)c1cnccn1,Results_002,912,0,0,1,1,参考化合物有效条目超过 8 条；该值比组内最高 Activity Level 低至少 0.4，仅删除该记录
NC(=O)c1cnccn1,Results_002,913,0,0,1,1,参考化合物有效条目超过 8 条；该值比组内最高 Activity Level 低至少 0.4，仅删除该记录
NC(=O)c1cnccn1,Results_002,914,0,0,1,1,参考化合物有效条目超过 8 条；该值比组内最高 Activity Level 低至少 0.4，仅删除该记录
NC(=O)c1cnccn1,Results_002,2131,0,0,1,1,参考化合物有效条目超过 8 条；该值比组内最高 Activity Level 低至少 0.4，仅删除该记录
NC(=O)c1cnccn1,Results_002,2132,0,0,1,1,参考化合物有效条目超过 8 条；该值比组内最高 Activity Level 低至少 0.4，仅删除该记录
NC(=O)c1cnccn1,Results_002,2133,0,0,1,1,参考化合物有效条目超过 8 条；该值比组内最高 Activity Level 低至少 0.4，仅删除该记录
NC(=O)c1cnccn1,Results_002,2229,0.2,0,1,1,参考化合物有效条目超过 8 条；该值比组内最高 Activity Level 低至少 0.4，仅删除该记录
NC(=O)c1cnccn1,Results_002,4542,0,0,1,1,参考化合物有效条目超过 8 条；该值比组内最高 Activity Level 低至少 0.4，仅删除该记录
NC(=O)c1cnccn1,Results_002,7584,0.6,0,1,1,参考化合物有效条目超过 8 条；该值比组内最高 Activity Level 低至少 0.4，仅删除该记录
NC(=O)c1cnccn1,Results_002,7585,0.6,0,1,1,参考化合物有效条目超过 8 条；该值比组内最高 Activity Level 低至少 0.4，仅删除该记录
NC(=O)c1cnccn1,Results_002,7635,0.6,0,1,1,参考化合物有效条目超过 8 条；该值比组内最高 Activity Level 低至少 0.4，仅删除该记录
NC(=O)c1cnccn1,Results_002,7636,0.6,0,1,1,参考化合物有效条目超过 8 条；该值比组内最高 Activity Level 低至少 0.4，仅删除该记录
NC(=O)c1cnccn1,Results_002,7637,0.6,0,1,1,参考化合物有效条目超过 8 条；该值比组内最高 Activity Level 低至少 0.4，仅删除该记录
NC(=O)c1cnccn1,Results_002,10473,0,0,1,1,参考化合物有效条目超过 8 条；该值比组内最高 Activity Level 低至少 0.4，仅删除该记录
NC(=O)c1cnccn1,Results_002,10474,0,0,1,1,参考化合物有效条目超过 8 条；该值比组内最高 Activity Level 低至少 0.4，仅删除该记录
NC(=O)c1cnccn1,Results_002,10475,0,0,1,1,参考化合物有效条目超过 8 条；该值比组内最高 Activity Level 低至少 0.4，仅删除该记录
NC(=O)c1cnccn1,Results_002,10764,0,0,1,1,参考化合物有效条目超过 8 条；该值比组内最高 Activity Level 低至少 0.4，仅删除该记录
NC(=O)c1cnccn1,Results_002,10765,0,0,1,1,参考化合物有效条目超过 8 条；该值比组内最高 Activity Level 低至少 0.4，仅删除该记录
NC(=O)c1cnccn1,Results_002,10834,0,0,1,1,参考化合物有效条目超过 8 条；该值比组内最高 Activity Level 低至少 0.4，仅删除该记录
NC(=O)c1cnccn1,Results_002,11879,0.6,0,1,1,参考化合物有效条目超过 8 条；该值比组内最高 Activity Level 低至少 0.4，仅删除该记录
NC(=O)c1cnccn1,Results_002,11880,0.6,0,1,1,参考化合物有效条目超过 8 条；该值比组内最高 Activity Level 低至少 0.4，仅删除该记录
NC(=O)c1cnccn1,Results_002,11881,0.6,0,1,1,参考化合物有效条目超过 8 条；该值比组内最高 Activity Level 低至少 0.4，仅删除该记录
NC(=O)c1cnccn1,Results_002,11882,0.6,0,1,1,参考化合物有效条目超过 8 条；该值比组内最高 Activity Level 低至少 0.4，仅删除该记录
NC(=O)c1cnccn1,Results_002,13855,0,0,1,1,参考化合物有效条目超过 8 条；该值比组内最高 Activity Level 低至少 0.4，仅删除该记录
NC(=O)c1cnccn1,Results_002,13942,0.4,0,1,1,参考化合物有效条目超过 8 条；该值比组内最高 Activity Level 低至少 0.4，仅删除该记录
NC(=O)c1cnccn1,Results_002,13970,0.6,0,1,1,参考化合物有效条目超过 8 条；该值比组内最高 Activity Level 低至少 0.4，仅删除该记录
NC(=O)c1cnccn1,Results_002,14000,0,0,1,1,参考化合物有效条目超过 8 条；该值比组内最高 Activity Level 低至少 0.4，仅删除该记录
NC(=O)c1cnccn1,Results_002,14018,0.6,0,1,1,参考化合物有效条目超过 8 条；该值比组内最高 Activity Level 低至少 0.4，仅删除该记录
NC(=O)c1cnccn1,Results_002,14168,0.6,0,1,1,参考化合物有效条目超过 8 条；该值比组内最高 Activity Level 低至少 0.4，仅删除该记录
NC(=O)c1cnccn1,Results_002,14951,0,0,1,1,参考化合物有效条目超过 8 条；该值比组内最高 Activity Level 低至少 0.4，仅删除该记录
NC(=O)c1cnccn1,Results_002,15005,0.2,0,1,1,参考化合物有效条目超过 8 条；该值比组内最高 Activity Level 低至少 0.4，仅删除该记录
NC(=O)c1cnccn1,Results_002,15169,0.6,0,1,1,参考化合物有效条目超过 8 条；该值比组内最高 Activity Level 低至少 0.4，仅删除该记录
NC(=O)c1cnccn1,Results_002,15368,0,0,1,1,参考化合物有效条目超过 8 条；该值比组内最高 Activity Level 低至少 0.4，仅删除该记录
NC(=O)c1cnccn1,Results_002,15504,0.6,0,1,1,参考化合物有效条目超过 8 条；该值比组内最高 Activity Level 低至少 0.4，仅删除该记录
NC(=O)c1cnccn1,Results_002,15505,0.6,0,1,1,参考化合物有效条目超过 8 条；该值比组内最高 Activity Level 低至少 0.4，仅删除该记录
NC(=O)c1cnccn1,Results_002,15709,0.6,0,1,1,参考化合物有效条目超过 8 条；该值比组内最高 Activity Level 低至少 0.4，仅删除该记录
NC(=O)c1cnccn1,Results_002,15915,0.6,0,1,1,参考化合物有效条目超过 8 条；该值比组内最高 Activity Level 低至少 0.4，仅删除该记录
NC(=O)c1cnccn1,Results_002,16083,0.4,0,1,1,参考化合物有效条目超过 8 条；该值比组内最高 Activity Level 低至少 0.4，仅删除该记录
NC(=O)c1cnccn1,Results_002,16084,0.4,0,1,1,参考化合物有效条目超过 8 条；该值比组内最高 Activity Level 低至少 0.4，仅删除该记录
NC(=O)c1cnccn1,Results_002,16822,0.1,0,1,1,参考化合物有效条目超过 8 条；该值比组内最高 Activity Level 低至少 0.4，仅删除该记录
NC(=O)c1cnccn1,Results_002,16823,0.1,0,1,1,参考化合物有效条目超过 8 条；该值比组内最高 Activity Level 低至少 0.4，仅删除该记录
NC(=O)c1cnccn1,Results_002,16824,0,0,1,1,参考化合物有效条目超过 8 条；该值比组内最高 Activity Level 低至少 0.4，仅删除该记录
NC(=O)c1cnccn1,Results_002,16842,0.6,0,1,1,参考化合物有效条目超过 8 条；该值比组内最高 Activity Level 低至少 0.4，仅删除该记录
NC(=O)c1cnccn1,Results_002,18038,0.4,0,1,1,参考化合物有效条目超过 8 条；该值比组内最高 Activity Level 低至少 0.4，仅删除该记录
NC(=O)c1cnccn1,Results_002,18039,0.4,0,1,1,参考化合物有效条目超过 8 条；该值比组内最高 Activity Level 低至少 0.4，仅删除该记录
NC(=O)c1cnccn1,Results_002,18040,0.4,0,1,1,参考化合物有效条目超过 8 条；该值比组内最高 Activity Level 低至少 0.4，仅删除该记录
NC(=O)c1cnccn1,Results_002,19460,0,0,1,1,参考化合物有效条目超过 8 条；该值比组内最高 Activity Level 低至少 0.4，仅删除该记录
NC(=O)c1cnccn1,Results_002,19461,0,0,1,1,参考化合物有效条目超过 8 条；该值比组内最高 Activity Level 低至少 0.4，仅删除该记录
NC(=O)c1cnccn1,Results_003,89,0.4,0,1,1,参考化合物有效条目超过 8 条；该值比组内最高 Activity Level 低至少 0.4，仅删除该记录
NC(=O)c1cnccn1,Results_003,90,0,0,1,1,参考化合物有效条目超过 8 条；该值比组内最高 Activity Level 低至少 0.4，仅删除该记录
NC(=O)c1cnccn1,Results_003,189,0.4,0,1,1,参考化合物有效条目超过 8 条；该值比组内最高 Activity Level 低至少 0.4，仅删除该记录
NC(=O)c1cnccn1,Results_003,285,0,0,1,1,参考化合物有效条目超过 8 条；该值比组内最高 Activity Level 低至少 0.4，仅删除该记录
NC(=O)c1cnccn1,Results_003,386,0.4,0,1,1,参考化合物有效条目超过 8 条；该值比组内最高 Activity Level 低至少 0.4，仅删除该记录
NC(=O)c1cnccn1,Results_003,432,0.4,0,1,1,参考化合物有效条目超过 8 条；该值比组内最高 Activity Level 低至少 0.4，仅删除该记录
NC(=O)c1cnccn1,Results_003,544,0.6,0,1,1,参考化合物有效条目超过 8 条；该值比组内最高 Activity Level 低至少 0.4，仅删除该记录
NC(=O)c1cnccn1,Results_003,613,0.1,0,1,1,参考化合物有效条目超过 8 条；该值比组内最高 Activity Level 低至少 0.4，仅删除该记录
NC(=O)c1cnccn1,Results_003,741,0,0,1,1,参考化合物有效条目超过 8 条；该值比组内最高 Activity Level 低至少 0.4，仅删除该记录
NC(=O)c1cnccn1,Results_003,1078,0.6,0,1,1,参考化合物有效条目超过 8 条；该值比组内最高 Activity Level 低至少 0.4，仅删除该记录
NC(=O)c1cnccn1,Results_003,1197,0.6,0,1,1,参考化合物有效条目超过 8 条；该值比组内最高 Activity Level 低至少 0.4，仅删除该记录
NC(=O)c1cnccn1,Results_003,1200,0.6,0,1,1,参考化合物有效条目超过 8 条；该值比组内最高 Activity Level 低至少 0.4，仅删除该记录
NC(=O)c1cnccn1,Results_003,1201,0.6,0,1,1,参考化合物有效条目超过 8 条；该值比组内最高 Activity Level 低至少 0.4，仅删除该记录
NC(=O)c1cnccn1,Results_003,1417,0.2,0,1,1,参考化合物有效条目超过 8 条；该值比组内最高 Activity Level 低至少 0.4，仅删除该记录
NC(=O)c1cnccn1,Results_003,1429,0.6,0,1,1,参考化合物有效条目超过 8 条；该值比组内最高 Activity Level 低至少 0.4，仅删除该记录
NC(=O)c1cnccn1,Results_003,1636,0.2,0,1,1,参考化合物有效条目超过 8 条；该值比组内最高 Activity Level 低至少 0.4，仅删除该记录
NC(=O)c1cnccn1,Results_003,2008,0,0,1,1,参考化合物有效条目超过 8 条；该值比组内最高 Activity Level 低至少 0.4，仅删除该记录
NC(=O)c1cnccn1,Results_003,2009,0,0,1,1,参考化合物有效条目超过 8 条；该值比组内最高 Activity Level 低至少 0.4，仅删除该记录
NC(=O)c1cnccn1,Results_003,2859,0,0,1,1,参考化合物有效条目超过 8 条；该值比组内最高 Activity Level 低至少 0.4，仅删除该记录
NC(=O)c1cnccn1,Results_003,2876,0.6,0,1,1,参考化合物有效条目超过 8 条；该值比组内最高 Activity Level 低至少 0.4，仅删除该记录
NC(=O)c1cnccn1,Results_003,2877,0.6,0,1,1,参考化合物有效条目超过 8 条；该值比组内最高 Activity Level 低至少 0.4，仅删除该记录
NC(=O)c1cnccn1,Results_003,3089,0.4,0,1,1,参考化合物有效条目超过 8 条；该值比组内最高 Activity Level 低至少 0.4，仅删除该记录
NC(=O)c1cnccn1,Results_003,3090,0.4,0,1,1,参考化合物有效条目超过 8 条；该值比组内最高 Activity Level 低至少 0.4，仅删除该记录
NC(=O)c1cnccn1,Results_003,3091,0.4,0,1,1,参考化合物有效条目超过 8 条；该值比组内最高 Activity Level 低至少 0.4，仅删除该记录
NC(=O)c1cnccn1,Results_003,3092,0.4,0,1,1,参考化合物有效条目超过 8 条；该值比组内最高 Activity Level 低至少 0.4，仅删除该记录
NC(=O)c1cnccn1,Results_003,3567,0.4,0,1,1,参考化合物有效条目超过 8 条；该值比组内最高 Activity Level 低至少 0.4，仅删除该记录
NC(=O)c1cnccn1,Results_003,4039,0.6,0,1,1,参考化合物有效条目超过 8 条；该值比组内最高 Activity Level 低至少 0.4，仅删除该记录
NC(=O)c1cnccn1,Results_003,4040,0.6,0,1,1,参考化合物有效条目超过 8 条；该值比组内最高 Activity Level 低至少 0.4，仅删除该记录
NC(=O)c1cnccn1,Results_003,5117,0.6,0,1,1,参考化合物有效条目超过 8 条；该值比组内最高 Activity Level 低至少 0.4，仅删除该记录
NC(=O)c1cnccn1,Results_003,5444,0.6,0,1,1,参考化合物有效条目超过 8 条；该值比组内最高 Activity Level 低至少 0.4，仅删除该记录
NC(=O)c1cnccn1,Results_003,5521,0.4,0,1,1,参考化合物有效条目超过 8 条；该值比组内最高 Activity Level 低至少 0.4，仅删除该记录
NC(=O)c1cnccn1,Results_003,5522,0,0,1,1,参考化合物有效条目超过 8 条；该值比组内最高 Activity Level 低至少 0.4，仅删除该记录
NC(=O)c1cnccn1,Results_003,5550,0.4,0,1,1,参考化合物有效条目超过 8 条；该值比组内最高 Activity Level 低至少 0.4，仅删除该记录
NC(=O)c1cnccn1,Results_003,7307,0.6,0,1,1,参考化合物有效条目超过 8 条；该值比组内最高 Activity Level 低至少 0.4，仅删除该记录
NC(=O)c1cnccn1,Results_003,7587,0,0,1,1,参考化合物有效条目超过 8 条；该值比组内最高 Activity Level 低至少 0.4，仅删除该记录
NC(=O)c1cnccn1,Results_003,7588,0,0,1,1,参考化合物有效条目超过 8 条；该值比组内最高 Activity Level 低至少 0.4，仅删除该记录
NC(=O)c1cnccn1,Results_003,8150,0.6,0,1,1,参考化合物有效条目超过 8 条；该值比组内最高 Activity Level 低至少 0.4，仅删除该记录
NC(=O)c1cnccn1,Results_003,8179,0.6,0,1,1,参考化合物有效条目超过 8 条；该值比组内最高 Activity Level 低至少 0.4，仅删除该记录
NC(=O)c1cnccn1,Results_003,8215,0.6,0,1,1,参考化合物有效条目超过 8 条；该值比组内最高 Activity Level 低至少 0.4，仅删除该记录
NC(=O)c1cnccn1,Results_003,8541,0.2,0,1,1,参考化合物有效条目超过 8 条；该值比组内最高 Activity Level 低至少 0.4，仅删除该记录
NC(=O)c1cnccn1,Results_003,8981,0.2,0,1,1,参考化合物有效条目超过 8 条；该值比组内最高 Activity Level 低至少 0.4，仅删除该记录
NC(=O)c1cnccn1,Results_003,9020,0.6,0,1,1,参考化合物有效条目超过 8 条；该值比组内最高 Activity Level 低至少 0.4，仅删除该记录
NC(=O)c1cnccn1,Results_003,9500,0,0,1,1,参考化合物有效条目超过 8 条；该值比组内最高 Activity Level 低至少 0.4，仅删除该记录
NC(=O)c1cnccn1,Results_003,9908,0.6,0,1,1,参考化合物有效条目超过 8 条；该值比组内最高 Activity Level 低至少 0.4，仅删除该记录
NC(=O)c1cnccn1,Results_003,10062,0.2,0,1,1,参考化合物有效条目超过 8 条；该值比组内最高 Activity Level 低至少 0.4，仅删除该记录
NC(=O)c1cnccn1,Results_003,10196,0.2,0,1,1,参考化合物有效条目超过 8 条；该值比组内最高 Activity Level 低至少 0.4，仅删除该记录
NC(=O)c1cnccn1,Results_003,10369,0.1,0,1,1,参考化合物有效条目超过 8 条；该值比组内最高 Activity Level 低至少 0.4，仅删除该记录
NC(=O)c1cnccn1,Results_003,10370,0,0,1,1,参考化合物有效条目超过 8 条；该值比组内最高 Activity Level 低至少 0.4，仅删除该记录
NC(=O)c1cnccn1,Results_003,10427,0,0,1,1,参考化合物有效条目超过 8 条；该值比组内最高 Activity Level 低至少 0.4，仅删除该记录
NC(=O)c1cnccn1,Results_003,10428,0,0,1,1,参考化合物有效条目超过 8 条；该值比组内最高 Activity Level 低至少 0.4，仅删除该记录
NC(=O)c1cnccn1,Results_003,10966,0,0,1,1,参考化合物有效条目超过 8 条；该值比组内最高 Activity Level 低至少 0.4，仅删除该记录
NC(=O)c1cnccn1,Results_003,10967,0,0,1,1,参考化合物有效条目超过 8 条；该值比组内最高 Activity Level 低至少 0.4，仅删除该记录
NC(=O)c1cnccn1,Results_003,11154,0,0,1,1,参考化合物有效条目超过 8 条；该值比组内最高 Activity Level 低至少 0.4，仅删除该记录
NC(=O)c1cnccn1,Results_003,11155,0,0,1,1,参考化合物有效条目超过 8 条；该值比组内最高 Activity Level 低至少 0.4，仅删除该记录
NC(=O)c1cnccn1,Results_003,11260,0,0,1,1,参考化合物有效条目超过 8 条；该值比组内最高 Activity Level 低至少 0.4，仅删除该记录
NC(=O)c1cnccn1,Results_003,11477,0.6,0,1,1,参考化合物有效条目超过 8 条；该值比组内最高 Activity Level 低至少 0.4，仅删除该记录
NC(=O)c1cnccn1,Results_003,12191,0.6,0,1,1,参考化合物有效条目超过 8 条；该值比组内最高 Activity Level 低至少 0.4，仅删除该记录
NC(=O)c1cnccn1,Results_003,12225,0.6,0,1,1,参考化合物有效条目超过 8 条；该值比组内最高 Activity Level 低至少 0.4，仅删除该记录
NC(=O)c1cnccn1,Results_003,12496,0.6,0,1,1,参考化合物有效条目超过 8 条；该值比组内最高 Activity Level 低至少 0.4，仅删除该记录
NC(=O)c1cnccn1,Results_003,12858,0.6,0,1,1,参考化合物有效条目超过 8 条；该值比组内最高 Activity Level 低至少 0.4，仅删除该记录
NC(=O)c1cnccn1,Results_003,12984,0.6,0,1,1,参考化合物有效条目超过 8 条；该值比组内最高 Activity Level 低至少 0.4，仅删除该记录
NC(=O)c1cnccn1,Results_003,13099,0.6,0,1,1,参考化合物有效条目超过 8 条；该值比组内最高 Activity Level 低至少 0.4，仅删除该记录
NC(=O)c1cnccn1,Results_003,13191,0.6,0,1,1,参考化合物有效条目超过 8 条；该值比组内最高 Activity Level 低至少 0.4，仅删除该记录
NC(=O)c1cnccn1,Results_003,13581,0.6,0,1,1,参考化合物有效条目超过 8 条；该值比组内最高 Activity Level 低至少 0.4，仅删除该记录
NC(=O)c1cnccn1,Results_003,13891,0.2,0,1,1,参考化合物有效条目超过 8 条；该值比组内最高 Activity Level 低至少 0.4，仅删除该记录
NC(=O)c1cnccn1,Results_003,14879,0,0,1,1,参考化合物有效条目超过 8 条；该值比组内最高 Activity Level 低至少 0.4，仅删除该记录
NC(=O)c1cnccn1,Results_003,14880,0,0,1,1,参考化合物有效条目超过 8 条；该值比组内最高 Activity Level 低至少 0.4，仅删除该记录
NC(=O)c1cnccn1,Results_003,14881,0,0,1,1,参考化合物有效条目超过 8 条；该值比组内最高 Activity Level 低至少 0.4，仅删除该记录
NC(=O)c1cnccn1,Results_003,15012,0,0,1,1,参考化合物有效条目超过 8 条；该值比组内最高 Activity Level 低至少 0.4，仅删除该记录
NC(=O)c1cnccn1,Results_003,15305,0.4,0,1,1,参考化合物有效条目超过 8 条；该值比组内最高 Activity Level 低至少 0.4，仅删除该记录
NC(=O)c1cnccn1,Results_003,15377,0.6,0,1,1,参考化合物有效条目超过 8 条；该值比组内最高 Activity Level 低至少 0.4，仅删除该记录
NC(=O)c1cnccn1,Results_003,15681,0,0,1,1,参考化合物有效条目超过 8 条；该值比组内最高 Activity Level 低至少 0.4，仅删除该记录
NC(=O)c1cnccn1,Results_003,16661,0,0,1,1,参考化合物有效条目超过 8 条；该值比组内最高 Activity Level 低至少 0.4，仅删除该记录
NC(=O)c1cnccn1,Results_003,16662,0.1,0,1,1,参考化合物有效条目超过 8 条；该值比组内最高 Activity Level 低至少 0.4，仅删除该记录
NC(=O)c1cnccn1,Results_003,16663,0.1,0,1,1,参考化合物有效条目超过 8 条；该值比组内最高 Activity Level 低至少 0.4，仅删除该记录
NC(=O)c1cnccn1,Results_003,17543,0.6,0,1,1,参考化合物有效条目超过 8 条；该值比组内最高 Activity Level 低至少 0.4，仅删除该记录
NC(=O)c1cnccn1,Results_003,17619,0.6,0,1,1,参考化合物有效条目超过 8 条；该值比组内最高 Activity Level 低至少 0.4，仅删除该记录
NC(=O)c1cnccn1,Results_003,17645,0.6,0,1,1,参考化合物有效条目超过 8 条；该值比组内最高 Activity Level 低至少 0.4，仅删除该记录
NC(=O)c1cnccn1,Results_003,17666,0,0,1,1,参考化合物有效条目超过 8 条；该值比组内最高 Activity Level 低至少 0.4，仅删除该记录
NC(=O)c1cnccn1,Results_003,17713,0.6,0,1,1,参考化合物有效条目超过 8 条；该值比组内最高 Activity Level 低至少 0.4，仅删除该记录
NC(=O)c1cnccn1,Results_003,17730,0.6,0,1,1,参考化合物有效条目超过 8 条；该值比组内最高 Activity Level 低至少 0.4，仅删除该记录
NC(=O)c1cnccn1,Results_003,17776,0,0,1,1,参考化合物有效条目超过 8 条；该值比组内最高 Activity Level 低至少 0.4，仅删除该记录
NC(=O)c1cnccn1,Results_003,17777,0,0,1,1,参考化合物有效条目超过 8 条；该值比组内最高 Activity Level 低至少 0.4，仅删除该记录
NC(=O)c1cnccn1,Results_003,18048,0,0,1,1,参考化合物有效条目超过 8 条；该值比组内最高 Activity Level 低至少 0.4，仅删除该记录
NC(=O)c1cnccn1,Results_003,18213,0.6,0,1,1,参考化合物有效条目超过 8 条；该值比组内最高 Activity Level 低至少 0.4，仅删除该记录
NC(=O)c1cnccn1,Results_003,18214,0.6,0,1,1,参考化合物有效条目超过 8 条；该值比组内最高 Activity Level 低至少 0.4，仅删除该记录
NC(=O)c1cnccn1,Results_003,18341,0.6,0,1,1,参考化合物有效条目超过 8 条；该值比组内最高 Activity Level 低至少 0.4，仅删除该记录
NC(=O)c1cnccn1,Results_003,18671,0,0,1,1,参考化合物有效条目超过 8 条；该值比组内最高 Activity Level 低至少 0.4，仅删除该记录
NC(=O)c1cnccn1,Results_003,18672,0,0,1,1,参考化合物有效条目超过 8 条；该值比组内最高 Activity Level 低至少 0.4，仅删除该记录
NC(=O)c1cnccn1,Results_003,18898,0.4,0,1,1,参考化合物有效条目超过 8 条；该值比组内最高 Activity Level 低至少 0.4，仅删除该记录
NC(=O)c1cnccn1,Results_004,945,0.4,0,1,1,参考化合物有效条目超过 8 条；该值比组内最高 Activity Level 低至少 0.4，仅删除该记录
NC(=O)c1cnccn1,Results_004,1328,0.4,0,1,1,参考化合物有效条目超过 8 条；该值比组内最高 Activity Level 低至少 0.4，仅删除该记录
NC(=O)c1cnccn1,Results_004,1373,0.4,0,1,1,参考化合物有效条目超过 8 条；该值比组内最高 Activity Level 低至少 0.4，仅删除该记录
NC(=O)c1cnccn1,Results_004,1690,0.6,0,1,1,参考化合物有效条目超过 8 条；该值比组内最高 Activity Level 低至少 0.4，仅删除该记录
NC(=O)c1cnccn1,Results_004,1691,0.6,0,1,1,参考化合物有效条目超过 8 条；该值比组内最高 Activity Level 低至少 0.4，仅删除该记录
NC(=O)c1cnccn1,Results_004,1945,0,0,1,1,参考化合物有效条目超过 8 条；该值比组内最高 Activity Level 低至少 0.4，仅删除该记录
NC(=O)c1cnccn1,Results_004,2590,0.2,0,1,1,参考化合物有效条目超过 8 条；该值比组内最高 Activity Level 低至少 0.4，仅删除该记录
NC(=O)c1cnccn1,Results_004,2591,0.1,0,1,1,参考化合物有效条目超过 8 条；该值比组内最高 Activity Level 低至少 0.4，仅删除该记录
NC(=O)c1cnccn1,Results_004,2782,0,0,1,1,参考化合物有效条目超过 8 条；该值比组内最高 Activity Level 低至少 0.4，仅删除该记录
NC(=O)c1cnccn1,Results_004,2783,0,0,1,1,参考化合物有效条目超过 8 条；该值比组内最高 Activity Level 低至少 0.4，仅删除该记录
NC(=O)c1cnccn1,Results_004,2975,0,0,1,1,参考化合物有效条目超过 8 条；该值比组内最高 Activity Level 低至少 0.4，仅删除该记录
NC(=O)c1cnccn1,Results_004,3003,0,0,1,1,参考化合物有效条目超过 8 条；该值比组内最高 Activity Level 低至少 0.4，仅删除该记录
NC(=O)c1cnccn1,Results_004,3051,0,0,1,1,参考化合物有效条目超过 8 条；该值比组内最高 Activity Level 低至少 0.4，仅删除该记录
NC(=O)c1cnccn1,Results_004,3175,0.4,0,1,1,参考化合物有效条目超过 8 条；该值比组内最高 Activity Level 低至少 0.4，仅删除该记录
NC(=O)c1cnccn1,Results_004,3658,0.4,0,1,1,参考化合物有效条目超过 8 条；该值比组内最高 Activity Level 低至少 0.4，仅删除该记录
NC(=O)c1cnccn1,Results_004,3659,0,0,1,1,参考化合物有效条目超过 8 条；该值比组内最高 Activity Level 低至少 0.4，仅删除该记录
NC(=O)c1cnccn1,Results_004,3737,0.4,0,1,1,参考化合物有效条目超过 8 条；该值比组内最高 Activity Level 低至少 0.4，仅删除该记录
NC(=O)c1cnccn1,Results_004,4256,0.4,0,1,1,参考化合物有效条目超过 8 条；该值比组内最高 Activity Level 低至少 0.4，仅删除该记录
NC(=O)c1cnccn1,Results_004,5029,0.4,0,1,1,参考化合物有效条目超过 8 条；该值比组内最高 Activity Level 低至少 0.4，仅删除该记录
NC(=O)c1cnccn1,Results_004,5471,0,0,1,1,参考化合物有效条目超过 8 条；该值比组内最高 Activity Level 低至少 0.4，仅删除该记录
NC(=O)c1cnccn1,Results_004,5503,0.2,0,1,1,参考化合物有效条目超过 8 条；该值比组内最高 Activity Level 低至少 0.4，仅删除该记录
NC(=O)c1cnccn1,Results_004,5885,0,0,1,1,参考化合物有效条目超过 8 条；该值比组内最高 Activity Level 低至少 0.4，仅删除该记录
NC(=O)c1cnccn1,Results_004,5897,0.125,0,1,1,参考化合物有效条目超过 8 条；该值比组内最高 Activity Level 低至少 0.4，仅删除该记录
NC(=O)c1cnccn1,Results_004,6028,0.6,0,1,1,参考化合物有效条目超过 8 条；该值比组内最高 Activity Level 低至少 0.4，仅删除该记录
NC(=O)c1cnccn1,Results_004,6029,0.6,0,1,1,参考化合物有效条目超过 8 条；该值比组内最高 Activity Level 低至少 0.4，仅删除该记录
NC(=O)c1cnccn1,Results_004,6484,0.4,0,1,1,参考化合物有效条目超过 8 条；该值比组内最高 Activity Level 低至少 0.4，仅删除该记录
NC(=O)c1cnccn1,Results_004,6485,0,0,1,1,参考化合物有效条目超过 8 条；该值比组内最高 Activity Level 低至少 0.4，仅删除该记录
NC(=O)c1cnccn1,Results_004,6519,0.4,0,1,1,参考化合物有效条目超过 8 条；该值比组内最高 Activity Level 低至少 0.4，仅删除该记录
NC(=O)c1cnccn1,Results_004,6854,0,0,1,1,参考化合物有效条目超过 8 条；该值比组内最高 Activity Level 低至少 0.4，仅删除该记录
NC(=O)c1cnccn1,Results_004,6872,0.1,0,1,1,参考化合物有效条目超过 8 条；该值比组内最高 Activity Level 低至少 0.4，仅删除该记录
NC(=O)c1cnccn1,Results_004,7764,0.4,0,1,1,参考化合物有效条目超过 8 条；该值比组内最高 Activity Level 低至少 0.4，仅删除该记录
NC(=O)c1cnccn1,Results_004,7884,0,0,1,1,参考化合物有效条目超过 8 条；该值比组内最高 Activity Level 低至少 0.4，仅删除该记录
NC(=O)c1cnccn1,Results_004,8279,0.6,0,1,1,参考化合物有效条目超过 8 条；该值比组内最高 Activity Level 低至少 0.4，仅删除该记录
NC(=O)c1cnccn1,Results_004,8282,0.6,0,1,1,参考化合物有效条目超过 8 条；该值比组内最高 Activity Level 低至少 0.4，仅删除该记录
NC(=O)c1cnccn1,Results_004,8418,0,0,1,1,参考化合物有效条目超过 8 条；该值比组内最高 Activity Level 低至少 0.4，仅删除该记录
NC(=O)c1cnccn1,Results_004,9193,0.2,0,1,1,参考化合物有效条目超过 8 条；该值比组内最高 Activity Level 低至少 0.4，仅删除该记录
NC(=O)c1cnccn1,Results_004,9295,0,0,1,1,参考化合物有效条目超过 8 条；该值比组内最高 Activity Level 低至少 0.4，仅删除该记录
NC(=O)c1cnccn1,Results_004,9344,0.2,0,1,1,参考化合物有效条目超过 8 条；该值比组内最高 Activity Level 低至少 0.4，仅删除该记录
NC(=O)c1cnccn1,Results_004,9345,0.1,0,1,1,参考化合物有效条目超过 8 条；该值比组内最高 Activity Level 低至少 0.4，仅删除该记录
NC(=O)c1cnccn1,Results_004,10488,0,0,1,1,参考化合物有效条目超过 8 条；该值比组内最高 Activity Level 低至少 0.4，仅删除该记录
NC(=O)c1cnccn1,Results_004,10489,0,0,1,1,参考化合物有效条目超过 8 条；该值比组内最高 Activity Level 低至少 0.4，仅删除该记录
NC(=O)c1cnccn1,Results_004,10490,0,0,1,1,参考化合物有效条目超过 8 条；该值比组内最高 Activity Level 低至少 0.4，仅删除该记录
NC(=O)c1cnccn1,Results_004,10491,0,0,1,1,参考化合物有效条目超过 8 条；该值比组内最高 Activity Level 低至少 0.4，仅删除该记录
NC(=O)c1cnccn1,Results_004,10492,0,0,1,1,参考化合物有效条目超过 8 条；该值比组内最高 Activity Level 低至少 0.4，仅删除该记录
NC(=O)c1cnccn1,Results_004,10493,0,0,1,1,参考化合物有效条目超过 8 条；该值比组内最高 Activity Level 低至少 0.4，仅删除该记录
NC(=O)c1cnccn1,Results_004,10579,0.6,0,1,1,参考化合物有效条目超过 8 条；该值比组内最高 Activity Level 低至少 0.4，仅删除该记录
NC(=O)c1cnccn1,Results_004,10601,0.6,0,1,1,参考化合物有效条目超过 8 条；该值比组内最高 Activity Level 低至少 0.4，仅删除该记录
NC(=O)c1cnccn1,Results_004,10608,0.6,0,1,1,参考化合物有效条目超过 8 条；该值比组内最高 Activity Level 低至少 0.4，仅删除该记录
NC(=O)c1cnccn1,Results_004,10728,0,0,1,1,参考化合物有效条目超过 8 条；该值比组内最高 Activity Level 低至少 0.4，仅删除该记录
NC(=O)c1cnccn1,Results_004,11681,0,0,1,1,参考化合物有效条目超过 8 条；该值比组内最高 Activity Level 低至少 0.4，仅删除该记录
NC(=O)c1cnccn1,Results_004,11720,0,0,1,1,参考化合物有效条目超过 8 条；该值比组内最高 Activity Level 低至少 0.4，仅删除该记录
NC(=O)c1cnccn1,Results_004,12496,0.6,0,1,1,参考化合物有效条目超过 8 条；该值比组内最高 Activity Level 低至少 0.4，仅删除该记录
NC(=O)c1cnccn1,Results_004,12497,0.6,0,1,1,参考化合物有效条目超过 8 条；该值比组内最高 Activity Level 低至少 0.4，仅删除该记录
NC(=O)c1cnccn1,Results_004,12740,0.125,0,1,1,参考化合物有效条目超过 8 条；该值比组内最高 Activity Level 低至少 0.4，仅删除该记录
NC(=O)c1cnccn1,Results_004,12757,0.6,0,1,1,参考化合物有效条目超过 8 条；该值比组内最高 Activity Level 低至少 0.4，仅删除该记录
NC(=O)c1cnccn1,Results_004,13241,0,0,1,1,参考化合物有效条目超过 8 条；该值比组内最高 Activity Level 低至少 0.4，仅删除该记录
NC(=O)c1cnccn1,Results_004,13242,0.6,0,1,1,参考化合物有效条目超过 8 条；该值比组内最高 Activity Level 低至少 0.4，仅删除该记录
NC(=O)c1cnccn1,Results_004,13393,0.4,0,1,1,参考化合物有效条目超过 8 条；该值比组内最高 Activity Level 低至少 0.4，仅删除该记录
NC(=O)c1cnccn1,Results_004,13439,0,0,1,1,参考化合物有效条目超过 8 条；该值比组内最高 Activity Level 低至少 0.4，仅删除该记录
NC(=O)c1cnccn1,Results_004,13440,0,0,1,1,参考化合物有效条目超过 8 条；该值比组内最高 Activity Level 低至少 0.4，仅删除该记录
NC(=O)c1cnccn1,Results_004,13488,0.1,0,1,1,参考化合物有效条目超过 8 条；该值比组内最高 Activity Level 低至少 0.4，仅删除该记录
NC(=O)c1cnccn1,Results_004,13489,0.1,0,1,1,参考化合物有效条目超过 8 条；该值比组内最高 Activity Level 低至少 0.4，仅删除该记录
NC(=O)c1cnccn1,Results_004,13551,0,0,1,1,参考化合物有效条目超过 8 条；该值比组内最高 Activity Level 低至少 0.4，仅删除该记录
NC(=O)c1cnccn1,Results_004,13776,0.6,0,1,1,参考化合物有效条目超过 8 条；该值比组内最高 Activity Level 低至少 0.4，仅删除该记录
NC(=O)c1cnccn1,Results_004,14196,0.1,0,1,1,参考化合物有效条目超过 8 条；该值比组内最高 Activity Level 低至少 0.4，仅删除该记录
NC(=O)c1cnccn1,Results_004,14197,0.1,0,1,1,参考化合物有效条目超过 8 条；该值比组内最高 Activity Level 低至少 0.4，仅删除该记录
NC(=O)c1cnccn1,Results_004,14198,0,0,1,1,参考化合物有效条目超过 8 条；该值比组内最高 Activity Level 低至少 0.4，仅删除该记录
NC(=O)c1cnccn1,Results_004,14838,0.6,0,1,1,参考化合物有效条目超过 8 条；该值比组内最高 Activity Level 低至少 0.4，仅删除该记录
NC(=O)c1cnccn1,Results_004,15636,0.6,0,1,1,参考化合物有效条目超过 8 条；该值比组内最高 Activity Level 低至少 0.4，仅删除该记录
NC(=O)c1cnccn1,Results_004,15849,0.6,0,1,1,参考化合物有效条目超过 8 条；该值比组内最高 Activity Level 低至少 0.4，仅删除该记录
NC(=O)c1cnccn1,Results_004,15873,0.6,0,1,1,参考化合物有效条目超过 8 条；该值比组内最高 Activity Level 低至少 0.4，仅删除该记录
NC(=O)c1cnccn1,Results_004,15887,0.6,0,1,1,参考化合物有效条目超过 8 条；该值比组内最高 Activity Level 低至少 0.4，仅删除该记录
NC(=O)c1cnccn1,Results_004,16095,0,0,1,1,参考化合物有效条目超过 8 条；该值比组内最高 Activity Level 低至少 0.4，仅删除该记录
NC(=O)c1cnccn1,Results_004,16096,0,0,1,1,参考化合物有效条目超过 8 条；该值比组内最高 Activity Level 低至少 0.4，仅删除该记录
NC(=O)c1cnccn1,Results_004,16097,0,0,1,1,参考化合物有效条目超过 8 条；该值比组内最高 Activity Level 低至少 0.4，仅删除该记录
NC(=O)c1cnccn1,Results_004,16098,0,0,1,1,参考化合物有效条目超过 8 条；该值比组内最高 Activity Level 低至少 0.4，仅删除该记录
NC(=O)c1cnccn1,Results_004,16099,0,0,1,1,参考化合物有效条目超过 8 条；该值比组内最高 Activity Level 低至少 0.4，仅删除该记录
NC(=O)c1cnccn1,Results_004,16100,0,0,1,1,参考化合物有效条目超过 8 条；该值比组内最高 Activity Level 低至少 0.4，仅删除该记录
NC(=O)c1cnccn1,Results_004,16340,0.6,0,1,1,参考化合物有效条目超过 8 条；该值比组内最高 Activity Level 低至少 0.4，仅删除该记录
NC(=O)c1cnccn1,Results_004,16412,0.6,0,1,1,参考化合物有效条目超过 8 条；该值比组内最高 Activity Level 低至少 0.4，仅删除该记录
NC(=O)c1cnccn1,Results_004,17259,0.2,0,1,1,参考化合物有效条目超过 8 条；该值比组内最高 Activity Level 低至少 0.4，仅删除该记录
NC(=O)c1cnccn1,Results_004,18230,0.6,0,1,1,参考化合物有效条目超过 8 条；该值比组内最高 Activity Level 低至少 0.4，仅删除该记录
NC(=O)c1cnccn1,Results_004,18773,0.4,0,1,1,参考化合物有效条目超过 8 条；该值比组内最高 Activity Level 低至少 0.4，仅删除该记录
NC(=O)c1cnccn1,Results_004,18909,0.4,0,1,1,参考化合物有效条目超过 8 条；该值比组内最高 Activity Level 低至少 0.4，仅删除该记录
NC(=O)c1cnccn1,Results_004,18910,0.4,0,1,1,参考化合物有效条目超过 8 条；该值比组内最高 Activity Level 低至少 0.4，仅删除该记录
NC(=O)c1cnccn1,Results_005,59,0.4,0,1,1,参考化合物有效条目超过 8 条；该值比组内最高 Activity Level 低至少 0.4，仅删除该记录
NC(=O)c1cnccn1,Results_005,119,0.6,0,1,1,参考化合物有效条目超过 8 条；该值比组内最高 Activity Level 低至少 0.4，仅删除该记录
NC(=O)c1cnccn1,Results_005,147,0.6,0,1,1,参考化合物有效条目超过 8 条；该值比组内最高 Activity Level 低至少 0.4，仅删除该记录
NC(=O)c1cnccn1,Results_005,337,0.2,0,1,1,参考化合物有效条目超过 8 条；该值比组内最高 Activity Level 低至少 0.4，仅删除该记录
NC(=O)c1cnccn1,Results_005,338,0.2,0,1,1,参考化合物有效条目超过 8 条；该值比组内最高 Activity Level 低至少 0.4，仅删除该记录
NC(=O)c1cnccn1,Results_005,339,0.4,0,1,1,参考化合物有效条目超过 8 条；该值比组内最高 Activity Level 低至少 0.4，仅删除该记录
NC(=O)c1cnccn1,Results_005,340,0.2,0,1,1,参考化合物有效条目超过 8 条；该值比组内最高 Activity Level 低至少 0.4，仅删除该记录
NC(=O)c1cnccn1,Results_005,341,0.2,0,1,1,参考化合物有效条目超过 8 条；该值比组内最高 Activity Level 低至少 0.4，仅删除该记录
NC(=O)c1cnccn1,Results_005,342,0.4,0,1,1,参考化合物有效条目超过 8 条；该值比组内最高 Activity Level 低至少 0.4，仅删除该记录
NC(=O)c1cnccn1,Results_005,343,0.2,0,1,1,参考化合物有效条目超过 8 条；该值比组内最高 Activity Level 低至少 0.4，仅删除该记录
NC(=O)c1cnccn1,Results_005,344,0.2,0,1,1,参考化合物有效条目超过 8 条；该值比组内最高 Activity Level 低至少 0.4，仅删除该记录
NC(=O)c1cnccn1,Results_005,404,0.1,0,1,1,参考化合物有效条目超过 8 条；该值比组内最高 Activity Level 低至少 0.4，仅删除该记录
NC(=O)c1cnccn1,Results_005,911,0.6,0,1,1,参考化合物有效条目超过 8 条；该值比组内最高 Activity Level 低至少 0.4，仅删除该记录
NC(=O)c1cnccn1,Results_005,1985,0.6,0,1,1,参考化合物有效条目超过 8 条；该值比组内最高 Activity Level 低至少 0.4，仅删除该记录
NC(=O)c1cnccn1,Results_005,2035,0.6,0,1,1,参考化合物有效条目超过 8 条；该值比组内最高 Activity Level 低至少 0.4，仅删除该记录
NC(=O)c1cnccn1,Results_005,2293,0.1,0,1,1,参考化合物有效条目超过 8 条；该值比组内最高 Activity Level 低至少 0.4，仅删除该记录
NC(=O)c1cnccn1,Results_005,2341,0.6,0,1,1,参考化合物有效条目超过 8 条；该值比组内最高 Activity Level 低至少 0.4，仅删除该记录
NC(=O)c1cnccn1,Results_005,2372,0.6,0,1,1,参考化合物有效条目超过 8 条；该值比组内最高 Activity Level 低至少 0.4，仅删除该记录
NC(=O)c1cnccn1,Results_005,2925,0.6,0,1,1,参考化合物有效条目超过 8 条；该值比组内最高 Activity Level 低至少 0.4，仅删除该记录
NC(=O)c1cnccn1,Results_005,3529,0,0,1,1,参考化合物有效条目超过 8 条；该值比组内最高 Activity Level 低至少 0.4，仅删除该记录
NC(=O)c1cnccn1,Results_005,3598,0,0,1,1,参考化合物有效条目超过 8 条；该值比组内最高 Activity Level 低至少 0.4，仅删除该记录
NC(=O)c1cnccn1,Results_005,3599,0,0,1,1,参考化合物有效条目超过 8 条；该值比组内最高 Activity Level 低至少 0.4，仅删除该记录
NC(=O)c1cnccn1,Results_005,3600,0,0,1,1,参考化合物有效条目超过 8 条；该值比组内最高 Activity Level 低至少 0.4，仅删除该记录
NC(=O)c1cnccn1,Results_005,3601,0,0,1,1,参考化合物有效条目超过 8 条；该值比组内最高 Activity Level 低至少 0.4，仅删除该记录
NC(=O)c1cnccn1,Results_005,3602,0,0,1,1,参考化合物有效条目超过 8 条；该值比组内最高 Activity Level 低至少 0.4，仅删除该记录
NC(=O)c1cnccn1,Results_005,3603,0,0,1,1,参考化合物有效条目超过 8 条；该值比组内最高 Activity Level 低至少 0.4，仅删除该记录
NC(=O)c1cnccn1,Results_005,3604,0,0,1,1,参考化合物有效条目超过 8 条；该值比组内最高 Activity Level 低至少 0.4，仅删除该记录
NC(=O)c1cnccn1,Results_005,3605,0,0,1,1,参考化合物有效条目超过 8 条；该值比组内最高 Activity Level 低至少 0.4，仅删除该记录
NC(=O)c1cnccn1,Results_005,3606,0,0,1,1,参考化合物有效条目超过 8 条；该值比组内最高 Activity Level 低至少 0.4，仅删除该记录
NC(=O)c1cnccn1,Results_005,3607,0,0,1,1,参考化合物有效条目超过 8 条；该值比组内最高 Activity Level 低至少 0.4，仅删除该记录
NC(=O)c1cnccn1,Results_005,3608,0,0,1,1,参考化合物有效条目超过 8 条；该值比组内最高 Activity Level 低至少 0.4，仅删除该记录
NC(=O)c1cnccn1,Results_005,3609,0,0,1,1,参考化合物有效条目超过 8 条；该值比组内最高 Activity Level 低至少 0.4，仅删除该记录
NC(=O)c1cnccn1,Results_005,3610,0,0,1,1,参考化合物有效条目超过 8 条；该值比组内最高 Activity Level 低至少 0.4，仅删除该记录
NC(=O)c1cnccn1,Results_005,3611,0,0,1,1,参考化合物有效条目超过 8 条；该值比组内最高 Activity Level 低至少 0.4，仅删除该记录
NC(=O)c1cnccn1,Results_005,3612,0,0,1,1,参考化合物有效条目超过 8 条；该值比组内最高 Activity Level 低至少 0.4，仅删除该记录
NC(=O)c1cnccn1,Results_005,3613,0,0,1,1,参考化合物有效条目超过 8 条；该值比组内最高 Activity Level 低至少 0.4，仅删除该记录
NC(=O)c1cnccn1,Results_005,3614,0,0,1,1,参考化合物有效条目超过 8 条；该值比组内最高 Activity Level 低至少 0.4，仅删除该记录
NC(=O)c1cnccn1,Results_005,3615,0,0,1,1,参考化合物有效条目超过 8 条；该值比组内最高 Activity Level 低至少 0.4，仅删除该记录
NC(=O)c1cnccn1,Results_005,3616,0,0,1,1,参考化合物有效条目超过 8 条；该值比组内最高 Activity Level 低至少 0.4，仅删除该记录
NC(=O)c1cnccn1,Results_005,3617,0,0,1,1,参考化合物有效条目超过 8 条；该值比组内最高 Activity Level 低至少 0.4，仅删除该记录
NC(=O)c1cnccn1,Results_005,3618,0,0,1,1,参考化合物有效条目超过 8 条；该值比组内最高 Activity Level 低至少 0.4，仅删除该记录
NC(=O)c1cnccn1,Results_005,3619,0,0,1,1,参考化合物有效条目超过 8 条；该值比组内最高 Activity Level 低至少 0.4，仅删除该记录
NC(=O)c1cnccn1,Results_005,3737,0.4,0,1,1,参考化合物有效条目超过 8 条；该值比组内最高 Activity Level 低至少 0.4，仅删除该记录
NC(=O)c1cnccn1,Results_005,3882,0.6,0,1,1,参考化合物有效条目超过 8 条；该值比组内最高 Activity Level 低至少 0.4，仅删除该记录
NC(=O)c1cnccn1,Results_005,3896,0.6,0,1,1,参考化合物有效条目超过 8 条；该值比组内最高 Activity Level 低至少 0.4，仅删除该记录
NC(=O)c1cnccn1,Results_005,4111,0,0,1,1,参考化合物有效条目超过 8 条；该值比组内最高 Activity Level 低至少 0.4，仅删除该记录
NC(=O)c1cnccn1,Results_005,5192,0.1,0,1,1,参考化合物有效条目超过 8 条；该值比组内最高 Activity Level 低至少 0.4，仅删除该记录
NC(=O)c1cnccn1,Results_005,6220,0.4,0,1,1,参考化合物有效条目超过 8 条；该值比组内最高 Activity Level 低至少 0.4，仅删除该记录
NC(=O)c1cnccn1,Results_005,6221,0.4,0,1,1,参考化合物有效条目超过 8 条；该值比组内最高 Activity Level 低至少 0.4，仅删除该记录
NC(=O)c1cnccn1,Results_005,6222,0.2,0,1,1,参考化合物有效条目超过 8 条；该值比组内最高 Activity Level 低至少 0.4，仅删除该记录
NC(=O)c1cnccn1,Results_005,9556,0.6,0,1,1,参考化合物有效条目超过 8 条；该值比组内最高 Activity Level 低至少 0.4，仅删除该记录
NC(=O)c1cnccn1,Results_005,10173,0.6,0,1,1,参考化合物有效条目超过 8 条；该值比组内最高 Activity Level 低至少 0.4，仅删除该记录
NC(=O)c1cnccn1,Results_005,10231,0,0,1,1,参考化合物有效条目超过 8 条；该值比组内最高 Activity Level 低至少 0.4，仅删除该记录
NC(=O)c1cnccn1,Results_005,10729,0.6,0,1,1,参考化合物有效条目超过 8 条；该值比组内最高 Activity Level 低至少 0.4，仅删除该记录
NC(=O)c1cnccn1,Results_005,11171,0.6,0,1,1,参考化合物有效条目超过 8 条；该值比组内最高 Activity Level 低至少 0.4，仅删除该记录
NC(=O)c1cnccn1,Results_005,11188,0.6,0,1,1,参考化合物有效条目超过 8 条；该值比组内最高 Activity Level 低至少 0.4，仅删除该记录
NC(=O)c1cnccn1,Results_005,11358,0,0,1,1,参考化合物有效条目超过 8 条；该值比组内最高 Activity Level 低至少 0.4，仅删除该记录
NC(=O)c1cnccn1,Results_005,11413,0.4,0,1,1,参考化合物有效条目超过 8 条；该值比组内最高 Activity Level 低至少 0.4，仅删除该记录
NC(=O)c1cnccn1,Results_005,12078,0.1,0,1,1,参考化合物有效条目超过 8 条；该值比组内最高 Activity Level 低至少 0.4，仅删除该记录
NC(=O)c1cnccn1,Results_005,13082,0.4,0,1,1,参考化合物有效条目超过 8 条；该值比组内最高 Activity Level 低至少 0.4，仅删除该记录
NC(=O)c1cnccn1,Results_005,13609,0,0,1,1,参考化合物有效条目超过 8 条；该值比组内最高 Activity Level 低至少 0.4，仅删除该记录
NC(=O)c1cnccn1,Results_005,14685,0,0,1,1,参考化合物有效条目超过 8 条；该值比组内最高 Activity Level 低至少 0.4，仅删除该记录
NC(=O)c1cnccn1,Results_005,15049,0,0,1,1,参考化合物有效条目超过 8 条；该值比组内最高 Activity Level 低至少 0.4，仅删除该记录
NC(=O)c1cnccn1,Results_005,15172,0,0,1,1,参考化合物有效条目超过 8 条；该值比组内最高 Activity Level 低至少 0.4，仅删除该记录
NC(=O)c1cnccn1,Results_005,15562,0.1,0,1,1,参考化合物有效条目超过 8 条；该值比组内最高 Activity Level 低至少 0.4，仅删除该记录
NC(=O)c1cnccn1,Results_005,17810,0.6,0,1,1,参考化合物有效条目超过 8 条；该值比组内最高 Activity Level 低至少 0.4，仅删除该记录
NC(=O)c1cnccn1,Results_005,18825,0.4,0,1,1,参考化合物有效条目超过 8 条；该值比组内最高 Activity Level 低至少 0.4，仅删除该记录
NC(=O)c1cnccn1,Results_006,101,0,0,1,1,参考化合物有效条目超过 8 条；该值比组内最高 Activity Level 低至少 0.4，仅删除该记录
NC(=O)c1cnccn1,Results_006,102,0,0,1,1,参考化合物有效条目超过 8 条；该值比组内最高 Activity Level 低至少 0.4，仅删除该记录
NC(=O)c1cnccn1,Results_006,841,0.2,0,1,1,参考化合物有效条目超过 8 条；该值比组内最高 Activity Level 低至少 0.4，仅删除该记录
NC(=O)c1cnccn1,Results_006,842,0.2,0,1,1,参考化合物有效条目超过 8 条；该值比组内最高 Activity Level 低至少 0.4，仅删除该记录
NC(=O)c1cnccn1,Results_006,843,0.2,0,1,1,参考化合物有效条目超过 8 条；该值比组内最高 Activity Level 低至少 0.4，仅删除该记录
NC(=O)c1cnccn1,Results_006,844,0.2,0,1,1,参考化合物有效条目超过 8 条；该值比组内最高 Activity Level 低至少 0.4，仅删除该记录
NC(=O)c1cnccn1,Results_006,908,0,0,1,1,参考化合物有效条目超过 8 条；该值比组内最高 Activity Level 低至少 0.4，仅删除该记录
NC(=O)c1cnccn1,Results_006,1123,0,0,1,1,参考化合物有效条目超过 8 条；该值比组内最高 Activity Level 低至少 0.4，仅删除该记录
NC(=O)c1cnccn1,Results_006,1124,0,0,1,1,参考化合物有效条目超过 8 条；该值比组内最高 Activity Level 低至少 0.4，仅删除该记录
NC(=O)c1cnccn1,Results_006,1125,0,0,1,1,参考化合物有效条目超过 8 条；该值比组内最高 Activity Level 低至少 0.4，仅删除该记录
NC(=O)c1cnccn1,Results_006,1126,0,0,1,1,参考化合物有效条目超过 8 条；该值比组内最高 Activity Level 低至少 0.4，仅删除该记录
NC(=O)c1cnccn1,Results_006,1127,0,0,1,1,参考化合物有效条目超过 8 条；该值比组内最高 Activity Level 低至少 0.4，仅删除该记录
NC(=O)c1cnccn1,Results_006,1128,0,0,1,1,参考化合物有效条目超过 8 条；该值比组内最高 Activity Level 低至少 0.4，仅删除该记录
NC(=O)c1cnccn1,Results_006,1129,0,0,1,1,参考化合物有效条目超过 8 条；该值比组内最高 Activity Level 低至少 0.4，仅删除该记录
NC(=O)c1cnccn1,Results_006,1130,0,0,1,1,参考化合物有效条目超过 8 条；该值比组内最高 Activity Level 低至少 0.4，仅删除该记录
NC(=O)c1cnccn1,Results_006,1131,0,0,1,1,参考化合物有效条目超过 8 条；该值比组内最高 Activity Level 低至少 0.4，仅删除该记录
NC(=O)c1cnccn1,Results_006,1132,0,0,1,1,参考化合物有效条目超过 8 条；该值比组内最高 Activity Level 低至少 0.4，仅删除该记录
NC(=O)c1cnccn1,Results_006,1133,0,0,1,1,参考化合物有效条目超过 8 条；该值比组内最高 Activity Level 低至少 0.4，仅删除该记录
NC(=O)c1cnccn1,Results_006,1134,0,0,1,1,参考化合物有效条目超过 8 条；该值比组内最高 Activity Level 低至少 0.4，仅删除该记录
NC(=O)c1cnccn1,Results_006,1135,0,0,1,1,参考化合物有效条目超过 8 条；该值比组内最高 Activity Level 低至少 0.4，仅删除该记录
NC(=O)c1cnccn1,Results_006,1136,0,0,1,1,参考化合物有效条目超过 8 条；该值比组内最高 Activity Level 低至少 0.4，仅删除该记录
NC(=O)c1cnccn1,Results_006,1137,0,0,1,1,参考化合物有效条目超过 8 条；该值比组内最高 Activity Level 低至少 0.4，仅删除该记录
NC(=O)c1cnccn1,Results_006,1138,0,0,1,1,参考化合物有效条目超过 8 条；该值比组内最高 Activity Level 低至少 0.4，仅删除该记录
NC(=O)c1cnccn1,Results_006,1139,0,0,1,1,参考化合物有效条目超过 8 条；该值比组内最高 Activity Level 低至少 0.4，仅删除该记录
NC(=O)c1cnccn1,Results_006,1140,0,0,1,1,参考化合物有效条目超过 8 条；该值比组内最高 Activity Level 低至少 0.4，仅删除该记录
NC(=O)c1cnccn1,Results_006,1141,0,0,1,1,参考化合物有效条目超过 8 条；该值比组内最高 Activity Level 低至少 0.4，仅删除该记录
NC(=O)c1cnccn1,Results_006,1142,0,0,1,1,参考化合物有效条目超过 8 条；该值比组内最高 Activity Level 低至少 0.4，仅删除该记录
NC(=O)c1cnccn1,Results_006,1143,0,0,1,1,参考化合物有效条目超过 8 条；该值比组内最高 Activity Level 低至少 0.4，仅删除该记录
NC(=O)c1cnccn1,Results_006,1144,0,0,1,1,参考化合物有效条目超过 8 条；该值比组内最高 Activity Level 低至少 0.4，仅删除该记录
NC(=O)c1cnccn1,Results_006,1145,0,0,1,1,参考化合物有效条目超过 8 条；该值比组内最高 Activity Level 低至少 0.4，仅删除该记录
NC(=O)c1cnccn1,Results_006,1146,0,0,1,1,参考化合物有效条目超过 8 条；该值比组内最高 Activity Level 低至少 0.4，仅删除该记录
NC(=O)c1cnccn1,Results_006,1247,0.2,0,1,1,参考化合物有效条目超过 8 条；该值比组内最高 Activity Level 低至少 0.4，仅删除该记录
NC(=O)c1cnccn1,Results_006,1248,0.2,0,1,1,参考化合物有效条目超过 8 条；该值比组内最高 Activity Level 低至少 0.4，仅删除该记录
NC(=O)c1cnccn1,Results_006,1547,0,0,1,1,参考化合物有效条目超过 8 条；该值比组内最高 Activity Level 低至少 0.4，仅删除该记录
NC(=O)c1cnccn1,Results_006,1548,0,0,1,1,参考化合物有效条目超过 8 条；该值比组内最高 Activity Level 低至少 0.4，仅删除该记录
NC(=O)c1cnccn1,Results_006,1549,0,0,1,1,参考化合物有效条目超过 8 条；该值比组内最高 Activity Level 低至少 0.4，仅删除该记录
NC(=O)c1cnccn1,Results_006,1550,0,0,1,1,参考化合物有效条目超过 8 条；该值比组内最高 Activity Level 低至少 0.4，仅删除该记录
NC(=O)c1cnccn1,Results_006,1551,0,0,1,1,参考化合物有效条目超过 8 条；该值比组内最高 Activity Level 低至少 0.4，仅删除该记录
NC(=O)c1cnccn1,Results_006,1552,0,0,1,1,参考化合物有效条目超过 8 条；该值比组内最高 Activity Level 低至少 0.4，仅删除该记录
NC(=O)c1cnccn1,Results_006,1553,0,0,1,1,参考化合物有效条目超过 8 条；该值比组内最高 Activity Level 低至少 0.4，仅删除该记录
NC(=O)c1cnccn1,Results_006,1554,0,0,1,1,参考化合物有效条目超过 8 条；该值比组内最高 Activity Level 低至少 0.4，仅删除该记录
NC(=O)c1cnccn1,Results_006,1729,0.4,0,1,1,参考化合物有效条目超过 8 条；该值比组内最高 Activity Level 低至少 0.4，仅删除该记录
NC(=O)c1cnccn1,Results_006,1940,0,0,1,1,参考化合物有效条目超过 8 条；该值比组内最高 Activity Level 低至少 0.4，仅删除该记录
NC(=O)c1cnccn1,Results_006,1941,0,0,1,1,参考化合物有效条目超过 8 条；该值比组内最高 Activity Level 低至少 0.4，仅删除该记录
NC(=O)c1cnccn1,Results_006,1942,0,0,1,1,参考化合物有效条目超过 8 条；该值比组内最高 Activity Level 低至少 0.4，仅删除该记录
NC(=O)c1cnccn1,Results_006,1943,0,0,1,1,参考化合物有效条目超过 8 条；该值比组内最高 Activity Level 低至少 0.4，仅删除该记录
NC(=O)c1cnccn1,Results_006,1944,0,0,1,1,参考化合物有效条目超过 8 条；该值比组内最高 Activity Level 低至少 0.4，仅删除该记录
NC(=O)c1cnccn1,Results_006,2474,0.2,0,1,1,参考化合物有效条目超过 8 条；该值比组内最高 Activity Level 低至少 0.4，仅删除该记录
NC(=O)c1cnccn1,Results_006,2490,0.4,0,1,1,参考化合物有效条目超过 8 条；该值比组内最高 Activity Level 低至少 0.4，仅删除该记录
NC(=O)c1cnccn1,Results_006,2746,0.6,0,1,1,参考化合物有效条目超过 8 条；该值比组内最高 Activity Level 低至少 0.4，仅删除该记录
NC(=O)c1cnccn1,Results_006,3543,0.6,0,1,1,参考化合物有效条目超过 8 条；该值比组内最高 Activity Level 低至少 0.4，仅删除该记录
NC(=O)c1cnccn1,Results_006,3771,0.1,0,1,1,参考化合物有效条目超过 8 条；该值比组内最高 Activity Level 低至少 0.4，仅删除该记录
NC(=O)c1cnccn1,Results_006,3772,0,0,1,1,参考化合物有效条目超过 8 条；该值比组内最高 Activity Level 低至少 0.4，仅删除该记录
NC(=O)c1cnccn1,Results_006,3919,0.4,0,1,1,参考化合物有效条目超过 8 条；该值比组内最高 Activity Level 低至少 0.4，仅删除该记录
COc1ccc(-c2ccn(-c3ccc(NC(=O)c4cc([N+](=O)[O-])cc([N+](=O)[O-])c4)cc3)n2)cc1OC,Results_001,1721,0.2,0.2,1,0.8,普通化合物当前有效条目=5，跨度≥0.6；中位数=1，左侧=2，右侧=0；中位数右侧为空，删除左侧最低值
COc1ccc(-c2ccn(-c3ccc(NC(=O)c4cc([N+](=O)[O-])cc([N+](=O)[O-])c4)cc3)n2)cc1OC,Results_001,1723,0.2,0.2,1,0.8,普通化合物当前有效条目=4，跨度≥0.6；中位数=1，左侧=1，右侧=0；中位数右侧为空，删除左侧最低值
COc1ccc(-c2ccn(-c3ccc(NC(=O)C4CC(=O)N(c5ccccc5)C4)cc3)n2)cc1OC,Results_001,1726,0.1,0.1,1,0.9,普通化合物当前有效条目=5，跨度≥0.6；中位数=1，左侧=2，右侧=0；中位数右侧为空，删除左侧最低值
C[C@H]1COc2c(N3CCN(C)CC3)c(F)cc3c(=O)c(C(=O)O)cn1c23,Results_001,2363,0.6,0.2,1,0.8,参考化合物有效条目超过 8 条；该值比组内最高 Activity Level 低至少 0.4，仅删除该记录
C[C@H]1COc2c(N3CCN(C)CC3)c(F)cc3c(=O)c(C(=O)O)cn1c23,Results_001,2366,0.6,0.2,1,0.8,参考化合物有效条目超过 8 条；该值比组内最高 Activity Level 低至少 0.4，仅删除该记录
C[C@H]1COc2c(N3CCN(C)CC3)c(F)cc3c(=O)c(C(=O)O)cn1c23,Results_001,14490,0.5,0.2,1,0.8,参考化合物有效条目超过 8 条；该值比组内最高 Activity Level 低至少 0.4，仅删除该记录
C[C@H]1COc2c(N3CCN(C)CC3)c(F)cc3c(=O)c(C(=O)O)cn1c23,Results_002,17452,0.6,0.2,1,0.8,参考化合物有效条目超过 8 条；该值比组内最高 Activity Level 低至少 0.4，仅删除该记录
C[C@H]1COc2c(N3CCN(C)CC3)c(F)cc3c(=O)c(C(=O)O)cn1c23,Results_003,7288,0.6,0.2,1,0.8,参考化合物有效条目超过 8 条；该值比组内最高 Activity Level 低至少 0.4，仅删除该记录
C[C@H]1COc2c(N3CCN(C)CC3)c(F)cc3c(=O)c(C(=O)O)cn1c23,Results_003,7742,0.6,0.2,1,0.8,参考化合物有效条目超过 8 条；该值比组内最高 Activity Level 低至少 0.4，仅删除该记录
C[C@H]1COc2c(N3CCN(C)CC3)c(F)cc3c(=O)c(C(=O)O)cn1c23,Results_004,9238,0.6,0.2,1,0.8,参考化合物有效条目超过 8 条；该值比组内最高 Activity Level 低至少 0.4，仅删除该记录
C[C@H]1COc2c(N3CCN(C)CC3)c(F)cc3c(=O)c(C(=O)O)cn1c23,Results_004,10315,0.6,0.2,1,0.8,参考化合物有效条目超过 8 条；该值比组内最高 Activity Level 低至少 0.4，仅删除该记录
C[C@H]1COc2c(N3CCN(C)CC3)c(F)cc3c(=O)c(C(=O)O)cn1c23,Results_004,10440,0.6,0.2,1,0.8,参考化合物有效条目超过 8 条；该值比组内最高 Activity Level 低至少 0.4，仅删除该记录
C[C@H]1COc2c(N3CCN(C)CC3)c(F)cc3c(=O)c(C(=O)O)cn1c23,Results_004,10442,0.2,0.2,1,0.8,参考化合物有效条目超过 8 条；该值比组内最高 Activity Level 低至少 0.4，仅删除该记录
C[C@H]1COc2c(N3CCN(C)CC3)c(F)cc3c(=O)c(C(=O)O)cn1c23,Results_004,10444,0.6,0.2,1,0.8,参考化合物有效条目超过 8 条；该值比组内最高 Activity Level 低至少 0.4，仅删除该记录
C[C@H]1COc2c(N3CCN(C)CC3)c(F)cc3c(=O)c(C(=O)O)cn1c23,Results_004,13497,0.6,0.2,1,0.8,参考化合物有效条目超过 8 条；该值比组内最高 Activity Level 低至少 0.4，仅删除该记录
C[C@H]1COc2c(N3CCN(C)CC3)c(F)cc3c(=O)c(C(=O)O)cn1c23,Results_004,15747,0.2,0.2,1,0.8,参考化合物有效条目超过 8 条；该值比组内最高 Activity Level 低至少 0.4，仅删除该记录
C[C@H]1COc2c(N3CCN(C)CC3)c(F)cc3c(=O)c(C(=O)O)cn1c23,Results_005,3927,0.4,0.2,1,0.8,参考化合物有效条目超过 8 条；该值比组内最高 Activity Level 低至少 0.4，仅删除该记录
C[C@H]1COc2c(N3CCN(C)CC3)c(F)cc3c(=O)c(C(=O)O)cn1c23,Results_005,10919,0.5,0.2,1,0.8,参考化合物有效条目超过 8 条；该值比组内最高 Activity Level 低至少 0.4，仅删除该记录
C[C@H]1COc2c(N3CCN(C)CC3)c(F)cc3c(=O)c(C(=O)O)cn1c23,Results_005,14814,0.2,0.2,1,0.8,参考化合物有效条目超过 8 条；该值比组内最高 Activity Level 低至少 0.4，仅删除该记录
C[C@H]1COc2c(N3CCN(C)CC3)c(F)cc3c(=O)c(C(=O)O)cn1c23,Results_006,2671,0.6,0.2,1,0.8,参考化合物有效条目超过 8 条；该值比组内最高 Activity Level 低至少 0.4，仅删除该记录
C[C@H]1COc2c(N3CCN(C)CC3)c(F)cc3c(=O)c(C(=O)O)cn1c23,Results_006,3624,0.2,0.2,1,0.8,参考化合物有效条目超过 8 条；该值比组内最高 Activity Level 低至少 0.4，仅删除该记录
C[C@H]1COc2c(N3CCN(C)CC3)c(F)cc3c(=O)c(C(=O)O)cn1c23,Results_006,4041,0.6,0.2,1,0.8,参考化合物有效条目超过 8 条；该值比组内最高 Activity Level 低至少 0.4，仅删除该记录
CCc1cc(C(N)=S)ccn1,Results_001,2200,0.6,0,1,1,参考化合物有效条目超过 8 条；该值比组内最高 Activity Level 低至少 0.4，仅删除该记录
CCc1cc(C(N)=S)ccn1,Results_001,7334,0.4,0,1,1,参考化合物有效条目超过 8 条；该值比组内最高 Activity Level 低至少 0.4，仅删除该记录
CCc1cc(C(N)=S)ccn1,Results_001,12653,0.4,0,1,1,参考化合物有效条目超过 8 条；该值比组内最高 Activity Level 低至少 0.4，仅删除该记录
CCc1cc(C(N)=S)ccn1,Results_001,15582,0.4,0,1,1,参考化合物有效条目超过 8 条；该值比组内最高 Activity Level 低至少 0.4，仅删除该记录
CCc1cc(C(N)=S)ccn1,Results_001,16488,0.6,0,1,1,参考化合物有效条目超过 8 条；该值比组内最高 Activity Level 低至少 0.4，仅删除该记录
CCc1cc(C(N)=S)ccn1,Results_001,18892,0.2,0,1,1,参考化合物有效条目超过 8 条；该值比组内最高 Activity Level 低至少 0.4，仅删除该记录
CCc1cc(C(N)=S)ccn1,Results_003,8083,0.4,0,1,1,参考化合物有效条目超过 8 条；该值比组内最高 Activity Level 低至少 0.4，仅删除该记录
CCc1cc(C(N)=S)ccn1,Results_004,10841,0.4,0,1,1,参考化合物有效条目超过 8 条；该值比组内最高 Activity Level 低至少 0.4，仅删除该记录
CCc1cc(C(N)=S)ccn1,Results_004,14808,0.4,0,1,1,参考化合物有效条目超过 8 条；该值比组内最高 Activity Level 低至少 0.4，仅删除该记录
CCc1cc(C(N)=S)ccn1,Results_004,18547,0.4,0,1,1,参考化合物有效条目超过 8 条；该值比组内最高 Activity Level 低至少 0.4，仅删除该记录
CCc1cc(C(N)=S)ccn1,Results_004,18548,0,0,1,1,参考化合物有效条目超过 8 条；该值比组内最高 Activity Level 低至少 0.4，仅删除该记录
CCc1cc(C(N)=S)ccn1,Results_004,18549,0.2,0,1,1,参考化合物有效条目超过 8 条；该值比组内最高 Activity Level 低至少 0.4，仅删除该记录
CCc1cc(C(N)=S)ccn1,Results_004,18550,0.6,0,1,1,参考化合物有效条目超过 8 条；该值比组内最高 Activity Level 低至少 0.4，仅删除该记录
CCc1cc(C(N)=S)ccn1,Results_005,377,0.6,0,1,1,参考化合物有效条目超过 8 条；该值比组内最高 Activity Level 低至少 0.4，仅删除该记录
CCc1cc(C(N)=S)ccn1,Results_005,378,0.6,0,1,1,参考化合物有效条目超过 8 条；该值比组内最高 Activity Level 低至少 0.4，仅删除该记录
CCc1cc(C(N)=S)ccn1,Results_005,379,0.6,0,1,1,参考化合物有效条目超过 8 条；该值比组内最高 Activity Level 低至少 0.4，仅删除该记录
CCc1cc(C(N)=S)ccn1,Results_005,380,0.6,0,1,1,参考化合物有效条目超过 8 条；该值比组内最高 Activity Level 低至少 0.4，仅删除该记录
CCc1cc(C(N)=S)ccn1,Results_005,381,0.6,0,1,1,参考化合物有效条目超过 8 条；该值比组内最高 Activity Level 低至少 0.4，仅删除该记录
CCc1cc(C(N)=S)ccn1,Results_005,382,0.6,0,1,1,参考化合物有效条目超过 8 条；该值比组内最高 Activity Level 低至少 0.4，仅删除该记录
CCc1cc(C(N)=S)ccn1,Results_005,5996,0.1,0,1,1,参考化合物有效条目超过 8 条；该值比组内最高 Activity Level 低至少 0.4，仅删除该记录
CCc1cc(C(N)=S)ccn1,Results_005,5997,0.1,0,1,1,参考化合物有效条目超过 8 条；该值比组内最高 Activity Level 低至少 0.4，仅删除该记录
CCc1cc(C(N)=S)ccn1,Results_005,6000,0.1,0,1,1,参考化合物有效条目超过 8 条；该值比组内最高 Activity Level 低至少 0.4，仅删除该记录
CCc1cc(C(N)=S)ccn1,Results_005,9045,0.6,0,1,1,参考化合物有效条目超过 8 条；该值比组内最高 Activity Level 低至少 0.4，仅删除该记录
O=C(NN=Cc1ccccn1)c1ccncc1,Results_003,9659,0.1,0.1,0.75,0.65,普通化合物当前有效条目=3，跨度≥0.6；中位数=0.6，左侧=1，右侧=1；两侧数量相同，删除距中位数更远的极端值；等距时删除低值
COc1ccc(C#CC2=C(c3ccc(C(F)(F)F)cc3)C(=O)N(Cc3ccccn3)C2=O)cc1,Results_001,2430,0.2,0.2,1,0.8,普通化合物当前有效条目=5，跨度≥0.6；中位数=1，左侧=1，右侧=0；中位数右侧为空，删除左侧最低值
O=C(O)/C=C/c1ccccc1,Results_001,2980,1,0,1,1,普通化合物当前有效条目=3，跨度≥0.6；中位数=0.4，左侧=1，右侧=1；两侧数量相同，删除距中位数更远的极端值；等距时删除低值
COC(=O)c1cc(-c2cccc(NC(=O)c3ccc(/C=C/C(=O)c4ccc(Cl)cc4)cc3)c2)on1,Results_001,3050,0.1,0.1,1,0.9,普通化合物当前有效条目=6，跨度≥0.6；中位数=0.8，左侧=2，右侧=2；两侧数量相同，删除距中位数更远的极端值；等距时删除低值
COC(=O)c1cc(-c2cccc(NC(=O)c3ccc(/C=C/C(=O)c4ccc(Cl)cc4)cc3)c2)on1,Results_001,3051,0.1,0.1,1,0.9,普通化合物当前有效条目=5，跨度≥0.6；中位数=0.8，左侧=1，右侧=2；删除记录数较少一侧的最外侧值
COC(=O)c1cc(-c2cccc(NC(=O)c3ccc(/C=C/C(=O)c4ccc(C)cc4)cc3)c2)on1,Results_001,3059,0.1,0.1,1,0.9,普通化合物当前有效条目=6，跨度≥0.6；中位数=1，左侧=2，右侧=0；中位数右侧为空，删除左侧最低值
COC(=O)c1cc(-c2cccc(NC(=O)c3ccc(/C=C/C(=O)c4ccc(C)cc4)cc3)c2)on1,Results_001,3061,0.1,0.1,1,0.9,普通化合物当前有效条目=5，跨度≥0.6；中位数=1，左侧=1，右侧=0；中位数右侧为空，删除左侧最低值
COC(=O)c1cc(-c2cccc(NC(=O)c3ccc(/C=C/C(=O)c4ccc(CC(C)C)cc4)cc3)c2)on1,Results_001,3064,0.2,0.2,1,0.8,普通化合物当前有效条目=6，跨度≥0.6；中位数=0.7，左侧=3，右侧=3；两侧数量相同，删除距中位数更远的极端值；等距时删除低值
COC(=O)c1cc(-c2cccc(NC(=O)c3ccc(/C=C/C(=O)c4ccc(CC(C)C)cc4)cc3)c2)on1,Results_001,3065,0.2,0.2,1,0.8,普通化合物当前有效条目=5，跨度≥0.6；中位数=0.8，左侧=2，右侧=2；两侧数量相同，删除距中位数更远的极端值；等距时删除低值
CC(=O)Nc1ccc(C=NNC(N)=S)cc1,Results_005,2040,0.2,0.1,1,0.9,参考化合物有效条目超过 8 条；该值比组内最高 Activity Level 低至少 0.4，仅删除该记录
CC(=O)Nc1ccc(C=NNC(N)=S)cc1,Results_005,2041,0.2,0.1,1,0.9,参考化合物有效条目超过 8 条；该值比组内最高 Activity Level 低至少 0.4，仅删除该记录
CC(=O)Nc1ccc(C=NNC(N)=S)cc1,Results_005,2042,0.2,0.1,1,0.9,参考化合物有效条目超过 8 条；该值比组内最高 Activity Level 低至少 0.4，仅删除该记录
CC(=O)Nc1ccc(C=NNC(N)=S)cc1,Results_005,2043,0.2,0.1,1,0.9,参考化合物有效条目超过 8 条；该值比组内最高 Activity Level 低至少 0.4，仅删除该记录
CC(=O)Nc1ccc(C=NNC(N)=S)cc1,Results_005,2044,0.2,0.1,1,0.9,参考化合物有效条目超过 8 条；该值比组内最高 Activity Level 低至少 0.4，仅删除该记录
CC(=O)Nc1ccc(C=NNC(N)=S)cc1,Results_005,2045,0.2,0.1,1,0.9,参考化合物有效条目超过 8 条；该值比组内最高 Activity Level 低至少 0.4，仅删除该记录
CC(=O)Nc1ccc(C=NNC(N)=S)cc1,Results_005,2046,0.2,0.1,1,0.9,参考化合物有效条目超过 8 条；该值比组内最高 Activity Level 低至少 0.4，仅删除该记录
CC(=O)Nc1ccc(C=NNC(N)=S)cc1,Results_005,2047,0.2,0.1,1,0.9,参考化合物有效条目超过 8 条；该值比组内最高 Activity Level 低至少 0.4，仅删除该记录
CC(=O)Nc1ccc(C=NNC(N)=S)cc1,Results_005,2048,0.4,0.1,1,0.9,参考化合物有效条目超过 8 条；该值比组内最高 Activity Level 低至少 0.4，仅删除该记录
CC(=O)Nc1ccc(C=NNC(N)=S)cc1,Results_005,2049,0.2,0.1,1,0.9,参考化合物有效条目超过 8 条；该值比组内最高 Activity Level 低至少 0.4，仅删除该记录
CC(=O)Nc1ccc(C=NNC(N)=S)cc1,Results_005,2055,0.1,0.1,1,0.9,参考化合物有效条目超过 8 条；该值比组内最高 Activity Level 低至少 0.4，仅删除该记录
CC(=O)Nc1ccc(C=NNC(N)=S)cc1,Results_005,2056,0.1,0.1,1,0.9,参考化合物有效条目超过 8 条；该值比组内最高 Activity Level 低至少 0.4，仅删除该记录
O=C(NN1C(=O)c2cccc(Br)c2C1=O)c1ccncc1,Results_001,3259,0.125,0.125,1,0.875,参考化合物有效条目超过 8 条；该值比组内最高 Activity Level 低至少 0.4，仅删除该记录
O=C(NN1C(=O)c2cccc(Br)c2C1=O)c1ccncc1,Results_001,3260,0.125,0.125,1,0.875,参考化合物有效条目超过 8 条；该值比组内最高 Activity Level 低至少 0.4，仅删除该记录
O=C(NN1C(=O)c2cccc(Br)c2C1=O)c1ccncc1,Results_001,3267,0.125,0.125,1,0.875,参考化合物有效条目超过 8 条；该值比组内最高 Activity Level 低至少 0.4，仅删除该记录
O=C(NN1C(=O)c2cccc(Br)c2C1=O)c1ccncc1,Results_001,3268,0.125,0.125,1,0.875,参考化合物有效条目超过 8 条；该值比组内最高 Activity Level 低至少 0.4，仅删除该记录
O=C(NN1C(=O)c2cccc(Br)c2C1=O)c1ccncc1,Results_001,3275,0.125,0.125,1,0.875,参考化合物有效条目超过 8 条；该值比组内最高 Activity Level 低至少 0.4，仅删除该记录
O=C(NN1C(=O)c2cccc(Br)c2C1=O)c1ccncc1,Results_001,3276,0.125,0.125,1,0.875,参考化合物有效条目超过 8 条；该值比组内最高 Activity Level 低至少 0.4，仅删除该记录
O=C(NN1C(=O)c2cccc(Br)c2C1=O)c1ccncc1,Results_001,3284,0.125,0.125,1,0.875,参考化合物有效条目超过 8 条；该值比组内最高 Activity Level 低至少 0.4，仅删除该记录
O=C(NN1C(=O)c2cccc(Br)c2C1=O)c1ccncc1,Results_001,3285,0.125,0.125,1,0.875,参考化合物有效条目超过 8 条；该值比组内最高 Activity Level 低至少 0.4，仅删除该记录
O=C(Nn1c(C2CC2)nc2ccccc2c1=O)c1ccncc1,Results_001,3292,0,0,0.75,0.75,参考化合物有效条目超过 8 条；该值比组内最高 Activity Level 低至少 0.4，仅删除该记录
O=C(Nn1c(C2CC2)nc2ccccc2c1=O)c1ccncc1,Results_001,3293,0,0,0.75,0.75,参考化合物有效条目超过 8 条；该值比组内最高 Activity Level 低至少 0.4，仅删除该记录
O=C(Nn1c(C2CC2)nc2ccccc2c1=O)c1ccncc1,Results_001,3300,0,0,0.75,0.75,参考化合物有效条目超过 8 条；该值比组内最高 Activity Level 低至少 0.4，仅删除该记录
O=C(Nn1c(C2CC2)nc2ccccc2c1=O)c1ccncc1,Results_001,3301,0,0,0.75,0.75,参考化合物有效条目超过 8 条；该值比组内最高 Activity Level 低至少 0.4，仅删除该记录
O=C(Nn1c(C2CC2)nc2ccccc2c1=O)c1ccncc1,Results_001,3308,0,0,0.75,0.75,参考化合物有效条目超过 8 条；该值比组内最高 Activity Level 低至少 0.4，仅删除该记录
O=C(Nn1c(C2CC2)nc2ccccc2c1=O)c1ccncc1,Results_001,3309,0,0,0.75,0.75,参考化合物有效条目超过 8 条；该值比组内最高 Activity Level 低至少 0.4，仅删除该记录
O=C(Nn1c(C2CC2)nc2ccccc2c1=O)c1ccncc1,Results_001,3317,0,0,0.75,0.75,参考化合物有效条目超过 8 条；该值比组内最高 Activity Level 低至少 0.4，仅删除该记录
O=C(Nn1c(C2CC2)nc2ccccc2c1=O)c1ccncc1,Results_001,3318,0,0,0.75,0.75,参考化合物有效条目超过 8 条；该值比组内最高 Activity Level 低至少 0.4，仅删除该记录
CCCCCCCCCCCCCCCc1nnc(-c2ccncc2)o1,Results_002,261,0.6,0.6,1,0.4,参考化合物有效条目超过 8 条；该值比组内最高 Activity Level 低至少 0.4，仅删除该记录
CCCCCCCCCCCCCCCc1nnc(-c2ccncc2)o1,Results_002,16469,0.6,0.6,1,0.4,参考化合物有效条目超过 8 条；该值比组内最高 Activity Level 低至少 0.4，仅删除该记录
Cc1ncc([N+](=O)[O-])n1CCO,Results_001,3424,0,0,0.5,0.5,参考化合物有效条目超过 8 条；该值比组内最高 Activity Level 低至少 0.4，仅删除该记录
Cc1ncc([N+](=O)[O-])n1CCO,Results_001,7066,0,0,0.5,0.5,参考化合物有效条目超过 8 条；该值比组内最高 Activity Level 低至少 0.4，仅删除该记录
Cc1ncc([N+](=O)[O-])n1CCO,Results_001,16527,0,0,0.5,0.5,参考化合物有效条目超过 8 条；该值比组内最高 Activity Level 低至少 0.4，仅删除该记录
Cc1ncc([N+](=O)[O-])n1CCO,Results_001,16528,0.1,0,0.5,0.5,参考化合物有效条目超过 8 条；该值比组内最高 Activity Level 低至少 0.4，仅删除该记录
Cc1ncc([N+](=O)[O-])n1CCO,Results_001,18670,0,0,0.5,0.5,参考化合物有效条目超过 8 条；该值比组内最高 Activity Level 低至少 0.4，仅删除该记录
Cc1ncc([N+](=O)[O-])n1CCO,Results_002,12881,0,0,0.5,0.5,参考化合物有效条目超过 8 条；该值比组内最高 Activity Level 低至少 0.4，仅删除该记录
Cc1ncc([N+](=O)[O-])n1CCO,Results_002,12882,0,0,0.5,0.5,参考化合物有效条目超过 8 条；该值比组内最高 Activity Level 低至少 0.4，仅删除该记录
Cc1ncc([N+](=O)[O-])n1CCO,Results_002,17521,0,0,0.5,0.5,参考化合物有效条目超过 8 条；该值比组内最高 Activity Level 低至少 0.4，仅删除该记录
Cc1ncc([N+](=O)[O-])n1CCO,Results_002,17522,0,0,0.5,0.5,参考化合物有效条目超过 8 条；该值比组内最高 Activity Level 低至少 0.4，仅删除该记录
Cc1ncc([N+](=O)[O-])n1CCO,Results_003,13228,0,0,0.5,0.5,参考化合物有效条目超过 8 条；该值比组内最高 Activity Level 低至少 0.4，仅删除该记录
Cc1ncc([N+](=O)[O-])n1CCO,Results_004,7172,0,0,0.5,0.5,参考化合物有效条目超过 8 条；该值比组内最高 Activity Level 低至少 0.4，仅删除该记录
Cc1ncc([N+](=O)[O-])n1CCO,Results_004,11518,0,0,0.5,0.5,参考化合物有效条目超过 8 条；该值比组内最高 Activity Level 低至少 0.4，仅删除该记录
Cc1ncc([N+](=O)[O-])n1CCO,Results_004,13760,0,0,0.5,0.5,参考化合物有效条目超过 8 条；该值比组内最高 Activity Level 低至少 0.4，仅删除该记录
Cc1ncc([N+](=O)[O-])n1CCO,Results_005,3121,0,0,0.5,0.5,参考化合物有效条目超过 8 条；该值比组内最高 Activity Level 低至少 0.4，仅删除该记录
Cc1ncc([N+](=O)[O-])n1CCO,Results_005,7899,0.1,0,0.5,0.5,参考化合物有效条目超过 8 条；该值比组内最高 Activity Level 低至少 0.4，仅删除该记录
Cc1ncc([N+](=O)[O-])n1CCO,Results_005,8225,0,0,0.5,0.5,参考化合物有效条目超过 8 条；该值比组内最高 Activity Level 低至少 0.4，仅删除该记录
Cc1ncc([N+](=O)[O-])n1CCO,Results_005,8226,0,0,0.5,0.5,参考化合物有效条目超过 8 条；该值比组内最高 Activity Level 低至少 0.4，仅删除该记录
Cc1ncc([N+](=O)[O-])n1CCO,Results_005,8227,0,0,0.5,0.5,参考化合物有效条目超过 8 条；该值比组内最高 Activity Level 低至少 0.4，仅删除该记录
Cc1ncc([N+](=O)[O-])n1CCO,Results_005,8228,0,0,0.5,0.5,参考化合物有效条目超过 8 条；该值比组内最高 Activity Level 低至少 0.4，仅删除该记录
Cc1ncc([N+](=O)[O-])n1CCO,Results_005,8229,0,0,0.5,0.5,参考化合物有效条目超过 8 条；该值比组内最高 Activity Level 低至少 0.4，仅删除该记录
Cc1ncc([N+](=O)[O-])n1CCO,Results_005,8230,0,0,0.5,0.5,参考化合物有效条目超过 8 条；该值比组内最高 Activity Level 低至少 0.4，仅删除该记录
Cc1ncc([N+](=O)[O-])n1CCO,Results_005,8231,0,0,0.5,0.5,参考化合物有效条目超过 8 条；该值比组内最高 Activity Level 低至少 0.4，仅删除该记录
Cc1ncc([N+](=O)[O-])n1CCO,Results_005,8232,0,0,0.5,0.5,参考化合物有效条目超过 8 条；该值比组内最高 Activity Level 低至少 0.4，仅删除该记录
Cc1ncc([N+](=O)[O-])n1CCO,Results_005,8233,0,0,0.5,0.5,参考化合物有效条目超过 8 条；该值比组内最高 Activity Level 低至少 0.4，仅删除该记录
Cc1ncc([N+](=O)[O-])n1CCO,Results_005,8234,0,0,0.5,0.5,参考化合物有效条目超过 8 条；该值比组内最高 Activity Level 低至少 0.4，仅删除该记录
Cc1ncc([N+](=O)[O-])n1CCO,Results_005,8235,0,0,0.5,0.5,参考化合物有效条目超过 8 条；该值比组内最高 Activity Level 低至少 0.4，仅删除该记录
Cc1ncc([N+](=O)[O-])n1CCO,Results_005,8236,0,0,0.5,0.5,参考化合物有效条目超过 8 条；该值比组内最高 Activity Level 低至少 0.4，仅删除该记录
Cc1ncc([N+](=O)[O-])n1CCO,Results_005,8237,0,0,0.5,0.5,参考化合物有效条目超过 8 条；该值比组内最高 Activity Level 低至少 0.4，仅删除该记录
Cc1ncc([N+](=O)[O-])n1CCO,Results_005,8238,0,0,0.5,0.5,参考化合物有效条目超过 8 条；该值比组内最高 Activity Level 低至少 0.4，仅删除该记录
Cc1ncc([N+](=O)[O-])n1CCO,Results_005,8239,0,0,0.5,0.5,参考化合物有效条目超过 8 条；该值比组内最高 Activity Level 低至少 0.4，仅删除该记录
Cc1ncc([N+](=O)[O-])n1CCO,Results_005,8445,0,0,0.5,0.5,参考化合物有效条目超过 8 条；该值比组内最高 Activity Level 低至少 0.4，仅删除该记录
Cc1ncc([N+](=O)[O-])n1CCO,Results_005,14542,0,0,0.5,0.5,参考化合物有效条目超过 8 条；该值比组内最高 Activity Level 低至少 0.4，仅删除该记录
Cc1ncc([N+](=O)[O-])n1CCO,Results_005,14701,0,0,0.5,0.5,参考化合物有效条目超过 8 条；该值比组内最高 Activity Level 低至少 0.4，仅删除该记录
Cc1ncc([N+](=O)[O-])n1CCO,Results_005,15058,0,0,0.5,0.5,参考化合物有效条目超过 8 条；该值比组内最高 Activity Level 低至少 0.4，仅删除该记录
Cc1ncc([N+](=O)[O-])n1CCO,Results_005,18463,0.1,0,0.5,0.5,参考化合物有效条目超过 8 条；该值比组内最高 Activity Level 低至少 0.4，仅删除该记录
Cc1ncc([N+](=O)[O-])n1CCO,Results_005,18464,0.1,0,0.5,0.5,参考化合物有效条目超过 8 条；该值比组内最高 Activity Level 低至少 0.4，仅删除该记录
Cc1ncc([N+](=O)[O-])n1CCO,Results_005,18465,0.1,0,0.5,0.5,参考化合物有效条目超过 8 条；该值比组内最高 Activity Level 低至少 0.4，仅删除该记录
Cc1ncc([N+](=O)[O-])n1CCO,Results_005,18466,0.1,0,0.5,0.5,参考化合物有效条目超过 8 条；该值比组内最高 Activity Level 低至少 0.4，仅删除该记录
Cc1ncc([N+](=O)[O-])n1CCO,Results_005,18467,0.1,0,0.5,0.5,参考化合物有效条目超过 8 条；该值比组内最高 Activity Level 低至少 0.4，仅删除该记录
Cc1ncc([N+](=O)[O-])n1CCO,Results_005,18468,0.1,0,0.5,0.5,参考化合物有效条目超过 8 条；该值比组内最高 Activity Level 低至少 0.4，仅删除该记录
Cc1ncc([N+](=O)[O-])n1CCO,Results_006,1574,0,0,0.5,0.5,参考化合物有效条目超过 8 条；该值比组内最高 Activity Level 低至少 0.4，仅删除该记录
Cc1ncc([N+](=O)[O-])n1CCO,Results_006,4024,0,0,0.5,0.5,参考化合物有效条目超过 8 条；该值比组内最高 Activity Level 低至少 0.4，仅删除该记录
Cc1ncc([N+](=O)[O-])n1CCO,Results_006,4026,0,0,0.5,0.5,参考化合物有效条目超过 8 条；该值比组内最高 Activity Level 低至少 0.4，仅删除该记录
Cc1ncc([N+](=O)[O-])n1CCO,Results_006,4028,0,0,0.5,0.5,参考化合物有效条目超过 8 条；该值比组内最高 Activity Level 低至少 0.4，仅删除该记录
Cc1ncc([N+](=O)[O-])n1CCO,Results_006,4030,0,0,0.5,0.5,参考化合物有效条目超过 8 条；该值比组内最高 Activity Level 低至少 0.4，仅删除该记录
CNC(=O)c1c(-c2ccc(O)cc2)oc2ccc(O)c(CN3CCCCC3)c12,Results_004,13228,0.6,0.1,1,0.9,参考化合物有效条目超过 8 条；该值比组内最高 Activity Level 低至少 0.4，仅删除该记录
CNC(=O)c1c(-c2ccc(O)cc2)oc2ccc(O)c(CN3CCCCC3)c12,Results_004,13229,0.1,0.1,1,0.9,参考化合物有效条目超过 8 条；该值比组内最高 Activity Level 低至少 0.4，仅删除该记录
CNC(=O)c1c(-c2ccc(O)cc2)oc2ccc(O)c(CN3CCCCC3)c12,Results_004,13230,0.1,0.1,1,0.9,参考化合物有效条目超过 8 条；该值比组内最高 Activity Level 低至少 0.4，仅删除该记录
CNC(=O)c1c(-c2ccc(O)cc2)oc2ccc(O)c(CN3CCCCC3)c12,Results_004,13231,0.6,0.1,1,0.9,参考化合物有效条目超过 8 条；该值比组内最高 Activity Level 低至少 0.4，仅删除该记录
COc1ccc(C=C2SC(NCC(=O)NC3=NC(=O)C(=Cc4ccc(OC)cc4)S3)=NC2=O)cc1,Results_001,3446,0.2,0.2,0.8,0.6,普通化合物当前有效条目=3，跨度≥0.6；中位数=0.6，左侧=1，右侧=1；两侧数量相同，删除距中位数更远的极端值；等距时删除低值
COc1ccc(C=c2sc3n(c2=O)CN(C2=NS(=O)(=O)c4ccccc42)CN=3)cc1,Results_001,3457,0.2,0.2,0.8,0.6,普通化合物当前有效条目=2，跨度≥0.6；中位数=0.5，左侧=1，右侧=1；剩余两条评分跨度达到0.6，保留高值
NS(=O)(=O)c1ccc(N2CN=c3sc(=Cc4ccccc4)c(=O)n3C2)cc1,Results_001,3463,0.2,0.2,0.8,0.6,普通化合物当前有效条目=3，跨度≥0.6；中位数=0.6，左侧=1，右侧=1；两侧数量相同，删除距中位数更远的极端值；等距时删除低值
CCOC(=O)Cc1csc(N2C(=O)CSC2c2ccc(OC)cc2)n1,Results_001,3480,0.2,0.2,1,0.8,普通化合物当前有效条目=3，跨度≥0.6；中位数=0.8，左侧=1，右侧=1；两侧数量相同，删除距中位数更远的极端值；等距时删除低值
CCOC(=O)Cc1csc(N2C(=O)CSC2c2cccc(OC)c2O)n1,Results_001,3489,0,0,0.8,0.8,普通化合物当前有效条目=3，跨度≥0.6；中位数=0.4，左侧=1，右侧=1；两侧数量相同，删除距中位数更远的极端值；等距时删除低值
CCOC(=O)Cc1csc(N2C(=O)CSC2c2ccc(OC)c(OC)c2OC)n1,Results_001,3493,0.6,0,0.6,0.6,普通化合物当前有效条目=3，跨度≥0.6；中位数=0.1，左侧=1，右侧=1；两侧数量相同，删除距中位数更远的极端值；等距时删除低值
CCOC(=O)Cc1csc(N2C(=O)CSC2c2ccc(OC)c(OC)c2)n1,Results_001,3501,0,0,0.8,0.8,普通化合物当前有效条目=3，跨度≥0.6；中位数=0.4，左侧=1，右侧=1；两侧数量相同，删除距中位数更远的极端值；等距时删除低值
CCOC(=O)Cc1csc(N2C(=O)CSC2c2cccc(Br)c2)n1,Results_001,3502,0.8,0,0.8,0.8,普通化合物当前有效条目=3，跨度≥0.6；中位数=0.2，左侧=1，右侧=1；两侧数量相同，删除距中位数更远的极端值；等距时删除低值
CCOC(=O)Cc1csc(N2C(=O)CSC2c2ccc(C)cc2)n1,Results_001,3505,0.6,0,0.6,0.6,普通化合物当前有效条目=3，跨度≥0.6；中位数=0，左侧=0，右侧=1；中位数左侧为空，删除右侧最高值
CCOC(=O)Cc1csc(N2C(=O)CSC2c2ccc(O)cc2)n1,Results_001,3508,0.8,0,0.8,0.8,普通化合物当前有效条目=3，跨度≥0.6；中位数=0.1，左侧=1，右侧=1；两侧数量相同，删除距中位数更远的极端值；等距时删除低值
CCOC(=O)Cc1csc(N2C(=O)CSC2c2ccc(Cl)cc2)n1,Results_001,3511,1,0.4,1,0.6,普通化合物当前有效条目=3，跨度≥0.6；中位数=0.6，左侧=1，右侧=1；两侧数量相同，删除距中位数更远的极端值；等距时删除低值
N#Cc1c(Br)cccc1Oc1cccc2cccnc12,Results_001,3541,0.8,0.2,0.8,0.6,普通化合物当前有效条目=3，跨度≥0.6；中位数=0.4，左侧=1，右侧=1；两侧数量相同，删除距中位数更远的极端值；等距时删除低值
COc1ccc(/C=N\NC(=O)c2ccccc2)cc1Oc1cccc(Br)c1C#N,Results_001,3547,0.6,0,0.6,0.6,普通化合物当前有效条目=3，跨度≥0.6；中位数=0.2，左侧=1，右侧=1；两侧数量相同，删除距中位数更远的极端值；等距时删除低值
COc1ccc(-c2nn(-c3ccccc3)c(N)c2C#N)cc1Oc1cccc(Br)c1C#N,Results_001,3565,0.8,0.2,0.8,0.6,普通化合物当前有效条目=3，跨度≥0.6；中位数=0.4，左侧=1，右侧=1；两侧数量相同，删除距中位数更远的极端值；等距时删除低值
CC(=O)NC[C@H]1CN(c2ccc(N3CCOCC3)c(F)c2)C(=O)O1,Results_001,3678,0.6,0.2,1,0.8,参考化合物有效条目超过 8 条；该值比组内最高 Activity Level 低至少 0.4，仅删除该记录
CC(=O)NC[C@H]1CN(c2ccc(N3CCOCC3)c(F)c2)C(=O)O1,Results_001,3679,0.6,0.2,1,0.8,参考化合物有效条目超过 8 条；该值比组内最高 Activity Level 低至少 0.4，仅删除该记录
CC(=O)NC[C@H]1CN(c2ccc(N3CCOCC3)c(F)c2)C(=O)O1,Results_001,9137,0.4,0.2,1,0.8,参考化合物有效条目超过 8 条；该值比组内最高 Activity Level 低至少 0.4，仅删除该记录
CC(=O)NC[C@H]1CN(c2ccc(N3CCOCC3)c(F)c2)C(=O)O1,Results_001,9140,0.6,0.2,1,0.8,参考化合物有效条目超过 8 条；该值比组内最高 Activity Level 低至少 0.4，仅删除该记录
CC(=O)NC[C@H]1CN(c2ccc(N3CCOCC3)c(F)c2)C(=O)O1,Results_003,6395,0.6,0.2,1,0.8,参考化合物有效条目超过 8 条；该值比组内最高 Activity Level 低至少 0.4，仅删除该记录
CC(=O)NC[C@H]1CN(c2ccc(N3CCOCC3)c(F)c2)C(=O)O1,Results_003,11542,0.6,0.2,1,0.8,参考化合物有效条目超过 8 条；该值比组内最高 Activity Level 低至少 0.4，仅删除该记录
CC(=O)NC[C@H]1CN(c2ccc(N3CCOCC3)c(F)c2)C(=O)O1,Results_003,11544,0.6,0.2,1,0.8,参考化合物有效条目超过 8 条；该值比组内最高 Activity Level 低至少 0.4，仅删除该记录
CC(=O)NC[C@H]1CN(c2ccc(N3CCOCC3)c(F)c2)C(=O)O1,Results_003,11546,0.6,0.2,1,0.8,参考化合物有效条目超过 8 条；该值比组内最高 Activity Level 低至少 0.4，仅删除该记录
CC(=O)NC[C@H]1CN(c2ccc(N3CCOCC3)c(F)c2)C(=O)O1,Results_003,11556,0.6,0.2,1,0.8,参考化合物有效条目超过 8 条；该值比组内最高 Activity Level 低至少 0.4，仅删除该记录
CC(=O)NC[C@H]1CN(c2ccc(N3CCOCC3)c(F)c2)C(=O)O1,Results_003,11560,0.4,0.2,1,0.8,参考化合物有效条目超过 8 条；该值比组内最高 Activity Level 低至少 0.4，仅删除该记录
CC(=O)NC[C@H]1CN(c2ccc(N3CCOCC3)c(F)c2)C(=O)O1,Results_003,11562,0.6,0.2,1,0.8,参考化合物有效条目超过 8 条；该值比组内最高 Activity Level 低至少 0.4，仅删除该记录
CC(=O)NC[C@H]1CN(c2ccc(N3CCOCC3)c(F)c2)C(=O)O1,Results_004,12885,0.6,0.2,1,0.8,参考化合物有效条目超过 8 条；该值比组内最高 Activity Level 低至少 0.4，仅删除该记录
CC(=O)NC[C@H]1CN(c2ccc(N3CCOCC3)c(F)c2)C(=O)O1,Results_005,3929,0.4,0.2,1,0.8,参考化合物有效条目超过 8 条；该值比组内最高 Activity Level 低至少 0.4，仅删除该记录
CC(=O)NC[C@H]1CN(c2ccc(N3CCOCC3)c(F)c2)C(=O)O1,Results_005,10514,0.6,0.2,1,0.8,参考化合物有效条目超过 8 条；该值比组内最高 Activity Level 低至少 0.4，仅删除该记录
CC(=O)NC[C@H]1CN(c2ccc(N3CCOCC3)c(F)c2)C(=O)O1,Results_005,13628,0.2,0.2,1,0.8,参考化合物有效条目超过 8 条；该值比组内最高 Activity Level 低至少 0.4，仅删除该记录
CC(=O)NC[C@H]1CN(c2ccc(N3CCOCC3)c(F)c2)C(=O)O1,Results_005,13629,0.4,0.2,1,0.8,参考化合物有效条目超过 8 条；该值比组内最高 Activity Level 低至少 0.4，仅删除该记录
CC(=O)NC[C@H]1CN(c2ccc(N3CCOCC3)c(F)c2)C(=O)O1,Results_005,13636,0.2,0.2,1,0.8,参考化合物有效条目超过 8 条；该值比组内最高 Activity Level 低至少 0.4，仅删除该记录
CC(=O)NC[C@H]1CN(c2ccc(N3CCOCC3)c(F)c2)C(=O)O1,Results_005,13638,0.4,0.2,1,0.8,参考化合物有效条目超过 8 条；该值比组内最高 Activity Level 低至少 0.4，仅删除该记录
CC(=O)NC[C@H]1CN(c2ccc(N3CCOCC3)c(F)c2)C(=O)O1,Results_006,1180,0.6,0.2,1,0.8,参考化合物有效条目超过 8 条；该值比组内最高 Activity Level 低至少 0.4，仅删除该记录
CC(=O)NC[C@H]1CN(c2ccc(N3CCOCC3)c(F)c2)C(=O)O1,Results_006,1181,0.6,0.2,1,0.8,参考化合物有效条目超过 8 条；该值比组内最高 Activity Level 低至少 0.4，仅删除该记录
CC(=O)NC[C@H]1CN(c2ccc(N3CCOCC3)c(F)c2)C(=O)O1,Results_006,1183,0.6,0.2,1,0.8,参考化合物有效条目超过 8 条；该值比组内最高 Activity Level 低至少 0.4，仅删除该记录
CC(=O)NC[C@H]1CN(c2ccc(N3CCOCC3)c(F)c2)C(=O)O1,Results_006,1184,0.6,0.2,1,0.8,参考化合物有效条目超过 8 条；该值比组内最高 Activity Level 低至少 0.4，仅删除该记录
CC(=O)NC[C@H]1CN(c2ccc(N3CCOCC3)c(F)c2)C(=O)O1,Results_006,1185,0.6,0.2,1,0.8,参考化合物有效条目超过 8 条；该值比组内最高 Activity Level 低至少 0.4，仅删除该记录
CC(=O)NC[C@H]1CN(c2ccc(N3CCOCC3)c(F)c2)C(=O)O1,Results_006,1186,0.6,0.2,1,0.8,参考化合物有效条目超过 8 条；该值比组内最高 Activity Level 低至少 0.4，仅删除该记录
CC(=O)NC[C@H]1CN(c2ccc(N3CCOCC3)c(F)c2)C(=O)O1,Results_006,2566,0.6,0.2,1,0.8,参考化合物有效条目超过 8 条；该值比组内最高 Activity Level 低至少 0.4，仅删除该记录
CC(=O)NC[C@H]1CN(c2ccc(N3CCOCC3)c(F)c2)C(=O)O1,Results_006,3249,0.6,0.2,1,0.8,参考化合物有效条目超过 8 条；该值比组内最高 Activity Level 低至少 0.4，仅删除该记录
CC(=O)NC[C@H]1CN(c2ccc(N3CCOCC3)c(F)c2)C(=O)O1,Results_006,3250,0.6,0.2,1,0.8,参考化合物有效条目超过 8 条；该值比组内最高 Activity Level 低至少 0.4，仅删除该记录
COc1nc2ccc(Br)cc2cc1[C@@H](c1ccccc1)[C@](CCN(C)C)(OC)c1cccc2ccccc12,Results_001,15311,0.25,0.1,1,0.9,参考化合物有效条目超过 8 条；该值比组内最高 Activity Level 低至少 0.4，仅删除该记录
COc1nc2ccc(Br)cc2cc1[C@@H](c1ccccc1)[C@](CCN(C)C)(OC)c1cccc2ccccc12,Results_003,9488,0.6,0.1,1,0.9,参考化合物有效条目超过 8 条；该值比组内最高 Activity Level 低至少 0.4，仅删除该记录
COc1nc2ccc(Br)cc2cc1[C@@H](c1ccccc1)[C@](CCN(C)C)(OC)c1cccc2ccccc12,Results_005,11428,0.1,0.1,1,0.9,参考化合物有效条目超过 8 条；该值比组内最高 Activity Level 低至少 0.4，仅删除该记录
COc1nc2ccc(Br)cc2cc1[C@@H](c1ccccc1)[C@](CCN(C)C)(OC)c1cccc2ccccc12,Results_005,13394,0.1,0.1,1,0.9,参考化合物有效条目超过 8 条；该值比组内最高 Activity Level 低至少 0.4，仅删除该记录
CCOC(=O)c1c(N)sc2c1CCCC2,Results_004,9671,1,0,1,1,普通化合物当前有效条目=3，跨度≥0.6；中位数=0.2，左侧=1，右侧=1；两侧数量相同，删除距中位数更远的极端值；等距时删除低值
Cc1ccc(-n2cc(C=O)nn2)cc1,Results_001,14801,0.2,0.2,1,0.8,普通化合物当前有效条目=2，跨度≥0.6；中位数=0.6，左侧=1，右侧=1；剩余两条评分跨度达到0.6，保留高值
FC(F)c1cn(-c2cccc(Cl)c2)nn1,Results_001,14832,0,0,0.6,0.6,普通化合物当前有效条目=2，跨度≥0.6；中位数=0.3，左侧=1，右侧=1；剩余两条评分跨度达到0.6，保留高值
COc1ccc(Cn2cnc3c(-c4ccco4)ncnc32)cc1,Results_001,4335,0.1,0.1,1,0.9,普通化合物当前有效条目=8，跨度≥0.6；中位数=0.8，左侧=1，右侧=3；删除记录数较少一侧的最外侧值
COc1ccc(Cn2cnc3c(-c4ccco4)nc(Cl)nc32)cc1,Results_001,4338,0.1,0.1,1,0.9,参考化合物有效条目超过 8 条；该值比组内最高 Activity Level 低至少 0.4，仅删除该记录
[N-]=[N+]=Nc1ccnc2cc(Cl)ccc12,Results_001,4243,0,0,0.6,0.6,普通化合物当前有效条目=4，跨度≥0.6；中位数=0.6，左侧=1，右侧=0；中位数右侧为空，删除左侧最低值
COc1ccc(Cn2nnc3c(-c4ccco4)ncnc32)cc1,Results_001,4352,0.1,0.1,0.8,0.7,普通化合物当前有效条目=2，跨度≥0.6；中位数=0.45，左侧=1，右侧=1；剩余两条评分跨度达到0.6，保留高值
COc1ccc(Cn2ncc3c(-c4ccco4)ncnc32)cc1,Results_001,4354,0.1,0.1,0.8,0.7,普通化合物当前有效条目=2，跨度≥0.6；中位数=0.45，左侧=1，右侧=1；剩余两条评分跨度达到0.6，保留高值
COc1ccc(Cn2ccc3c(-c4ccco4)ncnc32)cc1,Results_001,4356,0.1,0.1,1,0.9,普通化合物当前有效条目=8，跨度≥0.6；中位数=1，左侧=1，右侧=0；中位数右侧为空，删除左侧最低值
COc1ccc(Cn2ccc3c(-c4cccs4)ncnc32)cc1,Results_001,4363,0.4,0.4,1,0.6,普通化合物当前有效条目=7，跨度≥0.6；中位数=1，左侧=1，右侧=0；中位数右侧为空，删除左侧最低值
COc1ccc(Cn2ccc3c(-c4ccco4)nc(Cl)nc32)cc1,Results_001,4370,0.1,0.1,1,0.9,普通化合物当前有效条目=8，跨度≥0.6；中位数=1，左侧=1，右侧=0；中位数右侧为空，删除左侧最低值
COc1ccc(Cn2ccc3c(-c4cccs4)nc(Cl)nc32)cc1,Results_001,4377,0.2,0.2,1,0.8,普通化合物当前有效条目=7，跨度≥0.6；中位数=1，左侧=1，右侧=0；中位数右侧为空，删除左侧最低值
COc1ccc(Cn2ccc3c(-c4ccco4)nc(OC)nc32)cc1,Results_001,4384,0.2,0.2,1,0.8,普通化合物当前有效条目=7，跨度≥0.6；中位数=1，左侧=1，右侧=0；中位数右侧为空，删除左侧最低值
O=[N+]([O-])c1cn2c(n1)OC[C@@H](OCc1ccc(OC(F)(F)F)cc1)C2,Results_004,17118,0.2,0,1,1,参考化合物有效条目超过 8 条；该值比组内最高 Activity Level 低至少 0.4，仅删除该记录
O=[N+]([O-])c1cn2c(n1)OC[C@@H](OCc1ccc(OC(F)(F)F)cc1)C2,Results_004,17119,0.2,0,1,1,参考化合物有效条目超过 8 条；该值比组内最高 Activity Level 低至少 0.4，仅删除该记录
O=[N+]([O-])c1cn2c(n1)OC[C@@H](OCc1ccc(OC(F)(F)F)cc1)C2,Results_004,17120,0.2,0,1,1,参考化合物有效条目超过 8 条；该值比组内最高 Activity Level 低至少 0.4，仅删除该记录
O=[N+]([O-])c1cn2c(n1)OC[C@@H](OCc1ccc(OC(F)(F)F)cc1)C2,Results_005,1923,0.2,0,1,1,参考化合物有效条目超过 8 条；该值比组内最高 Activity Level 低至少 0.4，仅删除该记录
O=[N+]([O-])c1cn2c(n1)OC[C@@H](OCc1ccc(OC(F)(F)F)cc1)C2,Results_005,2132,0,0,1,1,参考化合物有效条目超过 8 条；该值比组内最高 Activity Level 低至少 0.4，仅删除该记录
O=[N+]([O-])c1cn2c(n1)OC[C@@H](OCc1ccc(OC(F)(F)F)cc1)C2,Results_005,2133,0.1,0,1,1,参考化合物有效条目超过 8 条；该值比组内最高 Activity Level 低至少 0.4，仅删除该记录
O=[N+]([O-])c1cn2c(n1)OC[C@@H](OCc1ccc(OC(F)(F)F)cc1)C2,Results_005,2134,0.1,0,1,1,参考化合物有效条目超过 8 条；该值比组内最高 Activity Level 低至少 0.4，仅删除该记录
O=[N+]([O-])c1cn2c(n1)OC[C@@H](OCc1ccc(OC(F)(F)F)cc1)C2,Results_005,4293,0.6,0,1,1,参考化合物有效条目超过 8 条；该值比组内最高 Activity Level 低至少 0.4，仅删除该记录
O=[N+]([O-])c1cn2c(n1)OC[C@@H](OCc1ccc(OC(F)(F)F)cc1)C2,Results_005,7243,0.25,0,1,1,参考化合物有效条目超过 8 条；该值比组内最高 Activity Level 低至少 0.4，仅删除该记录
O=[N+]([O-])c1cn2c(n1)OC[C@@H](OCc1ccc(OC(F)(F)F)cc1)C2,Results_005,14263,0.5,0,1,1,参考化合物有效条目超过 8 条；该值比组内最高 Activity Level 低至少 0.4，仅删除该记录
O=[N+]([O-])c1cn2c(n1)OC[C@@H](OCc1ccc(OC(F)(F)F)cc1)C2,Results_005,14516,0.2,0,1,1,参考化合物有效条目超过 8 条；该值比组内最高 Activity Level 低至少 0.4，仅删除该记录
O=[N+]([O-])c1cn2c(n1)OC[C@@H](OCc1ccc(OC(F)(F)F)cc1)C2,Results_005,14517,0.2,0,1,1,参考化合物有效条目超过 8 条；该值比组内最高 Activity Level 低至少 0.4，仅删除该记录
O=[N+]([O-])c1cn2c(n1)OC[C@@H](OCc1ccc(OC(F)(F)F)cc1)C2,Results_006,3425,0.2,0,1,1,参考化合物有效条目超过 8 条；该值比组内最高 Activity Level 低至少 0.4，仅删除该记录
O=[N+]([O-])c1cn2c(n1)OC[C@@H](OCc1ccc(OC(F)(F)F)cc1)C2,Results_006,3426,0.2,0,1,1,参考化合物有效条目超过 8 条；该值比组内最高 Activity Level 低至少 0.4，仅删除该记录
O=[N+]([O-])c1cn2c(n1)OC[C@@H](OCc1ccc(OC(F)(F)F)cc1)C2,Results_006,3427,0.2,0,1,1,参考化合物有效条目超过 8 条；该值比组内最高 Activity Level 低至少 0.4，仅删除该记录
O=[N+]([O-])c1cn2c(n1)OC[C@@H](OCc1ccc(OC(F)(F)F)cc1)C2,Results_006,3428,0.2,0,1,1,参考化合物有效条目超过 8 条；该值比组内最高 Activity Level 低至少 0.4，仅删除该记录
O=[N+]([O-])c1cn2c(n1)OC[C@@H](OCc1ccc(OC(F)(F)F)cc1)C2,Results_006,3429,0.2,0,1,1,参考化合物有效条目超过 8 条；该值比组内最高 Activity Level 低至少 0.4，仅删除该记录
O=[N+]([O-])c1cn2c(n1)OC[C@@H](OCc1ccc(OC(F)(F)F)cc1)C2,Results_006,3430,0.2,0,1,1,参考化合物有效条目超过 8 条；该值比组内最高 Activity Level 低至少 0.4，仅删除该记录
O=[N+]([O-])c1cn2c(n1)OC[C@@H](OCc1ccc(OC(F)(F)F)cc1)C2,Results_006,3431,0.2,0,1,1,参考化合物有效条目超过 8 条；该值比组内最高 Activity Level 低至少 0.4，仅删除该记录
O=[N+]([O-])c1cn2c(n1)OC[C@@H](OCc1ccc(OC(F)(F)F)cc1)C2,Results_006,3432,0.2,0,1,1,参考化合物有效条目超过 8 条；该值比组内最高 Activity Level 低至少 0.4，仅删除该记录
O=[N+]([O-])c1cn2c(n1)OC[C@@H](OCc1ccc(OC(F)(F)F)cc1)C2,Results_006,3433,0.2,0,1,1,参考化合物有效条目超过 8 条；该值比组内最高 Activity Level 低至少 0.4，仅删除该记录
O=[N+]([O-])c1cn2c(n1)OC[C@@H](OCc1ccc(OC(F)(F)F)cc1)C2,Results_006,3434,0.4,0,1,1,参考化合物有效条目超过 8 条；该值比组内最高 Activity Level 低至少 0.4，仅删除该记录
O=[N+]([O-])c1cn2c(n1)OC[C@@H](OCc1ccc(OC(F)(F)F)cc1)C2,Results_006,3435,0.4,0,1,1,参考化合物有效条目超过 8 条；该值比组内最高 Activity Level 低至少 0.4，仅删除该记录
O=[N+]([O-])c1cn2c(n1)OC[C@@H](OCc1ccc(OC(F)(F)F)cc1)C2,Results_006,3436,0.2,0,1,1,参考化合物有效条目超过 8 条；该值比组内最高 Activity Level 低至少 0.4，仅删除该记录
O=[N+]([O-])c1cn2c(n1)OC[C@@H](OCc1ccc(OC(F)(F)F)cc1)C2,Results_006,3437,0.2,0,1,1,参考化合物有效条目超过 8 条；该值比组内最高 Activity Level 低至少 0.4，仅删除该记录
O=[N+]([O-])c1cn2c(n1)OC[C@@H](OCc1ccc(OC(F)(F)F)cc1)C2,Results_006,3438,0.2,0,1,1,参考化合物有效条目超过 8 条；该值比组内最高 Activity Level 低至少 0.4，仅删除该记录
O=[N+]([O-])c1cn2c(n1)OC[C@@H](OCc1ccc(OC(F)(F)F)cc1)C2,Results_006,3439,0.2,0,1,1,参考化合物有效条目超过 8 条；该值比组内最高 Activity Level 低至少 0.4，仅删除该记录
O=[N+]([O-])c1cn2c(n1)OC[C@@H](OCc1ccc(OC(F)(F)F)cc1)C2,Results_006,3440,0.2,0,1,1,参考化合物有效条目超过 8 条；该值比组内最高 Activity Level 低至少 0.4，仅删除该记录
O=[N+]([O-])c1cn2c(n1)OC[C@@H](OCc1ccc(OC(F)(F)F)cc1)C2,Results_006,3441,0.2,0,1,1,参考化合物有效条目超过 8 条；该值比组内最高 Activity Level 低至少 0.4，仅删除该记录
O=[N+]([O-])c1cn2c(n1)OC[C@@H](OCc1ccc(OC(F)(F)F)cc1)C2,Results_006,3442,0.2,0,1,1,参考化合物有效条目超过 8 条；该值比组内最高 Activity Level 低至少 0.4，仅删除该记录
O=[N+]([O-])c1cn2c(n1)OC[C@@H](OCc1ccc(OC(F)(F)F)cc1)C2,Results_006,3443,0.2,0,1,1,参考化合物有效条目超过 8 条；该值比组内最高 Activity Level 低至少 0.4，仅删除该记录
O=[N+]([O-])c1cn2c(n1)OC[C@@H](OCc1ccc(OC(F)(F)F)cc1)C2,Results_006,3444,0.2,0,1,1,参考化合物有效条目超过 8 条；该值比组内最高 Activity Level 低至少 0.4，仅删除该记录
O=[N+]([O-])c1cn2c(n1)OC[C@@H](OCc1ccc(OC(F)(F)F)cc1)C2,Results_006,3445,0.2,0,1,1,参考化合物有效条目超过 8 条；该值比组内最高 Activity Level 低至少 0.4，仅删除该记录
O=[N+]([O-])c1cn2c(n1)OC[C@@H](OCc1ccc(OC(F)(F)F)cc1)C2,Results_006,3446,0.2,0,1,1,参考化合物有效条目超过 8 条；该值比组内最高 Activity Level 低至少 0.4，仅删除该记录
O=[N+]([O-])c1cn2c(n1)OC[C@@H](OCc1ccc(OC(F)(F)F)cc1)C2,Results_006,3447,0.2,0,1,1,参考化合物有效条目超过 8 条；该值比组内最高 Activity Level 低至少 0.4，仅删除该记录
O=[N+]([O-])c1cn2c(n1)OC[C@@H](OCc1ccc(OC(F)(F)F)cc1)C2,Results_006,3448,0.2,0,1,1,参考化合物有效条目超过 8 条；该值比组内最高 Activity Level 低至少 0.4，仅删除该记录
O=[N+]([O-])c1cn2c(n1)OC[C@@H](OCc1ccc(OC(F)(F)F)cc1)C2,Results_006,3449,0.2,0,1,1,参考化合物有效条目超过 8 条；该值比组内最高 Activity Level 低至少 0.4，仅删除该记录
O=[N+]([O-])c1cn2c(n1)OC[C@@H](OCc1ccc(OC(F)(F)F)cc1)C2,Results_006,3450,0.2,0,1,1,参考化合物有效条目超过 8 条；该值比组内最高 Activity Level 低至少 0.4，仅删除该记录
O=[N+]([O-])c1cn2c(n1)OC[C@@H](OCc1ccc(OC(F)(F)F)cc1)C2,Results_006,3451,0.2,0,1,1,参考化合物有效条目超过 8 条；该值比组内最高 Activity Level 低至少 0.4，仅删除该记录
O=[N+]([O-])c1cn2c(n1)OC[C@@H](OCc1ccc(OC(F)(F)F)cc1)C2,Results_006,3452,0.2,0,1,1,参考化合物有效条目超过 8 条；该值比组内最高 Activity Level 低至少 0.4，仅删除该记录
O=[N+]([O-])c1cn2c(n1)OC[C@@H](OCc1ccc(OC(F)(F)F)cc1)C2,Results_006,3453,0.2,0,1,1,参考化合物有效条目超过 8 条；该值比组内最高 Activity Level 低至少 0.4，仅删除该记录
O=[N+]([O-])c1cn2c(n1)OC[C@@H](OCc1ccc(OC(F)(F)F)cc1)C2,Results_006,3454,0.2,0,1,1,参考化合物有效条目超过 8 条；该值比组内最高 Activity Level 低至少 0.4，仅删除该记录
O=[N+]([O-])c1cn2c(n1)OC[C@@H](OCc1ccc(OC(F)(F)F)cc1)C2,Results_006,3455,0.2,0,1,1,参考化合物有效条目超过 8 条；该值比组内最高 Activity Level 低至少 0.4，仅删除该记录
O=[N+]([O-])c1cn2c(n1)OC[C@@H](OCc1ccc(OC(F)(F)F)cc1)C2,Results_006,3456,0.2,0,1,1,参考化合物有效条目超过 8 条；该值比组内最高 Activity Level 低至少 0.4，仅删除该记录
O=[N+]([O-])c1cn2c(n1)OC[C@@H](OCc1ccc(OC(F)(F)F)cc1)C2,Results_006,3457,0.2,0,1,1,参考化合物有效条目超过 8 条；该值比组内最高 Activity Level 低至少 0.4，仅删除该记录
O=[N+]([O-])c1cn2c(n1)OC[C@@H](OCc1ccc(OC(F)(F)F)cc1)C2,Results_006,3458,0.2,0,1,1,参考化合物有效条目超过 8 条；该值比组内最高 Activity Level 低至少 0.4，仅删除该记录
Cc1cc(NS(=O)(=O)c2ccc(N)cc2)no1,Results_001,4459,0.2,0,1,1,参考化合物有效条目超过 8 条；该值比组内最高 Activity Level 低至少 0.4，仅删除该记录
Cc1cc(NS(=O)(=O)c2ccc(N)cc2)no1,Results_001,18613,0.6,0,1,1,参考化合物有效条目超过 8 条；该值比组内最高 Activity Level 低至少 0.4，仅删除该记录
Cc1cc(NS(=O)(=O)c2ccc(N)cc2)no1,Results_001,18940,0.2,0,1,1,参考化合物有效条目超过 8 条；该值比组内最高 Activity Level 低至少 0.4，仅删除该记录
Cc1cc(NS(=O)(=O)c2ccc(N)cc2)no1,Results_001,18943,0.2,0,1,1,参考化合物有效条目超过 8 条；该值比组内最高 Activity Level 低至少 0.4，仅删除该记录
Cc1cc(NS(=O)(=O)c2ccc(N)cc2)no1,Results_001,18944,0.2,0,1,1,参考化合物有效条目超过 8 条；该值比组内最高 Activity Level 低至少 0.4，仅删除该记录
Cc1cc(NS(=O)(=O)c2ccc(N)cc2)no1,Results_003,3931,0.2,0,1,1,参考化合物有效条目超过 8 条；该值比组内最高 Activity Level 低至少 0.4，仅删除该记录
Cc1cc(NS(=O)(=O)c2ccc(N)cc2)no1,Results_003,13059,0.6,0,1,1,参考化合物有效条目超过 8 条；该值比组内最高 Activity Level 低至少 0.4，仅删除该记录
Cc1cc(NS(=O)(=O)c2ccc(N)cc2)no1,Results_003,13060,0.6,0,1,1,参考化合物有效条目超过 8 条；该值比组内最高 Activity Level 低至少 0.4，仅删除该记录
Cc1cc(NS(=O)(=O)c2ccc(N)cc2)no1,Results_003,17502,0.6,0,1,1,参考化合物有效条目超过 8 条；该值比组内最高 Activity Level 低至少 0.4，仅删除该记录
Cc1cc(NS(=O)(=O)c2ccc(N)cc2)no1,Results_005,14819,0.6,0,1,1,参考化合物有效条目超过 8 条；该值比组内最高 Activity Level 低至少 0.4，仅删除该记录
Cc1cc(NS(=O)(=O)c2ccc(N)cc2)no1,Results_006,1560,0,0,1,1,参考化合物有效条目超过 8 条；该值比组内最高 Activity Level 低至少 0.4，仅删除该记录
Cc1cc(NS(=O)(=O)c2ccc(N)cc2)no1,Results_006,1909,0.4,0,1,1,参考化合物有效条目超过 8 条；该值比组内最高 Activity Level 低至少 0.4，仅删除该记录
Cc1cc(NS(=O)(=O)c2ccc(N)cc2)no1,Results_006,1911,0.1,0,1,1,参考化合物有效条目超过 8 条；该值比组内最高 Activity Level 低至少 0.4，仅删除该记录
Cc1cc(NS(=O)(=O)c2ccc(N)cc2)no1,Results_006,1912,0.4,0,1,1,参考化合物有效条目超过 8 条；该值比组内最高 Activity Level 低至少 0.4，仅删除该记录
Cc1cc(NS(=O)(=O)c2ccc(N)cc2)no1,Results_006,1914,0.4,0,1,1,参考化合物有效条目超过 8 条；该值比组内最高 Activity Level 低至少 0.4，仅删除该记录
Cc1cc(NS(=O)(=O)c2ccc(N)cc2)no1,Results_006,1915,0.2,0,1,1,参考化合物有效条目超过 8 条；该值比组内最高 Activity Level 低至少 0.4，仅删除该记录
Cc1cc(NS(=O)(=O)c2ccc(N)cc2)no1,Results_006,1916,0.4,0,1,1,参考化合物有效条目超过 8 条；该值比组内最高 Activity Level 低至少 0.4，仅删除该记录
Cc1cc(NS(=O)(=O)c2ccc(N)cc2)no1,Results_006,1917,0.2,0,1,1,参考化合物有效条目超过 8 条；该值比组内最高 Activity Level 低至少 0.4，仅删除该记录
Cc1cc(NS(=O)(=O)c2ccc(N)cc2)no1,Results_006,1919,0.6,0,1,1,参考化合物有效条目超过 8 条；该值比组内最高 Activity Level 低至少 0.4，仅删除该记录
Cc1cc(NS(=O)(=O)c2ccc(N)cc2)no1,Results_006,1920,0.4,0,1,1,参考化合物有效条目超过 8 条；该值比组内最高 Activity Level 低至少 0.4，仅删除该记录
Cc1cc(NS(=O)(=O)c2ccc(N)cc2)no1,Results_006,1921,0.4,0,1,1,参考化合物有效条目超过 8 条；该值比组内最高 Activity Level 低至少 0.4，仅删除该记录
Cc1cc(NS(=O)(=O)c2ccc(N)cc2)no1,Results_006,1922,0.4,0,1,1,参考化合物有效条目超过 8 条；该值比组内最高 Activity Level 低至少 0.4，仅删除该记录
Cc1cc(NS(=O)(=O)c2ccc(N)cc2)no1,Results_006,1923,0.4,0,1,1,参考化合物有效条目超过 8 条；该值比组内最高 Activity Level 低至少 0.4，仅删除该记录
Cc1cc(NS(=O)(=O)c2ccc(N)cc2)no1,Results_006,1924,0.4,0,1,1,参考化合物有效条目超过 8 条；该值比组内最高 Activity Level 低至少 0.4，仅删除该记录
Cc1cc(NS(=O)(=O)c2ccc(N)cc2)no1,Results_006,1925,0.4,0,1,1,参考化合物有效条目超过 8 条；该值比组内最高 Activity Level 低至少 0.4，仅删除该记录
Cc1cc(NS(=O)(=O)c2ccc(N)cc2)no1,Results_006,1926,0.4,0,1,1,参考化合物有效条目超过 8 条；该值比组内最高 Activity Level 低至少 0.4，仅删除该记录
Cc1cc(NS(=O)(=O)c2ccc(N)cc2)no1,Results_006,1927,0.4,0,1,1,参考化合物有效条目超过 8 条；该值比组内最高 Activity Level 低至少 0.4，仅删除该记录
Cc1cc(NS(=O)(=O)c2ccc(N)cc2)no1,Results_006,1928,0.4,0,1,1,参考化合物有效条目超过 8 条；该值比组内最高 Activity Level 低至少 0.4，仅删除该记录
Cc1cc(NS(=O)(=O)c2ccc(N)cc2)no1,Results_006,1929,0.2,0,1,1,参考化合物有效条目超过 8 条；该值比组内最高 Activity Level 低至少 0.4，仅删除该记录
Cc1cc(NS(=O)(=O)c2ccc(N)cc2)no1,Results_006,1930,0.6,0,1,1,参考化合物有效条目超过 8 条；该值比组内最高 Activity Level 低至少 0.4，仅删除该记录
Cc1cc(NS(=O)(=O)c2ccc(N)cc2)no1,Results_006,1931,0.6,0,1,1,参考化合物有效条目超过 8 条；该值比组内最高 Activity Level 低至少 0.4，仅删除该记录
Cc1cc(NS(=O)(=O)c2ccc(N)cc2)no1,Results_006,1932,0.4,0,1,1,参考化合物有效条目超过 8 条；该值比组内最高 Activity Level 低至少 0.4，仅删除该记录
Cc1cc(NS(=O)(=O)c2ccc(N)cc2)no1,Results_006,1933,0.6,0,1,1,参考化合物有效条目超过 8 条；该值比组内最高 Activity Level 低至少 0.4，仅删除该记录
Cc1cc(NS(=O)(=O)c2ccc(N)cc2)no1,Results_006,1934,0.4,0,1,1,参考化合物有效条目超过 8 条；该值比组内最高 Activity Level 低至少 0.4，仅删除该记录
Cc1cc(NS(=O)(=O)c2ccc(N)cc2)no1,Results_006,1935,0.4,0,1,1,参考化合物有效条目超过 8 条；该值比组内最高 Activity Level 低至少 0.4，仅删除该记录
Cc1cc(NS(=O)(=O)c2ccc(N)cc2)no1,Results_006,1936,0.4,0,1,1,参考化合物有效条目超过 8 条；该值比组内最高 Activity Level 低至少 0.4，仅删除该记录
Cc1cc(NS(=O)(=O)c2ccc(N)cc2)no1,Results_006,1938,0.4,0,1,1,参考化合物有效条目超过 8 条；该值比组内最高 Activity Level 低至少 0.4，仅删除该记录
CC1(C)CCc2c(c3ccccc3c3[nH]c(-c4ccccc4[N+](=O)[O-])nc23)O1,Results_001,4505,0,0,0.6,0.6,普通化合物当前有效条目=3，跨度≥0.6；中位数=0.4，左侧=1，右侧=1；两侧数量相同，删除距中位数更远的极端值；等距时删除低值
CC1(C)CCc2c(c3ccccc3c3[nH]c(-c4ccc([N+](=O)[O-])cc4)nc23)O1,Results_001,4513,0.8,0,0.8,0.8,普通化合物当前有效条目=3，跨度≥0.6；中位数=0，左侧=0，右侧=1；中位数左侧为空，删除右侧最高值
CC1CC2=C(O1)c1ccccc1C(=O)C2=O,Results_001,4563,0.6,0,0.6,0.6,普通化合物当前有效条目=3，跨度≥0.6；中位数=0，左侧=0，右侧=1；中位数左侧为空，删除右侧最高值
CC1COc2c(N3CCN(C)CC3)c(F)cc3c(=O)c(C(=O)O)cn1c23,Results_001,16248,0.6,0,1,1,参考化合物有效条目超过 8 条；该值比组内最高 Activity Level 低至少 0.4，仅删除该记录
CC1COc2c(N3CCN(C)CC3)c(F)cc3c(=O)c(C(=O)O)cn1c23,Results_002,3490,0.6,0,1,1,参考化合物有效条目超过 8 条；该值比组内最高 Activity Level 低至少 0.4，仅删除该记录
CC1COc2c(N3CCN(C)CC3)c(F)cc3c(=O)c(C(=O)O)cn1c23,Results_002,3493,0.6,0,1,1,参考化合物有效条目超过 8 条；该值比组内最高 Activity Level 低至少 0.4，仅删除该记录
CC1COc2c(N3CCN(C)CC3)c(F)cc3c(=O)c(C(=O)O)cn1c23,Results_002,6682,0.6,0,1,1,参考化合物有效条目超过 8 条；该值比组内最高 Activity Level 低至少 0.4，仅删除该记录
CC1COc2c(N3CCN(C)CC3)c(F)cc3c(=O)c(C(=O)O)cn1c23,Results_002,6687,0.6,0,1,1,参考化合物有效条目超过 8 条；该值比组内最高 Activity Level 低至少 0.4，仅删除该记录
CC1COc2c(N3CCN(C)CC3)c(F)cc3c(=O)c(C(=O)O)cn1c23,Results_002,13787,0.6,0,1,1,参考化合物有效条目超过 8 条；该值比组内最高 Activity Level 低至少 0.4，仅删除该记录
CC1COc2c(N3CCN(C)CC3)c(F)cc3c(=O)c(C(=O)O)cn1c23,Results_002,13790,0.6,0,1,1,参考化合物有效条目超过 8 条；该值比组内最高 Activity Level 低至少 0.4，仅删除该记录
CC1COc2c(N3CCN(C)CC3)c(F)cc3c(=O)c(C(=O)O)cn1c23,Results_002,13793,0.6,0,1,1,参考化合物有效条目超过 8 条；该值比组内最高 Activity Level 低至少 0.4，仅删除该记录
CC1COc2c(N3CCN(C)CC3)c(F)cc3c(=O)c(C(=O)O)cn1c23,Results_002,13796,0.6,0,1,1,参考化合物有效条目超过 8 条；该值比组内最高 Activity Level 低至少 0.4，仅删除该记录
CC1COc2c(N3CCN(C)CC3)c(F)cc3c(=O)c(C(=O)O)cn1c23,Results_003,1812,0.4,0,1,1,参考化合物有效条目超过 8 条；该值比组内最高 Activity Level 低至少 0.4，仅删除该记录
CC1COc2c(N3CCN(C)CC3)c(F)cc3c(=O)c(C(=O)O)cn1c23,Results_003,15900,0.6,0,1,1,参考化合物有效条目超过 8 条；该值比组内最高 Activity Level 低至少 0.4，仅删除该记录
CC1COc2c(N3CCN(C)CC3)c(F)cc3c(=O)c(C(=O)O)cn1c23,Results_004,252,0.6,0,1,1,参考化合物有效条目超过 8 条；该值比组内最高 Activity Level 低至少 0.4，仅删除该记录
CC1COc2c(N3CCN(C)CC3)c(F)cc3c(=O)c(C(=O)O)cn1c23,Results_004,806,0.6,0,1,1,参考化合物有效条目超过 8 条；该值比组内最高 Activity Level 低至少 0.4，仅删除该记录
CC1COc2c(N3CCN(C)CC3)c(F)cc3c(=O)c(C(=O)O)cn1c23,Results_004,811,0.6,0,1,1,参考化合物有效条目超过 8 条；该值比组内最高 Activity Level 低至少 0.4，仅删除该记录
CC1COc2c(N3CCN(C)CC3)c(F)cc3c(=O)c(C(=O)O)cn1c23,Results_004,7758,0.4,0,1,1,参考化合物有效条目超过 8 条；该值比组内最高 Activity Level 低至少 0.4，仅删除该记录
CC1COc2c(N3CCN(C)CC3)c(F)cc3c(=O)c(C(=O)O)cn1c23,Results_004,9339,0.4,0,1,1,参考化合物有效条目超过 8 条；该值比组内最高 Activity Level 低至少 0.4，仅删除该记录
CC1COc2c(N3CCN(C)CC3)c(F)cc3c(=O)c(C(=O)O)cn1c23,Results_004,11106,0.6,0,1,1,参考化合物有效条目超过 8 条；该值比组内最高 Activity Level 低至少 0.4，仅删除该记录
CC1COc2c(N3CCN(C)CC3)c(F)cc3c(=O)c(C(=O)O)cn1c23,Results_004,11107,0.6,0,1,1,参考化合物有效条目超过 8 条；该值比组内最高 Activity Level 低至少 0.4，仅删除该记录
CC1COc2c(N3CCN(C)CC3)c(F)cc3c(=O)c(C(=O)O)cn1c23,Results_004,18542,0.6,0,1,1,参考化合物有效条目超过 8 条；该值比组内最高 Activity Level 低至少 0.4，仅删除该记录
CC1COc2c(N3CCN(C)CC3)c(F)cc3c(=O)c(C(=O)O)cn1c23,Results_005,3919,0.6,0,1,1,参考化合物有效条目超过 8 条；该值比组内最高 Activity Level 低至少 0.4，仅删除该记录
CC1COc2c(N3CCN(C)CC3)c(F)cc3c(=O)c(C(=O)O)cn1c23,Results_005,3923,0,0,1,1,参考化合物有效条目超过 8 条；该值比组内最高 Activity Level 低至少 0.4，仅删除该记录
CC1COc2c(N3CCN(C)CC3)c(F)cc3c(=O)c(C(=O)O)cn1c23,Results_005,5950,0.6,0,1,1,参考化合物有效条目超过 8 条；该值比组内最高 Activity Level 低至少 0.4，仅删除该记录
CC1COc2c(N3CCN(C)CC3)c(F)cc3c(=O)c(C(=O)O)cn1c23,Results_005,5951,0.6,0,1,1,参考化合物有效条目超过 8 条；该值比组内最高 Activity Level 低至少 0.4，仅删除该记录
CC1COc2c(N3CCN(C)CC3)c(F)cc3c(=O)c(C(=O)O)cn1c23,Results_005,6033,0.6,0,1,1,参考化合物有效条目超过 8 条；该值比组内最高 Activity Level 低至少 0.4，仅删除该记录
CC1COc2c(N3CCN(C)CC3)c(F)cc3c(=O)c(C(=O)O)cn1c23,Results_005,6034,0.4,0,1,1,参考化合物有效条目超过 8 条；该值比组内最高 Activity Level 低至少 0.4，仅删除该记录
CC1COc2c(N3CCN(C)CC3)c(F)cc3c(=O)c(C(=O)O)cn1c23,Results_005,6035,0.6,0,1,1,参考化合物有效条目超过 8 条；该值比组内最高 Activity Level 低至少 0.4，仅删除该记录
CC1COc2c(N3CCN(C)CC3)c(F)cc3c(=O)c(C(=O)O)cn1c23,Results_005,8047,0.4,0,1,1,参考化合物有效条目超过 8 条；该值比组内最高 Activity Level 低至少 0.4，仅删除该记录
CC1COc2c(N3CCN(C)CC3)c(F)cc3c(=O)c(C(=O)O)cn1c23,Results_005,8556,0.6,0,1,1,参考化合物有效条目超过 8 条；该值比组内最高 Activity Level 低至少 0.4，仅删除该记录
CC1COc2c(N3CCN(C)CC3)c(F)cc3c(=O)c(C(=O)O)cn1c23,Results_005,8557,0.6,0,1,1,参考化合物有效条目超过 8 条；该值比组内最高 Activity Level 低至少 0.4，仅删除该记录
CC1COc2c(N3CCN(C)CC3)c(F)cc3c(=O)c(C(=O)O)cn1c23,Results_005,10921,0.25,0,1,1,参考化合物有效条目超过 8 条；该值比组内最高 Activity Level 低至少 0.4，仅删除该记录
CC1COc2c(N3CCN(C)CC3)c(F)cc3c(=O)c(C(=O)O)cn1c23,Results_005,12982,0.4,0,1,1,参考化合物有效条目超过 8 条；该值比组内最高 Activity Level 低至少 0.4，仅删除该记录
CC1COc2c(N3CCN(C)CC3)c(F)cc3c(=O)c(C(=O)O)cn1c23,Results_005,14803,0.6,0,1,1,参考化合物有效条目超过 8 条；该值比组内最高 Activity Level 低至少 0.4，仅删除该记录
CC1COc2c(N3CCN(C)CC3)c(F)cc3c(=O)c(C(=O)O)cn1c23,Results_005,14813,0.2,0,1,1,参考化合物有效条目超过 8 条；该值比组内最高 Activity Level 低至少 0.4，仅删除该记录
CC1COc2c(N3CCN(C)CC3)c(F)cc3c(=O)c(C(=O)O)cn1c23,Results_005,15090,0.4,0,1,1,参考化合物有效条目超过 8 条；该值比组内最高 Activity Level 低至少 0.4，仅删除该记录
CC1COc2c(N3CCN(C)CC3)c(F)cc3c(=O)c(C(=O)O)cn1c23,Results_005,15091,0.4,0,1,1,参考化合物有效条目超过 8 条；该值比组内最高 Activity Level 低至少 0.4，仅删除该记录
CC1COc2c(N3CCN(C)CC3)c(F)cc3c(=O)c(C(=O)O)cn1c23,Results_006,2685,0.1,0,1,1,参考化合物有效条目超过 8 条；该值比组内最高 Activity Level 低至少 0.4，仅删除该记录
CC1COc2c(N3CCN(C)CC3)c(F)cc3c(=O)c(C(=O)O)cn1c23,Results_006,2686,0.6,0,1,1,参考化合物有效条目超过 8 条；该值比组内最高 Activity Level 低至少 0.4，仅删除该记录
CC1COc2c(N3CCN(C)CC3)c(F)cc3c(=O)c(C(=O)O)cn1c23,Results_006,2692,0.6,0,1,1,参考化合物有效条目超过 8 条；该值比组内最高 Activity Level 低至少 0.4，仅删除该记录
CC1COc2c(N3CCN(C)CC3)c(F)cc3c(=O)c(C(=O)O)cn1c23,Results_006,2694,0.6,0,1,1,参考化合物有效条目超过 8 条；该值比组内最高 Activity Level 低至少 0.4，仅删除该记录
CC1COc2c(N3CCN(C)CC3)c(F)cc3c(=O)c(C(=O)O)cn1c23,Results_006,2695,0.6,0,1,1,参考化合物有效条目超过 8 条；该值比组内最高 Activity Level 低至少 0.4，仅删除该记录
CCCCCCCC/C=C/CCCCCCCC(=O)NNC(=O)c1ccncc1,Results_001,4624,0.2,0.2,1,0.8,普通化合物当前有效条目=4，跨度≥0.6；中位数=0.8，左侧=2，右侧=2；两侧数量相同，删除距中位数更远的极端值；等距时删除低值
CCCCCC[C@@H](O)C/C=C\CCCCCCCC(=O)NNC(=O)c1ccncc1,Results_001,4628,0.4,0.4,1,0.6,普通化合物当前有效条目=4，跨度≥0.6；中位数=0.8，左侧=2，右侧=2；两侧数量相同，删除距中位数更远的极端值；等距时删除低值
CC/C=C\C/C=C\C/C=C\CCCCCC(=O)NNC(=O)c1ccncc1,Results_001,4636,0.2,0.2,1,0.8,普通化合物当前有效条目=4，跨度≥0.6；中位数=0.7，左侧=2，右侧=2；两侧数量相同，删除距中位数更远的极端值；等距时删除低值
CC/C=C\C/C=C\C/C=C\CCCCCC(=O)NNC(=O)c1ccncc1,Results_001,4637,0.4,0.4,1,0.6,普通化合物当前有效条目=3，跨度≥0.6；中位数=1，左侧=1，右侧=0；中位数右侧为空，删除左侧最低值
c1ccc(Nc2cc3nc4ccccc4n(-c4ccccc4)c-3cc2=NCCC23CCCN2CCC3)cc1,Results_001,4793,0.4,0.4,1,0.6,普通化合物当前有效条目=7，跨度≥0.6；中位数=0.8，左侧=1，右侧=3；删除记录数较少一侧的最外侧值
CC(C)/N=c1\cc2n(-c3ccc(Cl)cc3)c3ccccc3nc-2cc1Nc1ccc(Cl)cc1,Results_004,17393,0.25,0.25,1,0.75,参考化合物有效条目超过 8 条；该值比组内最高 Activity Level 低至少 0.4，仅删除该记录
CC(C)/N=c1\cc2n(-c3ccc(Cl)cc3)c3ccccc3nc-2cc1Nc1ccc(Cl)cc1,Results_005,3278,0.25,0.25,1,0.75,参考化合物有效条目超过 8 条；该值比组内最高 Activity Level 低至少 0.4，仅删除该记录
CO[C@@H]1[C@@H](OC(N)=O)[C@@H](O)[C@H](Oc2ccc3c(O)c(NC(=O)c4ccc(O)c(CC=C(C)C)c4)c(=O)oc3c2C)OC1(C)C,Results_001,4847,0.1,0.1,0.8,0.7,参考化合物有效条目超过 8 条；该值比组内最高 Activity Level 低至少 0.4，仅删除该记录
CO[C@@H]1[C@@H](OC(N)=O)[C@@H](O)[C@H](Oc2ccc3c(O)c(NC(=O)c4ccc(O)c(CC=C(C)C)c4)c(=O)oc3c2C)OC1(C)C,Results_001,11103,0.1,0.1,0.8,0.7,参考化合物有效条目超过 8 条；该值比组内最高 Activity Level 低至少 0.4，仅删除该记录
CO[C@@H]1[C@@H](OC(N)=O)[C@@H](O)[C@H](Oc2ccc3c(O)c(NC(=O)c4ccc(O)c(CC=C(C)C)c4)c(=O)oc3c2C)OC1(C)C,Results_001,12455,0.1,0.1,0.8,0.7,参考化合物有效条目超过 8 条；该值比组内最高 Activity Level 低至少 0.4，仅删除该记录
CO[C@@H]1[C@@H](OC(N)=O)[C@@H](O)[C@H](Oc2ccc3c(O)c(NC(=O)c4ccc(O)c(CC=C(C)C)c4)c(=O)oc3c2C)OC1(C)C,Results_001,13211,0.1,0.1,0.8,0.7,参考化合物有效条目超过 8 条；该值比组内最高 Activity Level 低至少 0.4，仅删除该记录
CO[C@@H]1[C@@H](OC(N)=O)[C@@H](O)[C@H](Oc2ccc3c(O)c(NC(=O)c4ccc(O)c(CC=C(C)C)c4)c(=O)oc3c2C)OC1(C)C,Results_002,17282,0.4,0.1,0.8,0.7,参考化合物有效条目超过 8 条；该值比组内最高 Activity Level 低至少 0.4，仅删除该记录
CO[C@@H]1[C@@H](OC(N)=O)[C@@H](O)[C@H](Oc2ccc3c(O)c(NC(=O)c4ccc(O)c(CC=C(C)C)c4)c(=O)oc3c2C)OC1(C)C,Results_003,2484,0.1,0.1,0.8,0.7,参考化合物有效条目超过 8 条；该值比组内最高 Activity Level 低至少 0.4，仅删除该记录
CO[C@@H]1[C@@H](OC(N)=O)[C@@H](O)[C@H](Oc2ccc3c(O)c(NC(=O)c4ccc(O)c(CC=C(C)C)c4)c(=O)oc3c2C)OC1(C)C,Results_003,5772,0.1,0.1,0.8,0.7,参考化合物有效条目超过 8 条；该值比组内最高 Activity Level 低至少 0.4，仅删除该记录
CO[C@@H]1[C@@H](OC(N)=O)[C@@H](O)[C@H](Oc2ccc3c(O)c(NC(=O)c4ccc(O)c(CC=C(C)C)c4)c(=O)oc3c2C)OC1(C)C,Results_005,12975,0.1,0.1,0.8,0.7,参考化合物有效条目超过 8 条；该值比组内最高 Activity Level 低至少 0.4，仅删除该记录
CO[C@@H]1[C@@H](OC(N)=O)[C@@H](O)[C@H](Oc2ccc3c(O)c(NC(=O)c4ccc(O)c(CC=C(C)C)c4)c(=O)oc3c2C)OC1(C)C,Results_005,12976,0.1,0.1,0.8,0.7,参考化合物有效条目超过 8 条；该值比组内最高 Activity Level 低至少 0.4，仅删除该记录
CO[C@@H]1[C@@H](OC(N)=O)[C@@H](O)[C@H](Oc2ccc3c(O)c(NC(=O)c4ccc(O)c(CC=C(C)C)c4)c(=O)oc3c2C)OC1(C)C,Results_005,13207,0.1,0.1,0.8,0.7,参考化合物有效条目超过 8 条；该值比组内最高 Activity Level 低至少 0.4，仅删除该记录
CO[C@@H]1[C@@H](OC(N)=O)[C@@H](O)[C@H](Oc2ccc3c(O)c(NC(=O)c4ccc(O)c(CC=C(C)C)c4)c(=O)oc3c2C)OC1(C)C,Results_005,13208,0.1,0.1,0.8,0.7,参考化合物有效条目超过 8 条；该值比组内最高 Activity Level 低至少 0.4，仅删除该记录
Nc1c(NC(=O)CCc2cc(Cl)cc(Cl)c2)cc(Cl)cc1[N+](=O)[O-],Results_001,4871,0.2,0.2,0.8,0.6,普通化合物当前有效条目=3，跨度≥0.6；中位数=0.8，左侧=1，右侧=0；中位数右侧为空，删除左侧最低值
NC[C@H]1O[C@H](O[C@H]2[C@H](O)[C@@H](O[C@H]3O[C@H](CO)[C@@H](O)[C@H](N)[C@H]3O)[C@H](N)C[C@@H]2N)[C@H](O)[C@@H](O)[C@@H]1O,Results_001,16252,0,0,1,1,参考化合物有效条目超过 8 条；该值比组内最高 Activity Level 低至少 0.4，仅删除该记录
NC[C@H]1O[C@H](O[C@H]2[C@H](O)[C@@H](O[C@H]3O[C@H](CO)[C@@H](O)[C@H](N)[C@H]3O)[C@H](N)C[C@@H]2N)[C@H](O)[C@@H](O)[C@@H]1O,Results_001,16253,0,0,1,1,参考化合物有效条目超过 8 条；该值比组内最高 Activity Level 低至少 0.4，仅删除该记录
NC[C@H]1O[C@H](O[C@H]2[C@H](O)[C@@H](O[C@H]3O[C@H](CO)[C@@H](O)[C@H](N)[C@H]3O)[C@H](N)C[C@@H]2N)[C@H](O)[C@@H](O)[C@@H]1O,Results_002,6691,0,0,1,1,参考化合物有效条目超过 8 条；该值比组内最高 Activity Level 低至少 0.4，仅删除该记录
NC[C@H]1O[C@H](O[C@H]2[C@H](O)[C@@H](O[C@H]3O[C@H](CO)[C@@H](O)[C@H](N)[C@H]3O)[C@H](N)C[C@@H]2N)[C@H](O)[C@@H](O)[C@@H]1O,Results_002,6692,0,0,1,1,参考化合物有效条目超过 8 条；该值比组内最高 Activity Level 低至少 0.4，仅删除该记录
NC[C@H]1O[C@H](O[C@H]2[C@H](O)[C@@H](O[C@H]3O[C@H](CO)[C@@H](O)[C@H](N)[C@H]3O)[C@H](N)C[C@@H]2N)[C@H](O)[C@@H](O)[C@@H]1O,Results_002,6696,0,0,1,1,参考化合物有效条目超过 8 条；该值比组内最高 Activity Level 低至少 0.4，仅删除该记录
NC[C@H]1O[C@H](O[C@H]2[C@H](O)[C@@H](O[C@H]3O[C@H](CO)[C@@H](O)[C@H](N)[C@H]3O)[C@H](N)C[C@@H]2N)[C@H](O)[C@@H](O)[C@@H]1O,Results_002,6697,0,0,1,1,参考化合物有效条目超过 8 条；该值比组内最高 Activity Level 低至少 0.4，仅删除该记录
NC[C@H]1O[C@H](O[C@H]2[C@H](O)[C@@H](O[C@H]3O[C@H](CO)[C@@H](O)[C@H](N)[C@H]3O)[C@H](N)C[C@@H]2N)[C@H](O)[C@@H](O)[C@@H]1O,Results_003,8125,0.6,0,1,1,参考化合物有效条目超过 8 条；该值比组内最高 Activity Level 低至少 0.4，仅删除该记录
NC[C@H]1O[C@H](O[C@H]2[C@H](O)[C@@H](O[C@H]3O[C@H](CO)[C@@H](O)[C@H](N)[C@H]3O)[C@H](N)C[C@@H]2N)[C@H](O)[C@@H](O)[C@@H]1O,Results_003,15905,0,0,1,1,参考化合物有效条目超过 8 条；该值比组内最高 Activity Level 低至少 0.4，仅删除该记录
NC[C@H]1O[C@H](O[C@H]2[C@H](O)[C@@H](O[C@H]3O[C@H](CO)[C@@H](O)[C@H](N)[C@H]3O)[C@H](N)C[C@@H]2N)[C@H](O)[C@@H](O)[C@@H]1O,Results_003,15906,0,0,1,1,参考化合物有效条目超过 8 条；该值比组内最高 Activity Level 低至少 0.4，仅删除该记录
NC[C@H]1O[C@H](O[C@H]2[C@H](O)[C@@H](O[C@H]3O[C@H](CO)[C@@H](O)[C@H](N)[C@H]3O)[C@H](N)C[C@@H]2N)[C@H](O)[C@@H](O)[C@@H]1O,Results_004,257,0,0,1,1,参考化合物有效条目超过 8 条；该值比组内最高 Activity Level 低至少 0.4，仅删除该记录
NC[C@H]1O[C@H](O[C@H]2[C@H](O)[C@@H](O[C@H]3O[C@H](CO)[C@@H](O)[C@H](N)[C@H]3O)[C@H](N)C[C@@H]2N)[C@H](O)[C@@H](O)[C@@H]1O,Results_004,258,0,0,1,1,参考化合物有效条目超过 8 条；该值比组内最高 Activity Level 低至少 0.4，仅删除该记录
NC[C@H]1O[C@H](O[C@H]2[C@H](O)[C@@H](O[C@H]3O[C@H](CO)[C@@H](O)[C@H](N)[C@H]3O)[C@H](N)C[C@@H]2N)[C@H](O)[C@@H](O)[C@@H]1O,Results_004,815,0,0,1,1,参考化合物有效条目超过 8 条；该值比组内最高 Activity Level 低至少 0.4，仅删除该记录
NC[C@H]1O[C@H](O[C@H]2[C@H](O)[C@@H](O[C@H]3O[C@H](CO)[C@@H](O)[C@H](N)[C@H]3O)[C@H](N)C[C@@H]2N)[C@H](O)[C@@H](O)[C@@H]1O,Results_004,816,0,0,1,1,参考化合物有效条目超过 8 条；该值比组内最高 Activity Level 低至少 0.4，仅删除该记录
NC[C@H]1O[C@H](O[C@H]2[C@H](O)[C@@H](O[C@H]3O[C@H](CO)[C@@H](O)[C@H](N)[C@H]3O)[C@H](N)C[C@@H]2N)[C@H](O)[C@@H](O)[C@@H]1O,Results_004,820,0,0,1,1,参考化合物有效条目超过 8 条；该值比组内最高 Activity Level 低至少 0.4，仅删除该记录
NC[C@H]1O[C@H](O[C@H]2[C@H](O)[C@@H](O[C@H]3O[C@H](CO)[C@@H](O)[C@H](N)[C@H]3O)[C@H](N)C[C@@H]2N)[C@H](O)[C@@H](O)[C@@H]1O,Results_004,821,0,0,1,1,参考化合物有效条目超过 8 条；该值比组内最高 Activity Level 低至少 0.4，仅删除该记录
NC[C@H]1O[C@H](O[C@H]2[C@H](O)[C@@H](O[C@H]3O[C@H](CO)[C@@H](O)[C@H](N)[C@H]3O)[C@H](N)C[C@@H]2N)[C@H](O)[C@@H](O)[C@@H]1O,Results_004,10404,0,0,1,1,参考化合物有效条目超过 8 条；该值比组内最高 Activity Level 低至少 0.4，仅删除该记录
NC[C@H]1O[C@H](O[C@H]2[C@H](O)[C@@H](O[C@H]3O[C@H](CO)[C@@H](O)[C@H](N)[C@H]3O)[C@H](N)C[C@@H]2N)[C@H](O)[C@@H](O)[C@@H]1O,Results_004,10405,0,0,1,1,参考化合物有效条目超过 8 条；该值比组内最高 Activity Level 低至少 0.4，仅删除该记录
NC[C@H]1O[C@H](O[C@H]2[C@H](O)[C@@H](O[C@H]3O[C@H](CO)[C@@H](O)[C@H](N)[C@H]3O)[C@H](N)C[C@@H]2N)[C@H](O)[C@@H](O)[C@@H]1O,Results_004,10406,0,0,1,1,参考化合物有效条目超过 8 条；该值比组内最高 Activity Level 低至少 0.4，仅删除该记录
NC[C@H]1O[C@H](O[C@H]2[C@H](O)[C@@H](O[C@H]3O[C@H](CO)[C@@H](O)[C@H](N)[C@H]3O)[C@H](N)C[C@@H]2N)[C@H](O)[C@@H](O)[C@@H]1O,Results_004,10407,0,0,1,1,参考化合物有效条目超过 8 条；该值比组内最高 Activity Level 低至少 0.4，仅删除该记录
NC[C@H]1O[C@H](O[C@H]2[C@H](O)[C@@H](O[C@H]3O[C@H](CO)[C@@H](O)[C@H](N)[C@H]3O)[C@H](N)C[C@@H]2N)[C@H](O)[C@@H](O)[C@@H]1O,Results_004,10408,0,0,1,1,参考化合物有效条目超过 8 条；该值比组内最高 Activity Level 低至少 0.4，仅删除该记录
NC[C@H]1O[C@H](O[C@H]2[C@H](O)[C@@H](O[C@H]3O[C@H](CO)[C@@H](O)[C@H](N)[C@H]3O)[C@H](N)C[C@@H]2N)[C@H](O)[C@@H](O)[C@@H]1O,Results_004,10410,0.2,0,1,1,参考化合物有效条目超过 8 条；该值比组内最高 Activity Level 低至少 0.4，仅删除该记录
NC[C@H]1O[C@H](O[C@H]2[C@H](O)[C@@H](O[C@H]3O[C@H](CO)[C@@H](O)[C@H](N)[C@H]3O)[C@H](N)C[C@@H]2N)[C@H](O)[C@@H](O)[C@@H]1O,Results_004,10411,0.6,0,1,1,参考化合物有效条目超过 8 条；该值比组内最高 Activity Level 低至少 0.4，仅删除该记录
NC[C@H]1O[C@H](O[C@H]2[C@H](O)[C@@H](O[C@H]3O[C@H](CO)[C@@H](O)[C@H](N)[C@H]3O)[C@H](N)C[C@@H]2N)[C@H](O)[C@@H](O)[C@@H]1O,Results_004,10412,0.6,0,1,1,参考化合物有效条目超过 8 条；该值比组内最高 Activity Level 低至少 0.4，仅删除该记录
NC[C@H]1O[C@H](O[C@H]2[C@H](O)[C@@H](O[C@H]3O[C@H](CO)[C@@H](O)[C@H](N)[C@H]3O)[C@H](N)C[C@@H]2N)[C@H](O)[C@@H](O)[C@@H]1O,Results_004,10413,0.4,0,1,1,参考化合物有效条目超过 8 条；该值比组内最高 Activity Level 低至少 0.4，仅删除该记录
NC[C@H]1O[C@H](O[C@H]2[C@H](O)[C@@H](O[C@H]3O[C@H](CO)[C@@H](O)[C@H](N)[C@H]3O)[C@H](N)C[C@@H]2N)[C@H](O)[C@@H](O)[C@@H]1O,Results_004,10483,0.4,0,1,1,参考化合物有效条目超过 8 条；该值比组内最高 Activity Level 低至少 0.4，仅删除该记录
NC[C@H]1O[C@H](O[C@H]2[C@H](O)[C@@H](O[C@H]3O[C@H](CO)[C@@H](O)[C@H](N)[C@H]3O)[C@H](N)C[C@@H]2N)[C@H](O)[C@@H](O)[C@@H]1O,Results_004,10484,0.6,0,1,1,参考化合物有效条目超过 8 条；该值比组内最高 Activity Level 低至少 0.4，仅删除该记录
NC[C@H]1O[C@H](O[C@H]2[C@H](O)[C@@H](O[C@H]3O[C@H](CO)[C@@H](O)[C@H](N)[C@H]3O)[C@H](N)C[C@@H]2N)[C@H](O)[C@@H](O)[C@@H]1O,Results_004,12585,0.6,0,1,1,参考化合物有效条目超过 8 条；该值比组内最高 Activity Level 低至少 0.4，仅删除该记录
NC[C@H]1O[C@H](O[C@H]2[C@H](O)[C@@H](O[C@H]3O[C@H](CO)[C@@H](O)[C@H](N)[C@H]3O)[C@H](N)C[C@@H]2N)[C@H](O)[C@@H](O)[C@@H]1O,Results_005,6037,0.4,0,1,1,参考化合物有效条目超过 8 条；该值比组内最高 Activity Level 低至少 0.4，仅删除该记录
NC[C@H]1O[C@H](O[C@H]2[C@H](O)[C@@H](O[C@H]3O[C@H](CO)[C@@H](O)[C@H](N)[C@H]3O)[C@H](N)C[C@@H]2N)[C@H](O)[C@@H](O)[C@@H]1O,Results_005,6039,0.6,0,1,1,参考化合物有效条目超过 8 条；该值比组内最高 Activity Level 低至少 0.4，仅删除该记录
NC[C@H]1O[C@H](O[C@H]2[C@H](O)[C@@H](O[C@H]3O[C@H](CO)[C@@H](O)[C@H](N)[C@H]3O)[C@H](N)C[C@@H]2N)[C@H](O)[C@@H](O)[C@@H]1O,Results_005,13193,0.1,0,1,1,参考化合物有效条目超过 8 条；该值比组内最高 Activity Level 低至少 0.4，仅删除该记录
NC[C@H]1O[C@H](O[C@H]2[C@H](O)[C@@H](O[C@H]3O[C@H](CO)[C@@H](O)[C@H](N)[C@H]3O)[C@H](N)C[C@@H]2N)[C@H](O)[C@@H](O)[C@@H]1O,Results_005,14262,0.6,0,1,1,参考化合物有效条目超过 8 条；该值比组内最高 Activity Level 低至少 0.4，仅删除该记录
NC[C@H]1O[C@H](O[C@H]2[C@H](O)[C@@H](O[C@H]3O[C@H](CO)[C@@H](O)[C@H](N)[C@H]3O)[C@H](N)C[C@@H]2N)[C@H](O)[C@@H](O)[C@@H]1O,Results_005,14640,0.4,0,1,1,参考化合物有效条目超过 8 条；该值比组内最高 Activity Level 低至少 0.4，仅删除该记录
NC[C@H]1O[C@H](O[C@H]2[C@H](O)[C@@H](O[C@H]3O[C@H](CO)[C@@H](O)[C@H](N)[C@H]3O)[C@H](N)C[C@@H]2N)[C@H](O)[C@@H](O)[C@@H]1O,Results_005,14807,0.1,0,1,1,参考化合物有效条目超过 8 条；该值比组内最高 Activity Level 低至少 0.4，仅删除该记录
NC[C@H]1O[C@H](O[C@H]2[C@H](O)[C@@H](O[C@H]3O[C@H](CO)[C@@H](O)[C@H](N)[C@H]3O)[C@H](N)C[C@@H]2N)[C@H](O)[C@@H](O)[C@@H]1O,Results_005,14817,0.1,0,1,1,参考化合物有效条目超过 8 条；该值比组内最高 Activity Level 低至少 0.4，仅删除该记录
NC[C@H]1O[C@H](O[C@H]2[C@H](O)[C@@H](O[C@H]3O[C@H](CO)[C@@H](O)[C@H](N)[C@H]3O)[C@H](N)C[C@@H]2N)[C@H](O)[C@@H](O)[C@@H]1O,Results_005,15093,0.2,0,1,1,参考化合物有效条目超过 8 条；该值比组内最高 Activity Level 低至少 0.4，仅删除该记录
NC[C@H]1O[C@H](O[C@H]2[C@H](O)[C@@H](O[C@H]3O[C@H](CO)[C@@H](O)[C@H](N)[C@H]3O)[C@H](N)C[C@@H]2N)[C@H](O)[C@@H](O)[C@@H]1O,Results_005,15094,0.2,0,1,1,参考化合物有效条目超过 8 条；该值比组内最高 Activity Level 低至少 0.4，仅删除该记录
Cc1cc(NCc2ccccn2)n2nc(C)c(-c3ccccc3)c2n1,Results_001,5070,0.8,0.1,0.8,0.7,普通化合物当前有效条目=3，跨度≥0.6；中位数=0.1，左侧=0，右侧=1；中位数左侧为空，删除右侧最高值
Cc1cc(NCc2ccccn2)n2ncc(-c3cccc(Cl)c3)c2n1,Results_001,5102,0.8,0.1,0.8,0.7,普通化合物当前有效条目=3，跨度≥0.6；中位数=0.1，左侧=0，右侧=1；中位数左侧为空，删除右侧最高值
Cc1cc(NCc2ccccn2)n2ncc(-c3ccccc3F)c2n1,Results_001,5106,0.8,0.1,0.8,0.7,普通化合物当前有效条目=3，跨度≥0.6；中位数=0.1，左侧=0，右侧=1；中位数左侧为空，删除右侧最高值
Cc1cc(NCc2ccccn2)n2ncc(-c3ccc(F)c(Cl)c3)c2n1,Results_001,5109,1,0.1,1,0.9,普通化合物当前有效条目=3，跨度≥0.6；中位数=0.1，左侧=0，右侧=1；中位数左侧为空，删除右侧最高值
Cc1cc(NCc2ccc(F)cn2)n2nc(C)c(-c3ccccc3)c2n1,Results_001,5130,0.1,0.1,0.8,0.7,普通化合物当前有效条目=3，跨度≥0.6；中位数=0.6，左侧=1，右侧=1；两侧数量相同，删除距中位数更远的极端值；等距时删除低值
Cc1nc2sccn2c1C(=O)Nc1ccccc1,Results_003,1335,0.1,0.1,0.8,0.7,普通化合物当前有效条目=4，跨度≥0.6；中位数=0.8，左侧=1，右侧=0；中位数右侧为空，删除左侧最低值
Cc1nc2sccn2c1C(=O)NC1CCCCC1,Results_003,1336,0.1,0.1,0.8,0.7,普通化合物当前有效条目=4，跨度≥0.6；中位数=0.8，左侧=1，右侧=0；中位数右侧为空，删除左侧最低值
COc1ccc2c(c1)[nH]c1cc(O)c(C=O)cc12,Results_001,5440,0.6,0,0.6,0.6,普通化合物当前有效条目=3，跨度≥0.6；中位数=0.2，左侧=1，右侧=1；两侧数量相同，删除距中位数更远的极端值；等距时删除低值
O=c1c(NCc2ccccn2)c(-c2ccc(N3CCOCC3)cc2)c1=O,Results_001,13487,0.2,0.2,1,0.8,参考化合物有效条目超过 8 条；该值比组内最高 Activity Level 低至少 0.4，仅删除该记录
O=c1c(NCc2ccccn2)c(-c2ccc(N3CCOCC3)cc2)c1=O,Results_001,13488,0.6,0.2,1,0.8,参考化合物有效条目超过 8 条；该值比组内最高 Activity Level 低至少 0.4，仅删除该记录
COc1ncnc(Cn2cc(C(=O)NCCO)c3ncc(C)cc32)c1C,Results_005,14447,0.2,0.2,1,0.8,参考化合物有效条目超过 8 条；该值比组内最高 Activity Level 低至少 0.4，仅删除该记录
COc1ncnc(Cn2cc(C(=O)NCCO)c3ncc(C)cc32)c1C,Results_005,14450,0.2,0.2,1,0.8,参考化合物有效条目超过 8 条；该值比组内最高 Activity Level 低至少 0.4，仅删除该记录
COc1ncnc(Cn2cc(C(=O)NCCO)c3ncc(C)cc32)c1C,Results_005,14451,0.2,0.2,1,0.8,参考化合物有效条目超过 8 条；该值比组内最高 Activity Level 低至少 0.4，仅删除该记录
COc1ncnc(Cn2cc(C(=O)NCCO)c3ncc(C)cc32)c1C,Results_006,3499,0.2,0.2,1,0.8,参考化合物有效条目超过 8 条；该值比组内最高 Activity Level 低至少 0.4，仅删除该记录
CN(C)CCOc1ccc(C(c2ccccc2)c2ccc(Cl)cc2)c2ccccc12,Results_001,6068,0,0,0.6,0.6,普通化合物当前有效条目=2，跨度≥0.6；中位数=0.3，左侧=1，右侧=1；剩余两条评分跨度达到0.6，保留高值
Clc1ccc(C(c2ccccc2)c2ccc(OCCN3CCCC3)c3ccccc23)cc1,Results_001,6072,0,0,0.6,0.6,普通化合物当前有效条目=2，跨度≥0.6；中位数=0.3，左侧=1，右侧=1；剩余两条评分跨度达到0.6，保留高值
Clc1ccc(C(c2ccccc2)c2ccc(OCCN3CCCCC3)c3ccccc23)cc1,Results_001,6074,0,0,0.6,0.6,普通化合物当前有效条目=2，跨度≥0.6；中位数=0.3，左侧=1，右侧=1；剩余两条评分跨度达到0.6，保留高值
Clc1ccc(C(c2ccccc2)c2ccc(OCCN3CCCCCC3)c3ccccc23)cc1,Results_001,6076,0,0,0.6,0.6,普通化合物当前有效条目=2，跨度≥0.6；中位数=0.3，左侧=1，右侧=1；剩余两条评分跨度达到0.6，保留高值
CN(C)CCOc1ccc(C(c2ccccc2)c2ccc(F)cc2)c2ccccc12,Results_001,6088,0,0,0.6,0.6,普通化合物当前有效条目=2，跨度≥0.6；中位数=0.3，左侧=1，右侧=1；剩余两条评分跨度达到0.6，保留高值
CCN(CC)CCOc1ccc(C(c2ccccc2)c2ccc(F)cc2)c2ccccc12,Results_001,6090,0,0,0.6,0.6,普通化合物当前有效条目=2，跨度≥0.6；中位数=0.3，左侧=1，右侧=1；剩余两条评分跨度达到0.6，保留高值
O=C(Nc1cccc(Cl)c1)c1cnc(Cl)cn1,Results_003,10047,0,0,0.8,0.8,普通化合物当前有效条目=4，跨度≥0.6；中位数=0.6，左侧=1，右侧=1；两侧数量相同，删除距中位数更远的极端值；等距时删除低值
O=C(N/N=C/c1ccc(O)cc1)c1ccncc1,Results_003,3185,0.4,0.4,1,0.6,参考化合物有效条目超过 8 条；该值比组内最高 Activity Level 低至少 0.4，仅删除该记录
O=C(N/N=C/c1ccc(O)cc1)c1ccncc1,Results_003,3187,0.4,0.4,1,0.6,参考化合物有效条目超过 8 条；该值比组内最高 Activity Level 低至少 0.4，仅删除该记录
Cc1nc[nH]c1/C=N/NC(=O)c1ccncc1,Results_001,6262,0.4,0.4,1,0.6,普通化合物当前有效条目=4，跨度≥0.6；中位数=0.9，左侧=2，右侧=2；两侧数量相同，删除距中位数更远的极端值；等距时删除低值
O=C(N/N=C/c1ccc2[nH]ncc2c1)c1ccncc1,Results_001,6266,0.4,0.4,1,0.6,普通化合物当前有效条目=2，跨度≥0.6；中位数=0.7，左侧=1，右侧=1；剩余两条评分跨度达到0.6，保留高值
O=C(N/N=C/c1ccc2c[nH]nc2c1)c1ccncc1,Results_001,6268,0.4,0.4,1,0.6,普通化合物当前有效条目=4，跨度≥0.6；中位数=0.9，左侧=2，右侧=2；两侧数量相同，删除距中位数更远的极端值；等距时删除低值
Cc1[nH]c2ccccc2c1/C=N/NC(=O)c1ccncc1,Results_001,6272,0.4,0.4,1,0.6,普通化合物当前有效条目=2，跨度≥0.6；中位数=0.7，左侧=1，右侧=1；剩余两条评分跨度达到0.6，保留高值
O=C(N/N=C/c1c[nH]c2ncccc12)c1ccncc1,Results_001,6274,0.4,0.4,1,0.6,普通化合物当前有效条目=4，跨度≥0.6；中位数=0.9，左侧=2，右侧=2；两侧数量相同，删除距中位数更远的极端值；等距时删除低值
O=C(N/N=C/c1c[nH]c2ccccc12)c1ccncc1,Results_001,6278,0.4,0.4,1,0.6,普通化合物当前有效条目=2，跨度≥0.6；中位数=0.7，左侧=1，右侧=1；剩余两条评分跨度达到0.6，保留高值
O=C(N/N=C/c1cc2ccccc2[nH]1)c1ccncc1,Results_001,6282,0.4,0.4,1,0.6,普通化合物当前有效条目=4，跨度≥0.6；中位数=0.9，左侧=2，右侧=2；两侧数量相同，删除距中位数更远的极端值；等距时删除低值
CC(=O)c1c(C)n(-c2ccc(N(C)C)cc2)c2ccc(O)c(CN3CCCC3)c12,Results_004,16212,0.4,0.4,1,0.6,普通化合物当前有效条目=2，跨度≥0.6；中位数=0.7，左侧=1，右侧=1；剩余两条评分跨度达到0.6，保留高值
O=c1oc2cc(O)ccc2c2oc3ccc(O)c(CN4CCCCC4)c3c12,Results_004,13204,0.2,0.2,1,0.8,参考化合物有效条目超过 8 条；该值比组内最高 Activity Level 低至少 0.4，仅删除该记录
O=c1oc2cc(O)ccc2c2oc3ccc(O)c(CN4CCCCC4)c3c12,Results_004,13205,0.2,0.2,1,0.8,参考化合物有效条目超过 8 条；该值比组内最高 Activity Level 低至少 0.4，仅删除该记录
N[C@@H]1CONC1=O,Results_001,6797,0.2,0,0.6,0.6,参考化合物有效条目超过 8 条；该值比组内最高 Activity Level 低至少 0.4，仅删除该记录
N[C@@H]1CONC1=O,Results_001,16781,0.1,0,0.6,0.6,参考化合物有效条目超过 8 条；该值比组内最高 Activity Level 低至少 0.4，仅删除该记录
N[C@@H]1CONC1=O,Results_003,8391,0,0,0.6,0.6,参考化合物有效条目超过 8 条；该值比组内最高 Activity Level 低至少 0.4，仅删除该记录
N[C@@H]1CONC1=O,Results_003,9028,0.2,0,0.6,0.6,参考化合物有效条目超过 8 条；该值比组内最高 Activity Level 低至少 0.4，仅删除该记录
N[C@@H]1CONC1=O,Results_003,17561,0,0,0.6,0.6,参考化合物有效条目超过 8 条；该值比组内最高 Activity Level 低至少 0.4，仅删除该记录
N[C@@H]1CONC1=O,Results_004,6400,0,0,0.6,0.6,参考化合物有效条目超过 8 条；该值比组内最高 Activity Level 低至少 0.4，仅删除该记录
N[C@@H]1CONC1=O,Results_004,6401,0.1,0,0.6,0.6,参考化合物有效条目超过 8 条；该值比组内最高 Activity Level 低至少 0.4，仅删除该记录
N[C@@H]1CONC1=O,Results_004,6402,0.1,0,0.6,0.6,参考化合物有效条目超过 8 条；该值比组内最高 Activity Level 低至少 0.4，仅删除该记录
N[C@@H]1CONC1=O,Results_004,6403,0.2,0,0.6,0.6,参考化合物有效条目超过 8 条；该值比组内最高 Activity Level 低至少 0.4，仅删除该记录
N[C@@H]1CONC1=O,Results_004,6404,0,0,0.6,0.6,参考化合物有效条目超过 8 条；该值比组内最高 Activity Level 低至少 0.4，仅删除该记录
N[C@@H]1CONC1=O,Results_004,12887,0.2,0,0.6,0.6,参考化合物有效条目超过 8 条；该值比组内最高 Activity Level 低至少 0.4，仅删除该记录
N[C@@H]1CONC1=O,Results_004,13118,0.1,0,0.6,0.6,参考化合物有效条目超过 8 条；该值比组内最高 Activity Level 低至少 0.4，仅删除该记录
N[C@@H]1CONC1=O,Results_005,4877,0.1,0,0.6,0.6,参考化合物有效条目超过 8 条；该值比组内最高 Activity Level 低至少 0.4，仅删除该记录
N[C@@H]1CONC1=O,Results_005,4878,0.2,0,0.6,0.6,参考化合物有效条目超过 8 条；该值比组内最高 Activity Level 低至少 0.4，仅删除该记录
N[C@@H]1CONC1=O,Results_005,4879,0.1,0,0.6,0.6,参考化合物有效条目超过 8 条；该值比组内最高 Activity Level 低至少 0.4，仅删除该记录
N[C@@H]1CONC1=O,Results_005,4880,0.1,0,0.6,0.6,参考化合物有效条目超过 8 条；该值比组内最高 Activity Level 低至少 0.4，仅删除该记录
N[C@@H]1CONC1=O,Results_005,4881,0.1,0,0.6,0.6,参考化合物有效条目超过 8 条；该值比组内最高 Activity Level 低至少 0.4，仅删除该记录
N[C@@H]1CONC1=O,Results_005,7515,0,0,0.6,0.6,参考化合物有效条目超过 8 条；该值比组内最高 Activity Level 低至少 0.4，仅删除该记录
N[C@@H]1CONC1=O,Results_005,7516,0,0,0.6,0.6,参考化合物有效条目超过 8 条；该值比组内最高 Activity Level 低至少 0.4，仅删除该记录
N[C@@H]1CONC1=O,Results_005,9037,0.2,0,0.6,0.6,参考化合物有效条目超过 8 条；该值比组内最高 Activity Level 低至少 0.4，仅删除该记录
N[C@@H]1CONC1=O,Results_005,14647,0.2,0,0.6,0.6,参考化合物有效条目超过 8 条；该值比组内最高 Activity Level 低至少 0.4，仅删除该记录
N[C@@H]1CONC1=O,Results_005,14694,0.1,0,0.6,0.6,参考化合物有效条目超过 8 条；该值比组内最高 Activity Level 低至少 0.4，仅删除该记录
N[C@@H]1CONC1=O,Results_005,15053,0.1,0,0.6,0.6,参考化合物有效条目超过 8 条；该值比组内最高 Activity Level 低至少 0.4，仅删除该记录
N[C@@H]1CONC1=O,Results_005,18027,0,0,0.6,0.6,参考化合物有效条目超过 8 条；该值比组内最高 Activity Level 低至少 0.4，仅删除该记录
Cc1ccc(C(=O)C=Cc2ccc(N(C)C)cc2)o1,Results_001,6857,0,0,0.8,0.8,普通化合物当前有效条目=2，跨度≥0.6；中位数=0.4，左侧=1，右侧=1；剩余两条评分跨度达到0.6，保留高值
NCC[C@H](O)C(=O)N[C@@H]1C[C@H](N)[C@@H](O[C@H]2O[C@H](CN)[C@@H](O)[C@H](O)[C@H]2O)[C@H](O)[C@H]1O[C@H]1O[C@H](CO)[C@@H](O)[C@H](N)[C@H]1O,Results_002,3472,0.4,0.1,1,0.9,参考化合物有效条目超过 8 条；该值比组内最高 Activity Level 低至少 0.4，仅删除该记录
NCC[C@H](O)C(=O)N[C@@H]1C[C@H](N)[C@@H](O[C@H]2O[C@H](CN)[C@@H](O)[C@H](O)[C@H]2O)[C@H](O)[C@H]1O[C@H]1O[C@H](CO)[C@@H](O)[C@H](N)[C@H]1O,Results_002,3475,0.4,0.1,1,0.9,参考化合物有效条目超过 8 条；该值比组内最高 Activity Level 低至少 0.4，仅删除该记录
NCC[C@H](O)C(=O)N[C@@H]1C[C@H](N)[C@@H](O[C@H]2O[C@H](CN)[C@@H](O)[C@H](O)[C@H]2O)[C@H](O)[C@H]1O[C@H]1O[C@H](CO)[C@@H](O)[C@H](N)[C@H]1O,Results_002,13751,0.4,0.1,1,0.9,参考化合物有效条目超过 8 条；该值比组内最高 Activity Level 低至少 0.4，仅删除该记录
NCC[C@H](O)C(=O)N[C@@H]1C[C@H](N)[C@@H](O[C@H]2O[C@H](CN)[C@@H](O)[C@H](O)[C@H]2O)[C@H](O)[C@H]1O[C@H]1O[C@H](CO)[C@@H](O)[C@H](N)[C@H]1O,Results_002,13754,0.4,0.1,1,0.9,参考化合物有效条目超过 8 条；该值比组内最高 Activity Level 低至少 0.4，仅删除该记录
NCC[C@H](O)C(=O)N[C@@H]1C[C@H](N)[C@@H](O[C@H]2O[C@H](CN)[C@@H](O)[C@H](O)[C@H]2O)[C@H](O)[C@H]1O[C@H]1O[C@H](CO)[C@@H](O)[C@H](N)[C@H]1O,Results_002,13757,0.4,0.1,1,0.9,参考化合物有效条目超过 8 条；该值比组内最高 Activity Level 低至少 0.4，仅删除该记录
NCC[C@H](O)C(=O)N[C@@H]1C[C@H](N)[C@@H](O[C@H]2O[C@H](CN)[C@@H](O)[C@H](O)[C@H]2O)[C@H](O)[C@H]1O[C@H]1O[C@H](CO)[C@@H](O)[C@H](N)[C@H]1O,Results_002,13760,0.4,0.1,1,0.9,参考化合物有效条目超过 8 条；该值比组内最高 Activity Level 低至少 0.4，仅删除该记录
NCC[C@H](O)C(=O)N[C@@H]1C[C@H](N)[C@@H](O[C@H]2O[C@H](CN)[C@@H](O)[C@H](O)[C@H]2O)[C@H](O)[C@H]1O[C@H]1O[C@H](CO)[C@@H](O)[C@H](N)[C@H]1O,Results_003,9886,0.1,0.1,1,0.9,参考化合物有效条目超过 8 条；该值比组内最高 Activity Level 低至少 0.4，仅删除该记录
NCC[C@H](O)C(=O)N[C@@H]1C[C@H](N)[C@@H](O[C@H]2O[C@H](CN)[C@@H](O)[C@H](O)[C@H]2O)[C@H](O)[C@H]1O[C@H]1O[C@H](CO)[C@@H](O)[C@H](N)[C@H]1O,Results_004,11125,0.4,0.1,1,0.9,参考化合物有效条目超过 8 条；该值比组内最高 Activity Level 低至少 0.4，仅删除该记录
NCC[C@H](O)C(=O)N[C@@H]1C[C@H](N)[C@@H](O[C@H]2O[C@H](CN)[C@@H](O)[C@H](O)[C@H]2O)[C@H](O)[C@H]1O[C@H]1O[C@H](CO)[C@@H](O)[C@H](N)[C@H]1O,Results_004,13495,0.1,0.1,1,0.9,参考化合物有效条目超过 8 条；该值比组内最高 Activity Level 低至少 0.4，仅删除该记录
NCC[C@H](O)C(=O)N[C@@H]1C[C@H](N)[C@@H](O[C@H]2O[C@H](CN)[C@@H](O)[C@H](O)[C@H]2O)[C@H](O)[C@H]1O[C@H]1O[C@H](CO)[C@@H](O)[C@H](N)[C@H]1O,Results_005,855,0.4,0.1,1,0.9,参考化合物有效条目超过 8 条；该值比组内最高 Activity Level 低至少 0.4，仅删除该记录
NCC[C@H](O)C(=O)N[C@@H]1C[C@H](N)[C@@H](O[C@H]2O[C@H](CN)[C@@H](O)[C@H](O)[C@H]2O)[C@H](O)[C@H]1O[C@H]1O[C@H](CO)[C@@H](O)[C@H](N)[C@H]1O,Results_005,856,0.4,0.1,1,0.9,参考化合物有效条目超过 8 条；该值比组内最高 Activity Level 低至少 0.4，仅删除该记录
NCC[C@H](O)C(=O)N[C@@H]1C[C@H](N)[C@@H](O[C@H]2O[C@H](CN)[C@@H](O)[C@H](O)[C@H]2O)[C@H](O)[C@H]1O[C@H]1O[C@H](CO)[C@@H](O)[C@H](N)[C@H]1O,Results_005,6025,0.4,0.1,1,0.9,参考化合物有效条目超过 8 条；该值比组内最高 Activity Level 低至少 0.4，仅删除该记录
NCC[C@H](O)C(=O)N[C@@H]1C[C@H](N)[C@@H](O[C@H]2O[C@H](CN)[C@@H](O)[C@H](O)[C@H]2O)[C@H](O)[C@H]1O[C@H]1O[C@H](CO)[C@@H](O)[C@H](N)[C@H]1O,Results_005,6027,0.4,0.1,1,0.9,参考化合物有效条目超过 8 条；该值比组内最高 Activity Level 低至少 0.4，仅删除该记录
NCC[C@H](O)C(=O)N[C@@H]1C[C@H](N)[C@@H](O[C@H]2O[C@H](CN)[C@@H](O)[C@H](O)[C@H]2O)[C@H](O)[C@H]1O[C@H]1O[C@H](CO)[C@@H](O)[C@H](N)[C@H]1O,Results_005,6925,0.4,0.1,1,0.9,参考化合物有效条目超过 8 条；该值比组内最高 Activity Level 低至少 0.4，仅删除该记录
NCC[C@H](O)C(=O)N[C@@H]1C[C@H](N)[C@@H](O[C@H]2O[C@H](CN)[C@@H](O)[C@H](O)[C@H]2O)[C@H](O)[C@H]1O[C@H]1O[C@H](CO)[C@@H](O)[C@H](N)[C@H]1O,Results_006,747,0.6,0.1,1,0.9,参考化合物有效条目超过 8 条；该值比组内最高 Activity Level 低至少 0.4，仅删除该记录
NCC[C@H](O)C(=O)N[C@@H]1C[C@H](N)[C@@H](O[C@H]2O[C@H](CN)[C@@H](O)[C@H](O)[C@H]2O)[C@H](O)[C@H]1O[C@H]1O[C@H](CO)[C@@H](O)[C@H](N)[C@H]1O,Results_006,1621,0.4,0.1,1,0.9,参考化合物有效条目超过 8 条；该值比组内最高 Activity Level 低至少 0.4，仅删除该记录
O=c1oc2ccccc2c2oc3ccc(O)c(CN4CCCCC4)c3c12,Results_004,13213,0.4,0.2,1,0.8,参考化合物有效条目超过 8 条；该值比组内最高 Activity Level 低至少 0.4，仅删除该记录
O=c1oc2ccccc2c2oc3ccc(O)c(CN4CCCCC4)c3c12,Results_004,13214,0.4,0.2,1,0.8,参考化合物有效条目超过 8 条；该值比组内最高 Activity Level 低至少 0.4，仅删除该记录
O=c1oc2ccccc2c2oc3ccc(O)c(CN4CCCCC4)c3c12,Results_004,13215,0.2,0.2,1,0.8,参考化合物有效条目超过 8 条；该值比组内最高 Activity Level 低至少 0.4，仅删除该记录
O=c1oc2ccccc2c2oc3ccc(O)c(CN4CCCCC4)c3c12,Results_004,13216,0.4,0.2,1,0.8,参考化合物有效条目超过 8 条；该值比组内最高 Activity Level 低至少 0.4，仅删除该记录
O=c1oc2ccccc2c2oc3ccc(O)c(CN4CCCCC4)c3c12,Results_005,13546,0.4,0.2,1,0.8,参考化合物有效条目超过 8 条；该值比组内最高 Activity Level 低至少 0.4，仅删除该记录
O=C(NN=Cc1ccco1)c1ccccc1O,Results_001,6998,0.4,0.4,0.8,0.4,参考化合物有效条目超过 8 条；该值比组内最高 Activity Level 低至少 0.4，仅删除该记录
O=C(NN=Cc1ccco1)c1ccccc1O,Results_001,6999,0.4,0.4,0.8,0.4,参考化合物有效条目超过 8 条；该值比组内最高 Activity Level 低至少 0.4，仅删除该记录
O=C(NN=Cc1ccco1)c1ccccc1O,Results_001,7000,0.4,0.4,0.8,0.4,参考化合物有效条目超过 8 条；该值比组内最高 Activity Level 低至少 0.4，仅删除该记录
O=C(NN=Cc1ccco1)c1ccccc1O,Results_001,7001,0.4,0.4,0.8,0.4,参考化合物有效条目超过 8 条；该值比组内最高 Activity Level 低至少 0.4，仅删除该记录
O=C(NN=Cc1ccco1)c1ccccc1O,Results_001,7002,0.4,0.4,0.8,0.4,参考化合物有效条目超过 8 条；该值比组内最高 Activity Level 低至少 0.4，仅删除该记录
O=C(NN=Cc1ccco1)c1ccccc1O,Results_001,7004,0.4,0.4,0.8,0.4,参考化合物有效条目超过 8 条；该值比组内最高 Activity Level 低至少 0.4，仅删除该记录
O=C(NN=Cc1ccco1)c1ccccc1O,Results_001,7005,0.4,0.4,0.8,0.4,参考化合物有效条目超过 8 条；该值比组内最高 Activity Level 低至少 0.4，仅删除该记录
O=C(NN=Cc1ccco1)c1ccccc1O,Results_001,7006,0.4,0.4,0.8,0.4,参考化合物有效条目超过 8 条；该值比组内最高 Activity Level 低至少 0.4，仅删除该记录
O=C(NN=Cc1ccco1)c1ccccc1O,Results_001,7008,0.4,0.4,0.8,0.4,参考化合物有效条目超过 8 条；该值比组内最高 Activity Level 低至少 0.4，仅删除该记录
O=C(N/N=C/C=C/c1ccccc1)c1ccccc1O,Results_001,7028,0.6,0.6,1,0.4,参考化合物有效条目超过 8 条；该值比组内最高 Activity Level 低至少 0.4，仅删除该记录
O=C(N/N=C/C=C/c1ccccc1)c1ccccc1O,Results_001,7029,0.6,0.6,1,0.4,参考化合物有效条目超过 8 条；该值比组内最高 Activity Level 低至少 0.4，仅删除该记录
O=C(N/N=C/C=C/c1ccccc1)c1ccccc1O,Results_001,7031,0.6,0.6,1,0.4,参考化合物有效条目超过 8 条；该值比组内最高 Activity Level 低至少 0.4，仅删除该记录
O=C(N/N=C/C=C/c1ccccc1)c1ccccc1O,Results_001,7032,0.6,0.6,1,0.4,参考化合物有效条目超过 8 条；该值比组内最高 Activity Level 低至少 0.4，仅删除该记录
Nc1ccc(C(=O)O)c(O)c1,Results_001,7212,0.2,0,1,1,参考化合物有效条目超过 8 条；该值比组内最高 Activity Level 低至少 0.4，仅删除该记录
Nc1ccc(C(=O)O)c(O)c1,Results_001,7213,0.2,0,1,1,参考化合物有效条目超过 8 条；该值比组内最高 Activity Level 低至少 0.4，仅删除该记录
Nc1ccc(C(=O)O)c(O)c1,Results_001,7214,0.2,0,1,1,参考化合物有效条目超过 8 条；该值比组内最高 Activity Level 低至少 0.4，仅删除该记录
Nc1ccc(C(=O)O)c(O)c1,Results_002,4087,0.4,0,1,1,参考化合物有效条目超过 8 条；该值比组内最高 Activity Level 低至少 0.4，仅删除该记录
Nc1ccc(C(=O)O)c(O)c1,Results_002,4088,0.4,0,1,1,参考化合物有效条目超过 8 条；该值比组内最高 Activity Level 低至少 0.4，仅删除该记录
Nc1ccc(C(=O)O)c(O)c1,Results_002,4089,0.4,0,1,1,参考化合物有效条目超过 8 条；该值比组内最高 Activity Level 低至少 0.4，仅删除该记录
Nc1ccc(C(=O)O)c(O)c1,Results_002,15986,0.4,0,1,1,参考化合物有效条目超过 8 条；该值比组内最高 Activity Level 低至少 0.4，仅删除该记录
Nc1ccc(C(=O)O)c(O)c1,Results_002,17343,0.4,0,1,1,参考化合物有效条目超过 8 条；该值比组内最高 Activity Level 低至少 0.4，仅删除该记录
Nc1ccc(C(=O)O)c(O)c1,Results_002,17344,0.4,0,1,1,参考化合物有效条目超过 8 条；该值比组内最高 Activity Level 低至少 0.4，仅删除该记录
Nc1ccc(C(=O)O)c(O)c1,Results_003,7884,0.2,0,1,1,参考化合物有效条目超过 8 条；该值比组内最高 Activity Level 低至少 0.4，仅删除该记录
Nc1ccc(C(=O)O)c(O)c1,Results_003,10119,0.4,0,1,1,参考化合物有效条目超过 8 条；该值比组内最高 Activity Level 低至少 0.4，仅删除该记录
Nc1ccc(C(=O)O)c(O)c1,Results_003,14950,0.6,0,1,1,参考化合物有效条目超过 8 条；该值比组内最高 Activity Level 低至少 0.4，仅删除该记录
Nc1ccc(C(=O)O)c(O)c1,Results_004,4869,0.1,0,1,1,参考化合物有效条目超过 8 条；该值比组内最高 Activity Level 低至少 0.4，仅删除该记录
Nc1ccc(C(=O)O)c(O)c1,Results_004,4870,0.1,0,1,1,参考化合物有效条目超过 8 条；该值比组内最高 Activity Level 低至少 0.4，仅删除该记录
Nc1ccc(C(=O)O)c(O)c1,Results_004,13802,0,0,1,1,参考化合物有效条目超过 8 条；该值比组内最高 Activity Level 低至少 0.4，仅删除该记录
Nc1ccc(C(=O)O)c(O)c1,Results_004,13803,0,0,1,1,参考化合物有效条目超过 8 条；该值比组内最高 Activity Level 低至少 0.4，仅删除该记录
Nc1ccc(C(=O)O)c(O)c1,Results_004,14362,0.4,0,1,1,参考化合物有效条目超过 8 条；该值比组内最高 Activity Level 低至少 0.4，仅删除该记录
Nc1ccc(C(=O)O)c(O)c1,Results_004,17699,0.4,0,1,1,参考化合物有效条目超过 8 条；该值比组内最高 Activity Level 低至少 0.4，仅删除该记录
Nc1ccc(C(=O)O)c(O)c1,Results_005,4946,0.1,0,1,1,参考化合物有效条目超过 8 条；该值比组内最高 Activity Level 低至少 0.4，仅删除该记录
Nc1ccc(C(=O)O)c(O)c1,Results_005,4947,0.1,0,1,1,参考化合物有效条目超过 8 条；该值比组内最高 Activity Level 低至少 0.4，仅删除该记录
Nc1ccc(C(=O)O)c(O)c1,Results_005,4948,0.2,0,1,1,参考化合物有效条目超过 8 条；该值比组内最高 Activity Level 低至少 0.4，仅删除该记录
Nc1ccc(C(=O)O)c(O)c1,Results_005,8640,0.4,0,1,1,参考化合物有效条目超过 8 条；该值比组内最高 Activity Level 低至少 0.4，仅删除该记录
Nc1ccc(C(=O)O)c(O)c1,Results_005,9899,0.4,0,1,1,参考化合物有效条目超过 8 条；该值比组内最高 Activity Level 低至少 0.4，仅删除该记录
Nc1ccc(C(=O)O)c(O)c1,Results_005,10001,0.4,0,1,1,参考化合物有效条目超过 8 条；该值比组内最高 Activity Level 低至少 0.4，仅删除该记录
Nc1ccc(C(=O)O)c(O)c1,Results_005,12880,0.4,0,1,1,参考化合物有效条目超过 8 条；该值比组内最高 Activity Level 低至少 0.4，仅删除该记录
Nc1ccc(C(=O)O)c(O)c1,Results_005,13610,0.6,0,1,1,参考化合物有效条目超过 8 条；该值比组内最高 Activity Level 低至少 0.4，仅删除该记录
Nc1ccc(C(=O)O)c(O)c1,Results_005,14827,0.1,0,1,1,参考化合物有效条目超过 8 条；该值比组内最高 Activity Level 低至少 0.4，仅删除该记录
Nc1ccc(C(=O)O)c(O)c1,Results_005,16481,0.4,0,1,1,参考化合物有效条目超过 8 条；该值比组内最高 Activity Level 低至少 0.4，仅删除该记录
Nc1ccc(C(=O)O)c(O)c1,Results_006,885,0.6,0,1,1,参考化合物有效条目超过 8 条；该值比组内最高 Activity Level 低至少 0.4，仅删除该记录
Nc1ccc(C(=O)O)c(O)c1,Results_006,1589,0.6,0,1,1,参考化合物有效条目超过 8 条；该值比组内最高 Activity Level 低至少 0.4，仅删除该记录
Nc1ccc(C(=O)O)c(O)c1,Results_006,2545,0.4,0,1,1,参考化合物有效条目超过 8 条；该值比组内最高 Activity Level 低至少 0.4，仅删除该记录
Nc1ccc(C(=O)O)c(O)c1,Results_006,2546,0.6,0,1,1,参考化合物有效条目超过 8 条；该值比组内最高 Activity Level 低至少 0.4，仅删除该记录
O=C(c1nc2ccccc2s1)N1CCOCC1,Results_001,7313,0.1,0.1,0.8,0.7,普通化合物当前有效条目=5，跨度≥0.6；中位数=0.8，左侧=1，右侧=0；中位数右侧为空，删除左侧最低值
COC(=O)/C=C1\Nc2ccccc2OC1=O,Results_001,9239,0.1,0,0.8,0.8,参考化合物有效条目超过 8 条；该值比组内最高 Activity Level 低至少 0.4，仅删除该记录
COC(=O)/C=C1\Nc2ccccc2OC1=O,Results_003,12057,0.4,0,0.8,0.8,参考化合物有效条目超过 8 条；该值比组内最高 Activity Level 低至少 0.4，仅删除该记录
COC(=O)/C=C1\Nc2ccccc2OC1=O,Results_005,3446,0,0,0.8,0.8,参考化合物有效条目超过 8 条；该值比组内最高 Activity Level 低至少 0.4，仅删除该记录
COC(=O)/C=C1\Nc2ccc(Cl)cc2OC1=O,Results_001,9251,0.2,0.2,0.8,0.6,普通化合物当前有效条目=7，跨度≥0.6；中位数=0.8，左侧=1，右侧=0；中位数右侧为空，删除左侧最低值
C=C/C(C)=C/[C@@]1(C)SC(=O)C(C)=C1O,Results_001,7782,0.25,0.1,0.8,0.7,参考化合物有效条目超过 8 条；该值比组内最高 Activity Level 低至少 0.4，仅删除该记录
C=C/C(C)=C/[C@@]1(C)SC(=O)C(C)=C1O,Results_003,6556,0.4,0.1,0.8,0.7,参考化合物有效条目超过 8 条；该值比组内最高 Activity Level 低至少 0.4，仅删除该记录
C=C/C(C)=C/[C@@]1(C)SC(=O)C(C)=C1O,Results_003,8447,0.2,0.1,0.8,0.7,参考化合物有效条目超过 8 条；该值比组内最高 Activity Level 低至少 0.4，仅删除该记录
C=C/C(C)=C/[C@@]1(C)SC(=O)C(C)=C1O,Results_003,8448,0.1,0.1,0.8,0.7,参考化合物有效条目超过 8 条；该值比组内最高 Activity Level 低至少 0.4，仅删除该记录
C=C/C(C)=C/[C@@]1(C)SC(=O)C(C)=C1O,Results_003,17404,0.4,0.1,0.8,0.7,参考化合物有效条目超过 8 条；该值比组内最高 Activity Level 低至少 0.4，仅删除该记录
C=C/C(C)=C/[C@@]1(C)SC(=O)C(C)=C1O,Results_004,11683,0.2,0.1,0.8,0.7,参考化合物有效条目超过 8 条；该值比组内最高 Activity Level 低至少 0.4，仅删除该记录
C=C/C(C)=C/[C@@]1(C)SC(=O)C(C)=C1O,Results_004,13184,0.4,0.1,0.8,0.7,参考化合物有效条目超过 8 条；该值比组内最高 Activity Level 低至少 0.4，仅删除该记录
C=C/C(C)=C/[C@@]1(C)SC(=O)C(C)=C1O,Results_004,13185,0.4,0.1,0.8,0.7,参考化合物有效条目超过 8 条；该值比组内最高 Activity Level 低至少 0.4，仅删除该记录
C=C/C(C)=C/[C@@]1(C)SC(=O)C(C)=C1O,Results_004,13186,0.4,0.1,0.8,0.7,参考化合物有效条目超过 8 条；该值比组内最高 Activity Level 低至少 0.4，仅删除该记录
C=C/C(C)=C/[C@@]1(C)SC(=O)C(C)=C1O,Results_005,8582,0.1,0.1,0.8,0.7,参考化合物有效条目超过 8 条；该值比组内最高 Activity Level 低至少 0.4，仅删除该记录
C=C/C(C)=C/[C@@]1(C)SC(=O)C(C)=C1O,Results_005,8583,0.2,0.1,0.8,0.7,参考化合物有效条目超过 8 条；该值比组内最高 Activity Level 低至少 0.4，仅删除该记录
C=C/C(C)=C/[C@@]1(C)SC(=O)C(C)=C1O,Results_005,8584,0.4,0.1,0.8,0.7,参考化合物有效条目超过 8 条；该值比组内最高 Activity Level 低至少 0.4，仅删除该记录
C=C/C(C)=C/[C@@]1(C)SC(=O)C(C)=C1O,Results_005,8585,0.4,0.1,0.8,0.7,参考化合物有效条目超过 8 条；该值比组内最高 Activity Level 低至少 0.4，仅删除该记录
C=C/C(C)=C/[C@@]1(C)SC(=O)C(C)=C1O,Results_005,8586,0.4,0.1,0.8,0.7,参考化合物有效条目超过 8 条；该值比组内最高 Activity Level 低至少 0.4，仅删除该记录
C=C/C(C)=C/[C@@]1(C)SC(=O)C(C)=C1O,Results_005,14905,0.1,0.1,0.8,0.7,参考化合物有效条目超过 8 条；该值比组内最高 Activity Level 低至少 0.4，仅删除该记录
C=C/C(C)=C/[C@@]1(C)SC(=O)C(C)=C1O,Results_005,14906,0.1,0.1,0.8,0.7,参考化合物有效条目超过 8 条；该值比组内最高 Activity Level 低至少 0.4，仅删除该记录
C=C/C(C)=C/[C@@]1(C)SC(=O)C(C)=C1O,Results_005,14907,0.2,0.1,0.8,0.7,参考化合物有效条目超过 8 条；该值比组内最高 Activity Level 低至少 0.4，仅删除该记录
C=C/C(C)=C/[C@@]1(C)SC(=O)C(C)=C1O,Results_005,14908,0.1,0.1,0.8,0.7,参考化合物有效条目超过 8 条；该值比组内最高 Activity Level 低至少 0.4，仅删除该记录
C=C/C(C)=C/[C@@]1(C)SC(=O)C(C)=C1O,Results_005,14909,0.4,0.1,0.8,0.7,参考化合物有效条目超过 8 条；该值比组内最高 Activity Level 低至少 0.4，仅删除该记录
C=C/C(C)=C/[C@@]1(C)SC(=O)C(C)=C1O,Results_005,14910,0.2,0.1,0.8,0.7,参考化合物有效条目超过 8 条；该值比组内最高 Activity Level 低至少 0.4，仅删除该记录
CC(=O)Oc1ccccc1C(=O)Nc1ncc([N+](=O)[O-])s1,Results_001,7871,0.4,0.1,0.8,0.7,参考化合物有效条目超过 8 条；该值比组内最高 Activity Level 低至少 0.4，仅删除该记录
CC(=O)Oc1ccccc1C(=O)Nc1ncc([N+](=O)[O-])s1,Results_003,498,0.1,0.1,0.8,0.7,参考化合物有效条目超过 8 条；该值比组内最高 Activity Level 低至少 0.4，仅删除该记录
CC(=O)Oc1ccccc1C(=O)Nc1ncc([N+](=O)[O-])s1,Results_003,2440,0.4,0.1,0.8,0.7,参考化合物有效条目超过 8 条；该值比组内最高 Activity Level 低至少 0.4，仅删除该记录
CC(=O)Oc1ccccc1C(=O)Nc1ncc([N+](=O)[O-])s1,Results_003,2441,0.4,0.1,0.8,0.7,参考化合物有效条目超过 8 条；该值比组内最高 Activity Level 低至少 0.4，仅删除该记录
O=C(Nc1ncc([N+](=O)[O-])s1)c1ccccc1O,Results_001,7872,0.4,0,0.8,0.8,参考化合物有效条目超过 8 条；该值比组内最高 Activity Level 低至少 0.4，仅删除该记录
O=C(Nc1ncc([N+](=O)[O-])s1)c1ccccc1O,Results_002,10529,0,0,0.8,0.8,参考化合物有效条目超过 8 条；该值比组内最高 Activity Level 低至少 0.4，仅删除该记录
O=C(Nc1ncc([N+](=O)[O-])s1)c1ccccc1O,Results_003,2442,0.4,0,0.8,0.8,参考化合物有效条目超过 8 条；该值比组内最高 Activity Level 低至少 0.4，仅删除该记录
O=C(Nc1ncc([N+](=O)[O-])s1)c1ccccc1O,Results_003,2443,0.4,0,0.8,0.8,参考化合物有效条目超过 8 条；该值比组内最高 Activity Level 低至少 0.4，仅删除该记录
COc1ccc2c(CS(=O)(=O)c3nc4ccccc4o3)cc(=O)oc2c1OC,Results_003,8439,0,0,1,1,普通化合物当前有效条目=4，跨度≥0.6；中位数=1，左侧=1，右侧=0；中位数右侧为空，删除左侧最低值
Br.COC(=O)/C(=C\c1ccc([N+](=O)[O-])cc1)CSC(=N)Nc1ccccc1,Results_001,7981,0.8,0.2,0.8,0.6,普通化合物当前有效条目=3，跨度≥0.6；中位数=0.4，左侧=1，右侧=1；两侧数量相同，删除距中位数更远的极端值；等距时删除低值
Cc1cc2oc(=O)cc(-c3cccc(N)c3)c2c(C)c1-c1ccc(CN2CCOCC2)cc1,Results_003,8438,0,0,1,1,普通化合物当前有效条目=3，跨度≥0.6；中位数=1，左侧=1，右侧=0；中位数右侧为空，删除左侧最低值
O=C(NNC(=S)NCCc1ccccc1)C1C=C([N+](=O)[O-])C=N1,Results_001,8322,0.2,0.2,0.8,0.6,普通化合物当前有效条目=2，跨度≥0.6；中位数=0.5，左侧=1，右侧=1；剩余两条评分跨度达到0.6，保留高值
CC(C)(C)n1nnnc1C(c1ccc(F)cc1)N1CCN(C2=NC(=O)/C(=C/c3ccccc3)S2)CC1,Results_002,19554,0,0,0.8,0.8,普通化合物当前有效条目=2，跨度≥0.6；中位数=0.4，左侧=1，右侧=1；剩余两条评分跨度达到0.6，保留高值
COc1ccc(C(c2nnnn2C(C)(C)C)N2CCN(C3=NC(=O)/C(=C/c4ccccc4)S3)CC2)cc1,Results_002,19555,0,0,0.8,0.8,普通化合物当前有效条目=2，跨度≥0.6；中位数=0.4，左侧=1，右侧=1；剩余两条评分跨度达到0.6，保留高值
CC(C)(C)c1ccc(N2CCN(Cc3ccc([N+](=O)[O-])o3)CC2)cc1,Results_004,14788,0.2,0.2,1,0.8,普通化合物当前有效条目=8，跨度≥0.6；中位数=1，左侧=2，右侧=0；中位数右侧为空，删除左侧最低值
O=C(Nc1nc(-c2ccccc2)cs1)c1ccc([N+](=O)[O-])o1,Results_001,8725,0.25,0.25,1,0.75,普通化合物当前有效条目=4，跨度≥0.6；中位数=0.625，左侧=2，右侧=2；两侧数量相同，删除距中位数更远的极端值；等距时删除低值
O=C(Nc1nc(-c2ccccc2)cs1)c1ccc([N+](=O)[O-])o1,Results_001,8727,0.25,0.25,1,0.75,普通化合物当前有效条目=3，跨度≥0.6；中位数=1，左侧=1，右侧=0；中位数右侧为空，删除左侧最低值
O=C(Nc1nc(-c2cccc(Cl)c2)cs1)c1ccc([N+](=O)[O-])o1,Results_001,8738,0.25,0.25,1,0.75,普通化合物当前有效条目=4，跨度≥0.6；中位数=0.625，左侧=2，右侧=2；两侧数量相同，删除距中位数更远的极端值；等距时删除低值
O=C(Nc1nc(-c2cccc(Cl)c2)cs1)c1ccc([N+](=O)[O-])o1,Results_001,8740,0.25,0.25,1,0.75,普通化合物当前有效条目=3，跨度≥0.6；中位数=1，左侧=1，右侧=0；中位数右侧为空，删除左侧最低值
CC(=O)Nc1cccc(-c2csc(NC(=O)c3ccc([N+](=O)[O-])o3)n2)c1,Results_001,8765,0.25,0.25,1,0.75,普通化合物当前有效条目=4，跨度≥0.6；中位数=0.625，左侧=2，右侧=2；两侧数量相同，删除距中位数更远的极端值；等距时删除低值
CC(=O)Nc1cccc(-c2csc(NC(=O)c3ccc([N+](=O)[O-])o3)n2)c1,Results_001,8767,0.25,0.25,1,0.75,普通化合物当前有效条目=3，跨度≥0.6；中位数=1，左侧=1，右侧=0；中位数右侧为空，删除左侧最低值
CC(C)c1ccc(-c2nc(CN3CCN(c4ccnc5cc(Cl)ccc45)CC3)no2)cc1,Results_001,9110,0.4,0.4,1,0.6,普通化合物当前有效条目=7，跨度≥0.6；中位数=0.8，左侧=1，右侧=1；两侧数量相同，删除距中位数更远的极端值；等距时删除低值
CC(C)c1ccc(-c2nc(CN3CCN(c4ccnc5cc(-c6cccnc6)ccc45)CC3)no2)cc1,Results_001,9114,1,0.4,1,0.6,普通化合物当前有效条目=7，跨度≥0.6；中位数=0.8，左侧=3，右侧=2；删除记录数较少一侧的最外侧值
CC(C)c1ccc(-c2nc(CN3CCN(c4ccnc5cc(-c6cccnc6)ccc45)CC3)no2)cc1,Results_005,387,0.4,0.4,1,0.6,普通化合物当前有效条目=6，跨度≥0.6；中位数=0.7，左侧=3，右侧=3；两侧数量相同，删除距中位数更远的极端值；等距时删除低值
O=C1Oc2ccccc2N/C1=C\C(=O)c1c[nH]c2ccccc12,Results_001,9271,0.2,0.2,0.8,0.6,普通化合物当前有效条目=6，跨度≥0.6；中位数=0.8，左侧=1，右侧=0；中位数右侧为空，删除左侧最低值
O=C1Oc2ccccc2N/C1=C\C(=O)c1cccs1,Results_001,9277,0.2,0.2,0.8,0.6,普通化合物当前有效条目=6，跨度≥0.6；中位数=0.6，左侧=1，右侧=1；两侧数量相同，删除距中位数更远的极端值；等距时删除低值
O=C1Oc2ccccc2N/C1=C\C(=O)N1CCOCC1,Results_001,9283,0.2,0.2,0.8,0.6,普通化合物当前有效条目=6，跨度≥0.6；中位数=0.8，左侧=1，右侧=0；中位数右侧为空，删除左侧最低值
O=C(NNC(=O)c1ccncc1)C(=O)Nc1ccccc1O,Results_001,9294,1,0.2,1,0.8,普通化合物当前有效条目=6，跨度≥0.6；中位数=0.8，左侧=2，右侧=1；删除记录数较少一侧的最外侧值
O=C(NNC(=O)c1ccncc1)C(=O)Nc1ccccc1O,Results_001,9296,0.2,0.2,0.8,0.6,普通化合物当前有效条目=5，跨度≥0.6；中位数=0.8，左侧=2，右侧=0；中位数右侧为空，删除左侧最低值
O=C(NNC(=O)c1ccncc1)C(=O)Nc1cc(Cl)ccc1O,Results_001,9300,1,0.2,1,0.8,普通化合物当前有效条目=6，跨度≥0.6；中位数=0.8，左侧=2，右侧=1；删除记录数较少一侧的最外侧值
O=C(NNC(=O)c1ccncc1)C(=O)Nc1cc(Cl)ccc1O,Results_001,9302,0.2,0.2,0.8,0.6,普通化合物当前有效条目=5，跨度≥0.6；中位数=0.8，左侧=2，右侧=0；中位数右侧为空，删除左侧最低值
O=C(NNC(=O)c1ccncc1)C(=O)Nc1ccc(Cl)cc1O,Results_001,9306,1,0.2,1,0.8,普通化合物当前有效条目=6，跨度≥0.6；中位数=0.8，左侧=2，右侧=1；删除记录数较少一侧的最外侧值
O=C(NNC(=O)c1ccncc1)C(=O)Nc1ccc(Cl)cc1O,Results_001,9308,0.2,0.2,0.8,0.6,普通化合物当前有效条目=5，跨度≥0.6；中位数=0.8，左侧=2，右侧=0；中位数右侧为空，删除左侧最低值
COC(=O)c1ccccc1S(=O)(=O)NC(=O)Nc1nc(C)cc(C)n1,Results_001,10953,0,0,0.8,0.8,参考化合物有效条目超过 8 条；该值比组内最高 Activity Level 低至少 0.4，仅删除该记录
COC(=O)c1ccccc1S(=O)(=O)NC(=O)Nc1nc(C)cc(C)n1,Results_001,10954,0,0,0.8,0.8,参考化合物有效条目超过 8 条；该值比组内最高 Activity Level 低至少 0.4，仅删除该记录
COC(=O)c1ccccc1S(=O)(=O)NC(=O)Nc1nc(C)cc(C)n1,Results_003,655,0.4,0,0.8,0.8,参考化合物有效条目超过 8 条；该值比组内最高 Activity Level 低至少 0.4，仅删除该记录
Fc1ccc(Nc2nc(-c3ccc4ccccc4c3)cs2)cc1,Results_001,10547,0.2,0.2,0.8,0.6,普通化合物当前有效条目=2，跨度≥0.6；中位数=0.5，左侧=1，右侧=1；剩余两条评分跨度达到0.6，保留高值
COc1ccc(-c2csc(Nc3ccc(Cl)cc3[N+](=O)[O-])n2)cc1,Results_001,10554,0.1,0.1,0.8,0.7,普通化合物当前有效条目=2，跨度≥0.6；中位数=0.45，左侧=1，右侧=1；剩余两条评分跨度达到0.6，保留高值
Brc1ccc(Nc2nc(-c3cccnc3)cs2)cc1,Results_001,10562,0.1,0.1,0.8,0.7,普通化合物当前有效条目=2，跨度≥0.6；中位数=0.45，左侧=1，右侧=1；剩余两条评分跨度达到0.6，保留高值
Brc1ccc(Nc2nc(-c3ccncc3)cs2)cc1,Results_001,10565,0.1,0.1,0.8,0.7,普通化合物当前有效条目=2，跨度≥0.6；中位数=0.45，左侧=1，右侧=1；剩余两条评分跨度达到0.6，保留高值
O=C(O)CC[N+](=O)[O-],Results_001,10606,0.2,0,0.8,0.8,参考化合物有效条目超过 8 条；该值比组内最高 Activity Level 低至少 0.4，仅删除该记录
O=C(O)CC[N+](=O)[O-],Results_001,10607,0,0,0.8,0.8,参考化合物有效条目超过 8 条；该值比组内最高 Activity Level 低至少 0.4，仅删除该记录
O=C(O)CC[N+](=O)[O-],Results_001,10608,0,0,0.8,0.8,参考化合物有效条目超过 8 条；该值比组内最高 Activity Level 低至少 0.4，仅删除该记录
O=C(O)CC[N+](=O)[O-],Results_001,10609,0.2,0,0.8,0.8,参考化合物有效条目超过 8 条；该值比组内最高 Activity Level 低至少 0.4，仅删除该记录
O=C(O)CC[N+](=O)[O-],Results_001,10610,0.2,0,0.8,0.8,参考化合物有效条目超过 8 条；该值比组内最高 Activity Level 低至少 0.4，仅删除该记录
O=C(O)CC[N+](=O)[O-],Results_001,10611,0,0,0.8,0.8,参考化合物有效条目超过 8 条；该值比组内最高 Activity Level 低至少 0.4，仅删除该记录
O=C(O)CC[N+](=O)[O-],Results_003,17160,0.2,0,0.8,0.8,参考化合物有效条目超过 8 条；该值比组内最高 Activity Level 低至少 0.4，仅删除该记录
O=C(O)CC[N+](=O)[O-],Results_005,11429,0,0,0.8,0.8,参考化合物有效条目超过 8 条；该值比组内最高 Activity Level 低至少 0.4，仅删除该记录
O=C(O)CC[N+](=O)[O-],Results_005,11430,0,0,0.8,0.8,参考化合物有效条目超过 8 条；该值比组内最高 Activity Level 低至少 0.4，仅删除该记录
O=C(O)CC[N+](=O)[O-],Results_005,11431,0,0,0.8,0.8,参考化合物有效条目超过 8 条；该值比组内最高 Activity Level 低至少 0.4，仅删除该记录
c1ccc(-c2ccnc(-c3nc4cnccc4[nH]3)c2)cc1,Results_001,10841,0.8,0.2,0.8,0.6,普通化合物当前有效条目=4，跨度≥0.6；中位数=0.4，左侧=1，右侧=1；两侧数量相同，删除距中位数更远的极端值；等距时删除低值
Cc1ccc2nc(CCCc3ccccc3)[nH]c2c1,Results_001,10865,0.6,0,0.6,0.6,普通化合物当前有效条目=3，跨度≥0.6；中位数=0.2，左侧=1，右侧=1；两侧数量相同，删除距中位数更远的极端值；等距时删除低值
O=C(On1c(-c2cccc(F)c2)nc2ccccc2c1=O)c1cccc(F)c1,Results_001,10899,0,0,0.8,0.8,参考化合物有效条目超过 8 条；该值比组内最高 Activity Level 低至少 0.4，仅删除该记录
O=C(On1c(-c2cccc(F)c2)nc2ccccc2c1=O)c1cccc(F)c1,Results_001,10900,0,0,0.8,0.8,参考化合物有效条目超过 8 条；该值比组内最高 Activity Level 低至少 0.4，仅删除该记录
O=c1[nH]c(-c2c[nH]c3ccc(Br)cc23)nc2ccccc12,Results_001,10973,0.1,0.1,0.6,0.5,参考化合物有效条目超过 8 条；该值比组内最高 Activity Level 低至少 0.4，仅删除该记录
O=c1[nH]c(-c2c[nH]c3ccc(Br)cc23)nc2ccccc12,Results_001,10978,0.1,0.1,0.6,0.5,参考化合物有效条目超过 8 条；该值比组内最高 Activity Level 低至少 0.4，仅删除该记录
COc1cc(/C=N/NC(=O)c2c[nH]c3cc(Cl)ccc3c2=O)cc(OC)c1OC,Results_001,11487,0,0,0.6,0.6,普通化合物当前有效条目=2，跨度≥0.6；中位数=0.3，左侧=1，右侧=1；剩余两条评分跨度达到0.6，保留高值
O=C(Nc1nnc(-c2ccncc2)s1)c1ccc([N+](=O)[O-])cc1,Results_001,11829,0.2,0.2,0.8,0.6,普通化合物当前有效条目=2，跨度≥0.6；中位数=0.5，左侧=1，右侧=1；剩余两条评分跨度达到0.6，保留高值
Cc1ccc(-c2cc(CN3CCSCC3)c(C)n2-c2ccc(F)cc2)cc1,Results_003,6977,0.2,0.2,1,0.8,参考化合物有效条目超过 8 条；该值比组内最高 Activity Level 低至少 0.4，仅删除该记录
Cc1ccc(-c2cc(CN3CCSCC3)c(C)n2-c2ccc(F)cc2)cc1,Results_003,14447,0.2,0.2,1,0.8,参考化合物有效条目超过 8 条；该值比组内最高 Activity Level 低至少 0.4，仅删除该记录
Cc1ccc(-c2cc(CN3CCSCC3)c(C)n2-c2ccc(F)cc2)cc1,Results_004,13615,0.2,0.2,1,0.8,参考化合物有效条目超过 8 条；该值比组内最高 Activity Level 低至少 0.4，仅删除该记录
CCOC(=O)c1nc(C(C)C)sc1-c1ccc2nccnc2c1,Results_001,11871,0,0,0.6,0.6,普通化合物当前有效条目=2，跨度≥0.6；中位数=0.3，左侧=1，右侧=1；剩余两条评分跨度达到0.6，保留高值
COCCNC(=O)c1cn(Cc2ccc(F)cc2)c2ccc([N+](=O)[O-])cc2c1=O,Results_001,12116,0.4,0.4,1,0.6,普通化合物当前有效条目=7，跨度≥0.6；中位数=1，左侧=1，右侧=0；中位数右侧为空，删除左侧最低值
O=C1C(Cl)=C(Cl)C(=O)c2ccccc21,Results_001,12235,0.4,0.2,0.8,0.6,参考化合物有效条目超过 8 条；该值比组内最高 Activity Level 低至少 0.4，仅删除该记录
O=C1C(Cl)=C(Cl)C(=O)c2ccccc21,Results_004,13940,0.2,0.2,0.8,0.6,参考化合物有效条目超过 8 条；该值比组内最高 Activity Level 低至少 0.4，仅删除该记录
O=C1C(Cl)=C(Cl)C(=O)c2ccccc21,Results_004,13941,0.2,0.2,0.8,0.6,参考化合物有效条目超过 8 条；该值比组内最高 Activity Level 低至少 0.4，仅删除该记录
O=C1C(Cl)=C(Cl)C(=O)c2ccccc21,Results_004,13942,0.2,0.2,0.8,0.6,参考化合物有效条目超过 8 条；该值比组内最高 Activity Level 低至少 0.4，仅删除该记录
CN[C@H](CC(C)C)C(=O)N[C@H]1C(=O)N[C@@H](CC(N)=O)C(=O)N[C@H]2C(=O)N[C@H]3C(=O)N[C@H](C(=O)N[C@H](C(=O)O)c4cc(O)cc(O)c4-c4cc3ccc4O)[C@H](O)c3ccc(c(Cl)c3)Oc3cc2cc(c3O[C@@H]2O[C@H](CO)[C@@H](O)[C@H](O)[C@H]2O[C@H]2C[C@](C)(N)[C@H](O)[C@H](C)O2)Oc2ccc(cc2Cl)[C@H]1O,Results_001,12713,0,0,1,1,参考化合物有效条目超过 8 条；该值比组内最高 Activity Level 低至少 0.4，仅删除该记录
CN[C@H](CC(C)C)C(=O)N[C@H]1C(=O)N[C@@H](CC(N)=O)C(=O)N[C@H]2C(=O)N[C@H]3C(=O)N[C@H](C(=O)N[C@H](C(=O)O)c4cc(O)cc(O)c4-c4cc3ccc4O)[C@H](O)c3ccc(c(Cl)c3)Oc3cc2cc(c3O[C@@H]2O[C@H](CO)[C@@H](O)[C@H](O)[C@H]2O[C@H]2C[C@](C)(N)[C@H](O)[C@H](C)O2)Oc2ccc(cc2Cl)[C@H]1O,Results_003,6337,0.4,0,1,1,参考化合物有效条目超过 8 条；该值比组内最高 Activity Level 低至少 0.4，仅删除该记录
CN[C@H](CC(C)C)C(=O)N[C@H]1C(=O)N[C@@H](CC(N)=O)C(=O)N[C@H]2C(=O)N[C@H]3C(=O)N[C@H](C(=O)N[C@H](C(=O)O)c4cc(O)cc(O)c4-c4cc3ccc4O)[C@H](O)c3ccc(c(Cl)c3)Oc3cc2cc(c3O[C@@H]2O[C@H](CO)[C@@H](O)[C@H](O)[C@H]2O[C@H]2C[C@](C)(N)[C@H](O)[C@H](C)O2)Oc2ccc(cc2Cl)[C@H]1O,Results_004,14009,0,0,1,1,参考化合物有效条目超过 8 条；该值比组内最高 Activity Level 低至少 0.4，仅删除该记录
CN[C@H](CC(C)C)C(=O)N[C@H]1C(=O)N[C@@H](CC(N)=O)C(=O)N[C@H]2C(=O)N[C@H]3C(=O)N[C@H](C(=O)N[C@H](C(=O)O)c4cc(O)cc(O)c4-c4cc3ccc4O)[C@H](O)c3ccc(c(Cl)c3)Oc3cc2cc(c3O[C@@H]2O[C@H](CO)[C@@H](O)[C@H](O)[C@H]2O[C@H]2C[C@](C)(N)[C@H](O)[C@H](C)O2)Oc2ccc(cc2Cl)[C@H]1O,Results_004,14010,0.2,0,1,1,参考化合物有效条目超过 8 条；该值比组内最高 Activity Level 低至少 0.4，仅删除该记录
CN[C@H](CC(C)C)C(=O)N[C@H]1C(=O)N[C@@H](CC(N)=O)C(=O)N[C@H]2C(=O)N[C@H]3C(=O)N[C@H](C(=O)N[C@H](C(=O)O)c4cc(O)cc(O)c4-c4cc3ccc4O)[C@H](O)c3ccc(c(Cl)c3)Oc3cc2cc(c3O[C@@H]2O[C@H](CO)[C@@H](O)[C@H](O)[C@H]2O[C@H]2C[C@](C)(N)[C@H](O)[C@H](C)O2)Oc2ccc(cc2Cl)[C@H]1O,Results_004,14011,0,0,1,1,参考化合物有效条目超过 8 条；该值比组内最高 Activity Level 低至少 0.4，仅删除该记录
CN[C@H](CC(C)C)C(=O)N[C@H]1C(=O)N[C@@H](CC(N)=O)C(=O)N[C@H]2C(=O)N[C@H]3C(=O)N[C@H](C(=O)N[C@H](C(=O)O)c4cc(O)cc(O)c4-c4cc3ccc4O)[C@H](O)c3ccc(c(Cl)c3)Oc3cc2cc(c3O[C@@H]2O[C@H](CO)[C@@H](O)[C@H](O)[C@H]2O[C@H]2C[C@](C)(N)[C@H](O)[C@H](C)O2)Oc2ccc(cc2Cl)[C@H]1O,Results_004,15136,0.4,0,1,1,参考化合物有效条目超过 8 条；该值比组内最高 Activity Level 低至少 0.4，仅删除该记录
CN[C@H](CC(C)C)C(=O)N[C@H]1C(=O)N[C@@H](CC(N)=O)C(=O)N[C@H]2C(=O)N[C@H]3C(=O)N[C@H](C(=O)N[C@H](C(=O)O)c4cc(O)cc(O)c4-c4cc3ccc4O)[C@H](O)c3ccc(c(Cl)c3)Oc3cc2cc(c3O[C@@H]2O[C@H](CO)[C@@H](O)[C@H](O)[C@H]2O[C@H]2C[C@](C)(N)[C@H](O)[C@H](C)O2)Oc2ccc(cc2Cl)[C@H]1O,Results_004,15137,0.2,0,1,1,参考化合物有效条目超过 8 条；该值比组内最高 Activity Level 低至少 0.4，仅删除该记录
CN[C@H](CC(C)C)C(=O)N[C@H]1C(=O)N[C@@H](CC(N)=O)C(=O)N[C@H]2C(=O)N[C@H]3C(=O)N[C@H](C(=O)N[C@H](C(=O)O)c4cc(O)cc(O)c4-c4cc3ccc4O)[C@H](O)c3ccc(c(Cl)c3)Oc3cc2cc(c3O[C@@H]2O[C@H](CO)[C@@H](O)[C@H](O)[C@H]2O[C@H]2C[C@](C)(N)[C@H](O)[C@H](C)O2)Oc2ccc(cc2Cl)[C@H]1O,Results_004,15138,0.2,0,1,1,参考化合物有效条目超过 8 条；该值比组内最高 Activity Level 低至少 0.4，仅删除该记录
CN[C@H](CC(C)C)C(=O)N[C@H]1C(=O)N[C@@H](CC(N)=O)C(=O)N[C@H]2C(=O)N[C@H]3C(=O)N[C@H](C(=O)N[C@H](C(=O)O)c4cc(O)cc(O)c4-c4cc3ccc4O)[C@H](O)c3ccc(c(Cl)c3)Oc3cc2cc(c3O[C@@H]2O[C@H](CO)[C@@H](O)[C@H](O)[C@H]2O[C@H]2C[C@](C)(N)[C@H](O)[C@H](C)O2)Oc2ccc(cc2Cl)[C@H]1O,Results_004,15139,0.2,0,1,1,参考化合物有效条目超过 8 条；该值比组内最高 Activity Level 低至少 0.4，仅删除该记录
CN[C@H](CC(C)C)C(=O)N[C@H]1C(=O)N[C@@H](CC(N)=O)C(=O)N[C@H]2C(=O)N[C@H]3C(=O)N[C@H](C(=O)N[C@H](C(=O)O)c4cc(O)cc(O)c4-c4cc3ccc4O)[C@H](O)c3ccc(c(Cl)c3)Oc3cc2cc(c3O[C@@H]2O[C@H](CO)[C@@H](O)[C@H](O)[C@H]2O[C@H]2C[C@](C)(N)[C@H](O)[C@H](C)O2)Oc2ccc(cc2Cl)[C@H]1O,Results_004,15140,0.2,0,1,1,参考化合物有效条目超过 8 条；该值比组内最高 Activity Level 低至少 0.4，仅删除该记录
CN[C@H](CC(C)C)C(=O)N[C@H]1C(=O)N[C@@H](CC(N)=O)C(=O)N[C@H]2C(=O)N[C@H]3C(=O)N[C@H](C(=O)N[C@H](C(=O)O)c4cc(O)cc(O)c4-c4cc3ccc4O)[C@H](O)c3ccc(c(Cl)c3)Oc3cc2cc(c3O[C@@H]2O[C@H](CO)[C@@H](O)[C@H](O)[C@H]2O[C@H]2C[C@](C)(N)[C@H](O)[C@H](C)O2)Oc2ccc(cc2Cl)[C@H]1O,Results_004,15141,0.2,0,1,1,参考化合物有效条目超过 8 条；该值比组内最高 Activity Level 低至少 0.4，仅删除该记录
CN[C@H](CC(C)C)C(=O)N[C@H]1C(=O)N[C@@H](CC(N)=O)C(=O)N[C@H]2C(=O)N[C@H]3C(=O)N[C@H](C(=O)N[C@H](C(=O)O)c4cc(O)cc(O)c4-c4cc3ccc4O)[C@H](O)c3ccc(c(Cl)c3)Oc3cc2cc(c3O[C@@H]2O[C@H](CO)[C@@H](O)[C@H](O)[C@H]2O[C@H]2C[C@](C)(N)[C@H](O)[C@H](C)O2)Oc2ccc(cc2Cl)[C@H]1O,Results_004,15142,0.2,0,1,1,参考化合物有效条目超过 8 条；该值比组内最高 Activity Level 低至少 0.4，仅删除该记录
CN[C@H](CC(C)C)C(=O)N[C@H]1C(=O)N[C@@H](CC(N)=O)C(=O)N[C@H]2C(=O)N[C@H]3C(=O)N[C@H](C(=O)N[C@H](C(=O)O)c4cc(O)cc(O)c4-c4cc3ccc4O)[C@H](O)c3ccc(c(Cl)c3)Oc3cc2cc(c3O[C@@H]2O[C@H](CO)[C@@H](O)[C@H](O)[C@H]2O[C@H]2C[C@](C)(N)[C@H](O)[C@H](C)O2)Oc2ccc(cc2Cl)[C@H]1O,Results_004,15143,0.2,0,1,1,参考化合物有效条目超过 8 条；该值比组内最高 Activity Level 低至少 0.4，仅删除该记录
CN[C@H](CC(C)C)C(=O)N[C@H]1C(=O)N[C@@H](CC(N)=O)C(=O)N[C@H]2C(=O)N[C@H]3C(=O)N[C@H](C(=O)N[C@H](C(=O)O)c4cc(O)cc(O)c4-c4cc3ccc4O)[C@H](O)c3ccc(c(Cl)c3)Oc3cc2cc(c3O[C@@H]2O[C@H](CO)[C@@H](O)[C@H](O)[C@H]2O[C@H]2C[C@](C)(N)[C@H](O)[C@H](C)O2)Oc2ccc(cc2Cl)[C@H]1O,Results_004,15144,0.2,0,1,1,参考化合物有效条目超过 8 条；该值比组内最高 Activity Level 低至少 0.4，仅删除该记录
CN[C@H](CC(C)C)C(=O)N[C@H]1C(=O)N[C@@H](CC(N)=O)C(=O)N[C@H]2C(=O)N[C@H]3C(=O)N[C@H](C(=O)N[C@H](C(=O)O)c4cc(O)cc(O)c4-c4cc3ccc4O)[C@H](O)c3ccc(c(Cl)c3)Oc3cc2cc(c3O[C@@H]2O[C@H](CO)[C@@H](O)[C@H](O)[C@H]2O[C@H]2C[C@](C)(N)[C@H](O)[C@H](C)O2)Oc2ccc(cc2Cl)[C@H]1O,Results_004,15145,0.2,0,1,1,参考化合物有效条目超过 8 条；该值比组内最高 Activity Level 低至少 0.4，仅删除该记录
CN[C@H](CC(C)C)C(=O)N[C@H]1C(=O)N[C@@H](CC(N)=O)C(=O)N[C@H]2C(=O)N[C@H]3C(=O)N[C@H](C(=O)N[C@H](C(=O)O)c4cc(O)cc(O)c4-c4cc3ccc4O)[C@H](O)c3ccc(c(Cl)c3)Oc3cc2cc(c3O[C@@H]2O[C@H](CO)[C@@H](O)[C@H](O)[C@H]2O[C@H]2C[C@](C)(N)[C@H](O)[C@H](C)O2)Oc2ccc(cc2Cl)[C@H]1O,Results_006,1566,0.4,0,1,1,参考化合物有效条目超过 8 条；该值比组内最高 Activity Level 低至少 0.4，仅删除该记录
CCCCCCc1c(O)cc(CCCCC)oc1=O,Results_001,12809,0.2,0.2,0.8,0.6,普通化合物当前有效条目=2，跨度≥0.6；中位数=0.5，左侧=1，右侧=1；剩余两条评分跨度达到0.6，保留高值
CCCCCCCc1cc(O)c(CCCCCC)c(=O)o1,Results_001,12811,0.2,0.2,0.8,0.6,普通化合物当前有效条目=3，跨度≥0.6；中位数=0.8，左侧=1，右侧=0；中位数右侧为空，删除左侧最低值
CC1(C)CC(=O)C(=CNc2ccccc2O)C(=O)C1,Results_001,12965,0.6,0.6,1,0.4,参考化合物有效条目超过 8 条；该值比组内最高 Activity Level 低至少 0.4，仅删除该记录
CC1(C)CC(=O)C(=CNc2ccccc2O)C(=O)C1,Results_001,12966,0.6,0.6,1,0.4,参考化合物有效条目超过 8 条；该值比组内最高 Activity Level 低至少 0.4，仅删除该记录
CC1(C)CC(=O)C(=CNc2ccccc2O)C(=O)C1,Results_001,12967,0.6,0.6,1,0.4,参考化合物有效条目超过 8 条；该值比组内最高 Activity Level 低至少 0.4，仅删除该记录
CC1(C)CC(=O)C(=CNc2ccccc2O)C(=O)C1,Results_001,12971,0.6,0.6,1,0.4,参考化合物有效条目超过 8 条；该值比组内最高 Activity Level 低至少 0.4，仅删除该记录
Cc1cc(O)c2c(c1)C(=O)C(c1c(C)cc3c(c1O)C(=O)C=CC3=O)=CC2=O,Results_001,13089,0,0,0.6,0.6,参考化合物有效条目超过 8 条；该值比组内最高 Activity Level 低至少 0.4，仅删除该记录
Cc1cc(O)c2c(c1)C(=O)C(c1c(C)cc3c(c1O)C(=O)C=CC3=O)=CC2=O,Results_001,13090,0,0,0.6,0.6,参考化合物有效条目超过 8 条；该值比组内最高 Activity Level 低至少 0.4，仅删除该记录
Cc1cc(O)c2c(c1)C(=O)C(c1c(C)cc3c(c1O)C(=O)C=CC3=O)=CC2=O,Results_001,13091,0,0,0.6,0.6,参考化合物有效条目超过 8 条；该值比组内最高 Activity Level 低至少 0.4，仅删除该记录
Cc1cc(O)c2c(c1)C(=O)C(c1c(C)cc3c(c1O)C(=O)C=CC3=O)=CC2=O,Results_001,13092,0,0,0.6,0.6,参考化合物有效条目超过 8 条；该值比组内最高 Activity Level 低至少 0.4，仅删除该记录
Cc1cc(O)c2c(c1)C(=O)C(c1c(C)cc3c(c1O)C(=O)C=CC3=O)=CC2=O,Results_001,13093,0,0,0.6,0.6,参考化合物有效条目超过 8 条；该值比组内最高 Activity Level 低至少 0.4，仅删除该记录
Cc1cc(O)c2c(c1)C(=O)C(c1c(C)cc3c(c1O)C(=O)C=CC3=O)=CC2=O,Results_001,13094,0,0,0.6,0.6,参考化合物有效条目超过 8 条；该值比组内最高 Activity Level 低至少 0.4，仅删除该记录
Cc1cc(O)c2c(c1)C(=O)C(c1c(C)cc3c(c1O)C(=O)C=CC3=O)=CC2=O,Results_001,13095,0,0,0.6,0.6,参考化合物有效条目超过 8 条；该值比组内最高 Activity Level 低至少 0.4，仅删除该记录
Cc1cc(O)c2c(c1)C(=O)C(c1c(C)cc3c(c1O)C(=O)C=CC3=O)=CC2=O,Results_001,16401,0,0,0.6,0.6,参考化合物有效条目超过 8 条；该值比组内最高 Activity Level 低至少 0.4，仅删除该记录
CN(C)S(=O)(=O)n1cnc2nc[nH]c(=S)c21,Results_001,13097,0.6,0.4,1,0.6,参考化合物有效条目超过 8 条；该值比组内最高 Activity Level 低至少 0.4，仅删除该记录
CN(C)S(=O)(=O)n1cnc2nc[nH]c(=S)c21,Results_001,13098,0.6,0.4,1,0.6,参考化合物有效条目超过 8 条；该值比组内最高 Activity Level 低至少 0.4，仅删除该记录
CN(C)S(=O)(=O)n1cnc2nc[nH]c(=S)c21,Results_001,13101,0.6,0.4,1,0.6,参考化合物有效条目超过 8 条；该值比组内最高 Activity Level 低至少 0.4，仅删除该记录
CN(C)S(=O)(=O)n1cnc2nc[nH]c(=S)c21,Results_001,13102,0.4,0.4,1,0.6,参考化合物有效条目超过 8 条；该值比组内最高 Activity Level 低至少 0.4，仅删除该记录
O=S(=O)(c1ccc(Cl)cc1)n1cnc2nc[nH]c(=S)c21,Results_001,13109,0.4,0.2,0.8,0.6,参考化合物有效条目超过 8 条；该值比组内最高 Activity Level 低至少 0.4，仅删除该记录
O=S(=O)(c1ccc(Cl)cc1)n1cnc2nc[nH]c(=S)c21,Results_001,13110,0.4,0.2,0.8,0.6,参考化合物有效条目超过 8 条；该值比组内最高 Activity Level 低至少 0.4，仅删除该记录
O=S(=O)(c1ccc(Cl)cc1)n1cnc2nc[nH]c(=S)c21,Results_001,13111,0.4,0.2,0.8,0.6,参考化合物有效条目超过 8 条；该值比组内最高 Activity Level 低至少 0.4，仅删除该记录
O=S(=O)(c1ccc(Cl)cc1)n1cnc2nc[nH]c(=S)c21,Results_001,13113,0.4,0.2,0.8,0.6,参考化合物有效条目超过 8 条；该值比组内最高 Activity Level 低至少 0.4，仅删除该记录
O=S(=O)(c1ccc(Cl)cc1)n1cnc2nc[nH]c(=S)c21,Results_001,13114,0.2,0.2,0.8,0.6,参考化合物有效条目超过 8 条；该值比组内最高 Activity Level 低至少 0.4，仅删除该记录
Nc1cccc(S(=O)(=O)n2cnc3nc[nH]c(=S)c32)c1,Results_001,13121,0.4,0.1,0.8,0.7,参考化合物有效条目超过 8 条；该值比组内最高 Activity Level 低至少 0.4，仅删除该记录
Nc1cccc(S(=O)(=O)n2cnc3nc[nH]c(=S)c32)c1,Results_001,13122,0.4,0.1,0.8,0.7,参考化合物有效条目超过 8 条；该值比组内最高 Activity Level 低至少 0.4，仅删除该记录
Nc1cccc(S(=O)(=O)n2cnc3nc[nH]c(=S)c32)c1,Results_001,13123,0.4,0.1,0.8,0.7,参考化合物有效条目超过 8 条；该值比组内最高 Activity Level 低至少 0.4，仅删除该记录
Nc1cccc(S(=O)(=O)n2cnc3nc[nH]c(=S)c32)c1,Results_001,13124,0.4,0.1,0.8,0.7,参考化合物有效条目超过 8 条；该值比组内最高 Activity Level 低至少 0.4，仅删除该记录
Nc1cccc(S(=O)(=O)n2cnc3nc[nH]c(=S)c32)c1,Results_001,13125,0.4,0.1,0.8,0.7,参考化合物有效条目超过 8 条；该值比组内最高 Activity Level 低至少 0.4，仅删除该记录
Nc1cccc(S(=O)(=O)n2cnc3nc[nH]c(=S)c32)c1,Results_001,13126,0.1,0.1,0.8,0.7,参考化合物有效条目超过 8 条；该值比组内最高 Activity Level 低至少 0.4，仅删除该记录
Nc1cccc(S(=O)(=O)n2cnc3nc[nH]c(=S)c32)c1,Results_001,13127,0.4,0.1,0.8,0.7,参考化合物有效条目超过 8 条；该值比组内最高 Activity Level 低至少 0.4，仅删除该记录
Nc1cccc(S(=O)(=O)n2cnc3nc[nH]c(=S)c32)c1,Results_001,13128,0.4,0.1,0.8,0.7,参考化合物有效条目超过 8 条；该值比组内最高 Activity Level 低至少 0.4，仅删除该记录
Nc1cccc(S(=O)(=O)n2cnc3nc[nH]c(=S)c32)c1,Results_001,13129,0.4,0.1,0.8,0.7,参考化合物有效条目超过 8 条；该值比组内最高 Activity Level 低至少 0.4，仅删除该记录
CC(=O)Nc1ccc(S(=O)(=O)n2cnc3nc[nH]c(=S)c32)cc1,Results_001,13132,0.4,0.2,0.8,0.6,参考化合物有效条目超过 8 条；该值比组内最高 Activity Level 低至少 0.4，仅删除该记录
CC(=O)Nc1ccc(S(=O)(=O)n2cnc3nc[nH]c(=S)c32)cc1,Results_001,13133,0.4,0.2,0.8,0.6,参考化合物有效条目超过 8 条；该值比组内最高 Activity Level 低至少 0.4，仅删除该记录
CC(=O)Nc1ccc(S(=O)(=O)n2cnc3nc[nH]c(=S)c32)cc1,Results_001,13136,0.4,0.2,0.8,0.6,参考化合物有效条目超过 8 条；该值比组内最高 Activity Level 低至少 0.4，仅删除该记录
CC(=O)Nc1ccc(S(=O)(=O)n2cnc3nc[nH]c(=S)c32)cc1,Results_001,13137,0.2,0.2,0.8,0.6,参考化合物有效条目超过 8 条；该值比组内最高 Activity Level 低至少 0.4，仅删除该记录
Nc1cc2nc3ccccc3oc-2cc1=O,Results_006,3631,0.1,0.1,1,0.9,普通化合物当前有效条目=3，跨度≥0.6；中位数=1，左侧=1，右侧=0；中位数右侧为空，删除左侧最低值
O=c1c(NCc2cscn2)c(Nc2ccc3c(c2)OCO3)c1=O,Results_001,13495,0.4,0.4,1,0.6,普通化合物当前有效条目=3，跨度≥0.6；中位数=0.8，左侧=1，右侧=1；两侧数量相同，删除距中位数更远的极端值；等距时删除低值
COc1ccc2nc(C)cc(OCC(=O)Nc3ccccc3OC)c2c1,Results_004,18553,0.6,0.6,1,0.4,参考化合物有效条目超过 8 条；该值比组内最高 Activity Level 低至少 0.4，仅删除该记录
CC(=O)c1ccc(N2CCN(C(=O)c3ccc4c(c3)OCO4)CC2)cc1,Results_001,13679,0.4,0.4,1,0.6,普通化合物当前有效条目=4，跨度≥0.6；中位数=0.7，左侧=2，右侧=2；两侧数量相同，删除距中位数更远的极端值；等距时删除低值
O=C(c1cccc(Cl)c1)N1CCN(c2ccc(-c3ccno3)cc2)CC1,Results_001,13724,1,0.4,1,0.6,普通化合物当前有效条目=4，跨度≥0.6；中位数=0.6，左侧=2，右侧=2；两侧数量相同，删除距中位数更远的极端值；等距时删除低值
O=C1CCc2cc(N3CCN(C(=O)c4cccc(Cl)c4)CC3)ccc21,Results_001,13731,0.4,0.4,1,0.6,普通化合物当前有效条目=4，跨度≥0.6；中位数=0.8，左侧=1，右侧=1；两侧数量相同，删除距中位数更远的极端值；等距时删除低值
O=C1OCc2cc(N3CCN(C(=O)c4cccc(Cl)c4)CC3)ccc21,Results_001,13732,1,0.4,1,0.6,普通化合物当前有效条目=4，跨度≥0.6；中位数=0.4，左侧=0，右侧=1；中位数左侧为空，删除右侧最高值
CN1Cc2cc(N3CCN(C(=O)c4cccc(Cl)c4)CC3)ccc2C1=O,Results_001,13736,1,0.4,1,0.6,普通化合物当前有效条目=4，跨度≥0.6；中位数=0.5，左侧=2，右侧=2；两侧数量相同，删除距中位数更远的极端值；等距时删除低值
O=C1CCc2cc(N3CCN(C(=O)c4ccc5c(c4)OCO5)CC3)ccc21,Results_001,13747,0.4,0.4,1,0.6,普通化合物当前有效条目=4，跨度≥0.6；中位数=0.9，左侧=2，右侧=2；两侧数量相同，删除距中位数更远的极端值；等距时删除低值
CN(C)c1ccc(CNC(=O)/C=C/c2ccc3c(c2)OCO3)cc1,Results_001,14119,0,0,0.8,0.8,普通化合物当前有效条目=2，跨度≥0.6；中位数=0.4，左侧=1，右侧=1；剩余两条评分跨度达到0.6，保留高值
O=C(/C=C/c1ccc2c(c1)OCO2)NCc1ccc(C(F)(F)F)cc1F,Results_001,14123,0,0,0.6,0.6,普通化合物当前有效条目=2，跨度≥0.6；中位数=0.3，左侧=1，右侧=1；剩余两条评分跨度达到0.6，保留高值
O=C(/C=C/c1ccc2c(c1)OCO2)NCc1cc(F)cc(F)c1,Results_001,14125,0,0,0.8,0.8,普通化合物当前有效条目=2，跨度≥0.6；中位数=0.4，左侧=1，右侧=1；剩余两条评分跨度达到0.6，保留高值
O=C(/C=C/c1ccc2c(c1)OCO2)NCc1ccc(N2CCC(c3ccc(F)cc3)CC2)cc1,Results_001,14129,0,0,0.6,0.6,普通化合物当前有效条目=2，跨度≥0.6；中位数=0.3，左侧=1，右侧=1；剩余两条评分跨度达到0.6，保留高值
O=C(/C=C/c1ccc2c(c1)OCO2)NCc1ccc(N2CCC(C(F)(F)F)CC2)cc1,Results_001,14131,0,0,0.8,0.8,普通化合物当前有效条目=2，跨度≥0.6；中位数=0.4，左侧=1，右侧=1；剩余两条评分跨度达到0.6，保留高值
CC(C)=CCOc1ccc(/C=C/C(=O)NCC(C)C)cc1,Results_001,14133,0,0,0.8,0.8,普通化合物当前有效条目=2，跨度≥0.6；中位数=0.4，左侧=1，右侧=1；剩余两条评分跨度达到0.6，保留高值
CC(C)CNC(=O)/C=C/c1ccc2c(c1)OCO2,Results_001,14135,0,0,0.6,0.6,普通化合物当前有效条目=2，跨度≥0.6；中位数=0.3，左侧=1，右侧=1；剩余两条评分跨度达到0.6，保留高值
CCCCCCC#Cc1cncc(-c2nnc(SCc3ccc(Cl)cc3)n2C)c1,Results_005,7124,0.6,0.6,1,0.4,参考化合物有效条目超过 8 条；该值比组内最高 Activity Level 低至少 0.4，仅删除该记录
CCCCCCC#Cc1cncc(-c2nnc(SCc3ccc(Cl)cc3)n2C)c1,Results_005,7126,0.6,0.6,1,0.4,参考化合物有效条目超过 8 条；该值比组内最高 Activity Level 低至少 0.4，仅删除该记录
CCCCCCC#Cc1cncc(-c2nnc(SCc3ccc(Cl)cc3)n2C)c1,Results_005,7127,0.6,0.6,1,0.4,参考化合物有效条目超过 8 条；该值比组内最高 Activity Level 低至少 0.4，仅删除该记录
CCCCCCC#Cc1cncc(-c2nnc(SCc3ccc([N+](=O)[O-])cc3)n2C)c1,Results_005,7146,0.4,0.4,0.8,0.4,参考化合物有效条目超过 8 条；该值比组内最高 Activity Level 低至少 0.4，仅删除该记录
COc1ccc2nc(C(=O)Nc3nc4ccc(C)cc4s3)sc2c1,Results_001,14270,0.4,0.4,0.8,0.4,参考化合物有效条目超过 8 条；该值比组内最高 Activity Level 低至少 0.4，仅删除该记录
COc1ccc2nc(C(=O)Nc3nc4ccc(C)cc4s3)sc2c1,Results_001,14271,0.4,0.4,0.8,0.4,参考化合物有效条目超过 8 条；该值比组内最高 Activity Level 低至少 0.4，仅删除该记录
COc1ccc2nc(C(=O)Nc3nc4ccc(C)cc4s3)sc2c1,Results_001,14272,0.4,0.4,0.8,0.4,参考化合物有效条目超过 8 条；该值比组内最高 Activity Level 低至少 0.4，仅删除该记录
COc1ccc2nc(C(=O)Nc3nc4ccc(C)cc4s3)sc2c1,Results_001,14273,0.4,0.4,0.8,0.4,参考化合物有效条目超过 8 条；该值比组内最高 Activity Level 低至少 0.4，仅删除该记录
COc1ccc2nc(C(=O)Nc3nc4ccc(C)cc4s3)sc2c1,Results_001,14274,0.4,0.4,0.8,0.4,参考化合物有效条目超过 8 条；该值比组内最高 Activity Level 低至少 0.4，仅删除该记录
COc1ccc2nc(C(=O)Nc3nc4ccc(C)cc4s3)sc2c1,Results_001,14275,0.4,0.4,0.8,0.4,参考化合物有效条目超过 8 条；该值比组内最高 Activity Level 低至少 0.4，仅删除该记录
COc1ccc(-c2nc3ccccc3[nH]2)cc1,Results_001,14302,0.6,0,0.6,0.6,普通化合物当前有效条目=7，跨度≥0.6；中位数=0.2，左侧=2，右侧=2；两侧数量相同，删除距中位数更远的极端值；等距时删除低值
COc1ccc(-c2nc3ccccc3[nH]2)cc1,Results_001,14303,0.6,0,0.6,0.6,普通化合物当前有效条目=6，跨度≥0.6；中位数=0.2，左侧=2，右侧=1；删除记录数较少一侧的最外侧值
CC(C)c1ccc(-c2nc3ccccc3[nH]2)cc1,Results_001,14313,0,0,0.6,0.6,普通化合物当前有效条目=7，跨度≥0.6；中位数=0.6，左侧=3，右侧=0；中位数右侧为空，删除左侧最低值
CC(C)c1ccc(-c2nc3ccccc3[nH]2)cc1,Results_001,14314,0,0,0.6,0.6,普通化合物当前有效条目=6，跨度≥0.6；中位数=0.6，左侧=2，右侧=0；中位数右侧为空，删除左侧最低值
FC(F)(F)Oc1ccc(-c2nc3ccccc3[nH]2)cc1,Results_001,14330,0,0,0.6,0.6,普通化合物当前有效条目=7，跨度≥0.6；中位数=0.6，左侧=3，右侧=0；中位数右侧为空，删除左侧最低值
FC(F)(F)Oc1ccc(-c2nc3ccccc3[nH]2)cc1,Results_001,14331,0,0,0.6,0.6,普通化合物当前有效条目=6，跨度≥0.6；中位数=0.6，左侧=2，右侧=0；中位数右侧为空，删除左侧最低值
Nc1nc(N)nc(-c2ccc(Oc3ccc(Cl)cc3)cc2)n1,Results_001,14420,0,0,0.75,0.75,普通化合物当前有效条目=2，跨度≥0.6；中位数=0.375，左侧=1，右侧=1；剩余两条评分跨度达到0.6，保留高值
Cc1cccc(Oc2ccc(-c3nc(N)nc(N)n3)cc2)c1C,Results_001,14423,0,0,1,1,普通化合物当前有效条目=3，跨度≥0.6；中位数=1，左侧=1，右侧=0；中位数右侧为空，删除左侧最低值
Nc1nc(N)nc(-c2ccc(Oc3ccccc3Cl)cc2)n1,Results_001,14431,0,0,0.6,0.6,普通化合物当前有效条目=2，跨度≥0.6；中位数=0.3，左侧=1，右侧=1；剩余两条评分跨度达到0.6，保留高值
CN(Cc1cnc2nc(N)nc(N)c2n1)c1ccc(C(=O)N[C@@H](CCC(=O)O)C(=O)O)cc1,Results_006,1559,0,0,1,1,普通化合物当前有效条目=8，跨度≥0.6；中位数=0.9，左侧=4，右侧=4；两侧数量相同，删除距中位数更远的极端值；等距时删除低值
CN(Cc1cnc2nc(N)nc(N)c2n1)c1ccc(C(=O)N[C@@H](CCC(=O)O)C(=O)O)cc1,Results_006,1939,0,0,1,1,普通化合物当前有效条目=7，跨度≥0.6；中位数=1，左侧=3，右侧=0；中位数右侧为空，删除左侧最低值
COc1cc(Cc2cnc(N)nc2N)cc(OC)c1OC,Results_004,13982,0,0,0.8,0.8,参考化合物有效条目超过 8 条；该值比组内最高 Activity Level 低至少 0.4，仅删除该记录
COc1cc(Cc2cnc(N)nc2N)cc(OC)c1OC,Results_004,13983,0,0,0.8,0.8,参考化合物有效条目超过 8 条；该值比组内最高 Activity Level 低至少 0.4，仅删除该记录
COc1cc(Cc2cnc(N)nc2N)cc(OC)c1OC,Results_004,13984,0,0,0.8,0.8,参考化合物有效条目超过 8 条；该值比组内最高 Activity Level 低至少 0.4，仅删除该记录
COc1cc(Cc2cnc(N)nc2N)cc(OC)c1OC,Results_006,1561,0,0,0.8,0.8,参考化合物有效条目超过 8 条；该值比组内最高 Activity Level 低至少 0.4，仅删除该记录
COc1cc(Cc2cnc(N)nc2N)cc(OC)c1OC,Results_006,1879,0,0,0.8,0.8,参考化合物有效条目超过 8 条；该值比组内最高 Activity Level 低至少 0.4，仅删除该记录
COc1cc(Cc2cnc(N)nc2N)cc(OC)c1OC,Results_006,1880,0,0,0.8,0.8,参考化合物有效条目超过 8 条；该值比组内最高 Activity Level 低至少 0.4，仅删除该记录
COc1cc(Cc2cnc(N)nc2N)cc(OC)c1OC,Results_006,1881,0,0,0.8,0.8,参考化合物有效条目超过 8 条；该值比组内最高 Activity Level 低至少 0.4，仅删除该记录
COc1cc(Cc2cnc(N)nc2N)cc(OC)c1OC,Results_006,1883,0,0,0.8,0.8,参考化合物有效条目超过 8 条；该值比组内最高 Activity Level 低至少 0.4，仅删除该记录
COc1cc(Cc2cnc(N)nc2N)cc(OC)c1OC,Results_006,1884,0,0,0.8,0.8,参考化合物有效条目超过 8 条；该值比组内最高 Activity Level 低至少 0.4，仅删除该记录
COc1cc(Cc2cnc(N)nc2N)cc(OC)c1OC,Results_006,1886,0,0,0.8,0.8,参考化合物有效条目超过 8 条；该值比组内最高 Activity Level 低至少 0.4，仅删除该记录
COc1cc(Cc2cnc(N)nc2N)cc(OC)c1OC,Results_006,1887,0,0,0.8,0.8,参考化合物有效条目超过 8 条；该值比组内最高 Activity Level 低至少 0.4，仅删除该记录
COc1cc(Cc2cnc(N)nc2N)cc(OC)c1OC,Results_006,1888,0,0,0.8,0.8,参考化合物有效条目超过 8 条；该值比组内最高 Activity Level 低至少 0.4，仅删除该记录
COc1cc(Cc2cnc(N)nc2N)cc(OC)c1OC,Results_006,1889,0,0,0.8,0.8,参考化合物有效条目超过 8 条；该值比组内最高 Activity Level 低至少 0.4，仅删除该记录
COc1cc(Cc2cnc(N)nc2N)cc(OC)c1OC,Results_006,1891,0,0,0.8,0.8,参考化合物有效条目超过 8 条；该值比组内最高 Activity Level 低至少 0.4，仅删除该记录
COc1cc(Cc2cnc(N)nc2N)cc(OC)c1OC,Results_006,1892,0,0,0.8,0.8,参考化合物有效条目超过 8 条；该值比组内最高 Activity Level 低至少 0.4，仅删除该记录
COc1cc(Cc2cnc(N)nc2N)cc(OC)c1OC,Results_006,1893,0,0,0.8,0.8,参考化合物有效条目超过 8 条；该值比组内最高 Activity Level 低至少 0.4，仅删除该记录
COc1cc(Cc2cnc(N)nc2N)cc(OC)c1OC,Results_006,1894,0,0,0.8,0.8,参考化合物有效条目超过 8 条；该值比组内最高 Activity Level 低至少 0.4，仅删除该记录
COc1cc(Cc2cnc(N)nc2N)cc(OC)c1OC,Results_006,1895,0,0,0.8,0.8,参考化合物有效条目超过 8 条；该值比组内最高 Activity Level 低至少 0.4，仅删除该记录
COc1cc(Cc2cnc(N)nc2N)cc(OC)c1OC,Results_006,1896,0,0,0.8,0.8,参考化合物有效条目超过 8 条；该值比组内最高 Activity Level 低至少 0.4，仅删除该记录
COc1cc(Cc2cnc(N)nc2N)cc(OC)c1OC,Results_006,1897,0,0,0.8,0.8,参考化合物有效条目超过 8 条；该值比组内最高 Activity Level 低至少 0.4，仅删除该记录
COc1cc(Cc2cnc(N)nc2N)cc(OC)c1OC,Results_006,1898,0,0,0.8,0.8,参考化合物有效条目超过 8 条；该值比组内最高 Activity Level 低至少 0.4，仅删除该记录
COc1cc(Cc2cnc(N)nc2N)cc(OC)c1OC,Results_006,1899,0,0,0.8,0.8,参考化合物有效条目超过 8 条；该值比组内最高 Activity Level 低至少 0.4，仅删除该记录
COc1cc(Cc2cnc(N)nc2N)cc(OC)c1OC,Results_006,1900,0,0,0.8,0.8,参考化合物有效条目超过 8 条；该值比组内最高 Activity Level 低至少 0.4，仅删除该记录
COc1cc(Cc2cnc(N)nc2N)cc(OC)c1OC,Results_006,1901,0,0,0.8,0.8,参考化合物有效条目超过 8 条；该值比组内最高 Activity Level 低至少 0.4，仅删除该记录
COc1cc(Cc2cnc(N)nc2N)cc(OC)c1OC,Results_006,1903,0,0,0.8,0.8,参考化合物有效条目超过 8 条；该值比组内最高 Activity Level 低至少 0.4，仅删除该记录
COc1cc(Cc2cnc(N)nc2N)cc(OC)c1OC,Results_006,1904,0,0,0.8,0.8,参考化合物有效条目超过 8 条；该值比组内最高 Activity Level 低至少 0.4，仅删除该记录
COc1cc(Cc2cnc(N)nc2N)cc(OC)c1OC,Results_006,1905,0,0,0.8,0.8,参考化合物有效条目超过 8 条；该值比组内最高 Activity Level 低至少 0.4，仅删除该记录
COc1cc(Cc2cnc(N)nc2N)cc(OC)c1OC,Results_006,1906,0,0,0.8,0.8,参考化合物有效条目超过 8 条；该值比组内最高 Activity Level 低至少 0.4，仅删除该记录
COc1cc(Cc2cnc(N)nc2N)cc(OC)c1OC,Results_006,1907,0,0,0.8,0.8,参考化合物有效条目超过 8 条；该值比组内最高 Activity Level 低至少 0.4，仅删除该记录
COc1cc(Cc2cnc(N)nc2N)cc(OC)c1OC,Results_006,1908,0,0,0.8,0.8,参考化合物有效条目超过 8 条；该值比组内最高 Activity Level 低至少 0.4，仅删除该记录
COc1cc(Cc2cnc(N)nc2N)cc(OC)c1OC,Results_006,2702,0,0,0.8,0.8,参考化合物有效条目超过 8 条；该值比组内最高 Activity Level 低至少 0.4，仅删除该记录
COc1cc(Cc2cnc(N)nc2N)cc(OC)c1OC,Results_006,3286,0.2,0,0.8,0.8,参考化合物有效条目超过 8 条；该值比组内最高 Activity Level 低至少 0.4，仅删除该记录
O=C(NCc1ccc(N2CCC(C(F)(F)F)CC2)cc1)c1cc([N+](=O)[O-])cc(C(F)(F)F)c1,Results_001,14572,0.2,0.2,1,0.8,普通化合物当前有效条目=3，跨度≥0.6；中位数=1，左侧=1，右侧=0；中位数右侧为空，删除左侧最低值
O=C(OCc1ccc([N+](=O)[O-])cc1)c1cnccn1,Results_001,14658,0,0,0.6,0.6,普通化合物当前有效条目=4，跨度≥0.6；中位数=0.3，左侧=2，右侧=2；两侧数量相同，删除距中位数更远的极端值；等距时删除低值
O=C(OCc1ccc([N+](=O)[O-])cc1)c1cnccn1,Results_002,465,0,0,0.6,0.6,普通化合物当前有效条目=3，跨度≥0.6；中位数=0.6，左侧=1，右侧=0；中位数右侧为空，删除左侧最低值
O=C(OCc1ccc(C(F)(F)F)cc1)c1cnccn1,Results_001,14664,0,0,0.6,0.6,普通化合物当前有效条目=4，跨度≥0.6；中位数=0.3，左侧=2，右侧=2；两侧数量相同，删除距中位数更远的极端值；等距时删除低值
O=C(OCc1ccc(C(F)(F)F)cc1)c1cnccn1,Results_002,471,0,0,0.6,0.6,普通化合物当前有效条目=3，跨度≥0.6；中位数=0.6，左侧=1，右侧=0；中位数右侧为空，删除左侧最低值
O=C(OCc1ccc([N+](=O)[O-])cc1)c1ccccn1,Results_001,14666,0,0,0.6,0.6,普通化合物当前有效条目=4，跨度≥0.6；中位数=0.3，左侧=2，右侧=2；两侧数量相同，删除距中位数更远的极端值；等距时删除低值
O=C(OCc1ccc([N+](=O)[O-])cc1)c1ccccn1,Results_002,473,0,0,0.6,0.6,普通化合物当前有效条目=3，跨度≥0.6；中位数=0.6，左侧=1，右侧=0；中位数右侧为空，删除左侧最低值
CCCOC(=O)c1cnc2ccccc2n1,Results_001,14677,0,0,0.6,0.6,普通化合物当前有效条目=4，跨度≥0.6；中位数=0.3，左侧=2，右侧=2；两侧数量相同，删除距中位数更远的极端值；等距时删除低值
CCCOC(=O)c1cnc2ccccc2n1,Results_002,484,0,0,0.6,0.6,普通化合物当前有效条目=3，跨度≥0.6；中位数=0.6，左侧=1，右侧=0；中位数右侧为空，删除左侧最低值
CCCCCCCCOC(=O)c1cnc2ccccc2n1,Results_001,14679,0,0,0.6,0.6,普通化合物当前有效条目=4，跨度≥0.6；中位数=0.3，左侧=2，右侧=2；两侧数量相同，删除距中位数更远的极端值；等距时删除低值
CCCCCCCCOC(=O)c1cnc2ccccc2n1,Results_002,486,0,0,0.6,0.6,普通化合物当前有效条目=3，跨度≥0.6；中位数=0.6，左侧=1，右侧=0；中位数右侧为空，删除左侧最低值
O=C(OCc1ccc([N+](=O)[O-])cc1)c1cnc2ccccc2n1,Results_001,14683,0,0,0.6,0.6,普通化合物当前有效条目=4，跨度≥0.6；中位数=0.3，左侧=2，右侧=2；两侧数量相同，删除距中位数更远的极端值；等距时删除低值
O=C(OCc1ccc([N+](=O)[O-])cc1)c1cnc2ccccc2n1,Results_002,490,0,0,0.6,0.6,普通化合物当前有效条目=3，跨度≥0.6；中位数=0.6，左侧=1，右侧=0；中位数右侧为空，删除左侧最低值
O=C(OCc1ccccc1[N+](=O)[O-])c1cnc2ccccc2n1,Results_001,14685,0,0,0.6,0.6,普通化合物当前有效条目=4，跨度≥0.6；中位数=0.3，左侧=2，右侧=2；两侧数量相同，删除距中位数更远的极端值；等距时删除低值
O=C(OCc1ccccc1[N+](=O)[O-])c1cnc2ccccc2n1,Results_002,492,0,0,0.6,0.6,普通化合物当前有效条目=3，跨度≥0.6；中位数=0.6，左侧=1，右侧=0；中位数右侧为空，删除左侧最低值
N[C@@H]1COc2nc([N+](=O)[O-])cn2C1,Results_001,14708,0.2,0.2,1,0.8,普通化合物当前有效条目=2，跨度≥0.6；中位数=0.6，左侧=1，右侧=1；剩余两条评分跨度达到0.6，保留高值
CCOC(=O)c1cc(-c2cccc(OCc3ccccc3)c2)on1,Results_001,14728,0.4,0.4,1,0.6,普通化合物当前有效条目=2，跨度≥0.6；中位数=0.7，左侧=1，右侧=1；剩余两条评分跨度达到0.6，保留高值
FC(F)(F)c1ccc(Oc2ccc(Nc3ncnc4ccccc34)cc2)cc1,Results_001,15313,0,0,1,1,普通化合物当前有效条目=4，跨度≥0.6；中位数=0.5，左侧=2，右侧=2；两侧数量相同，删除距中位数更远的极端值；等距时删除低值
FC(F)(F)c1ccc(Oc2ccc(Nc3ncnc4ccccc34)cc2)cc1,Results_005,11958,0.2,0.2,1,0.8,普通化合物当前有效条目=3，跨度≥0.6；中位数=0.8，左侧=1，右侧=1；两侧数量相同，删除距中位数更远的极端值；等距时删除低值
COc1ccc(-c2ccn(-c3ccc(NC(=O)NCc4ccccc4)cc3)n2)cc1OC,Results_001,15449,0.1,0.1,0.8,0.7,普通化合物当前有效条目=2，跨度≥0.6；中位数=0.45，左侧=1，右侧=1；剩余两条评分跨度达到0.6，保留高值
COc1ccc(-c2ccn(-c3ccc(NC(=O)Nc4ccc(F)cc4F)cc3)n2)cc1OC,Results_001,15401,0.8,0.1,0.8,0.7,普通化合物当前有效条目=6，跨度≥0.6；中位数=0.1，左侧=0，右侧=2；中位数左侧为空，删除右侧最高值
COc1ccc(-c2ccn(-c3ccc(NC(=O)Nc4ccc(F)cc4F)cc3)n2)cc1OC,Results_001,15405,0.8,0.1,0.8,0.7,普通化合物当前有效条目=5，跨度≥0.6；中位数=0.1，左侧=0，右侧=1；中位数左侧为空，删除右侧最高值
O=C1CCCC2=C1C(c1ccccc1)C1=C(CCCC1=O)O2,Results_005,3871,0.8,0.1,0.8,0.7,普通化合物当前有效条目=3，跨度≥0.6；中位数=0.1，左侧=0，右侧=1；中位数左侧为空，删除右侧最高值
COc1cc(/C=C/C(=O)/C=C(O)/C=C/c2ccc(O)c(OC)c2)ccc1O,Results_001,15583,0,0,0.8,0.8,普通化合物当前有效条目=2，跨度≥0.6；中位数=0.4，左侧=1，右侧=1；剩余两条评分跨度达到0.6，保留高值
COc1cc(CCc2ccc3c(c2)OCO3)oc(=O)c1,Results_006,3218,0.6,0,0.6,0.6,普通化合物当前有效条目=5，跨度≥0.6；中位数=0.2，左侧=2，右侧=1；删除记录数较少一侧的最外侧值
CCCN1C(=O)C(=NNC(=O)c2cccnc2)c2ccccc21,Results_001,15777,0,0,0.6,0.6,普通化合物当前有效条目=2，跨度≥0.6；中位数=0.3，左侧=1，右侧=1；剩余两条评分跨度达到0.6，保留高值
CC(C)CN1C(=O)C(=NNC(=O)c2cccnc2)c2ccccc21,Results_001,15779,0.1,0.1,0.8,0.7,普通化合物当前有效条目=2，跨度≥0.6；中位数=0.45，左侧=1，右侧=1；剩余两条评分跨度达到0.6，保留高值
CCOC(=O)CN1C(=O)C(=NNC(=O)c2cccnc2)c2ccccc21,Results_001,15781,0,0,0.6,0.6,普通化合物当前有效条目=2，跨度≥0.6；中位数=0.3，左侧=1，右侧=1；剩余两条评分跨度达到0.6，保留高值
O=C(NN=C1C(=O)N(Cc2ccccc2)c2ccccc21)c1cccnc1,Results_001,15783,0.4,0.4,1,0.6,普通化合物当前有效条目=2，跨度≥0.6；中位数=0.7，左侧=1，右侧=1；剩余两条评分跨度达到0.6，保留高值
CCCN1C(=O)C(=NNC(=O)c2cccnc2)c2cc(Cl)ccc21,Results_001,15785,0,0,0.8,0.8,普通化合物当前有效条目=2，跨度≥0.6；中位数=0.4，左侧=1，右侧=1；剩余两条评分跨度达到0.6，保留高值
CC(C)CN1C(=O)C(=NNC(=O)c2cccnc2)c2cc(Cl)ccc21,Results_001,15787,0.4,0.4,1,0.6,普通化合物当前有效条目=2，跨度≥0.6；中位数=0.7，左侧=1，右侧=1；剩余两条评分跨度达到0.6，保留高值
CCOC(=O)CN1C(=O)C(=NNC(=O)c2cccnc2)c2cc(Br)ccc21,Results_001,15793,0,0,0.6,0.6,普通化合物当前有效条目=2，跨度≥0.6；中位数=0.3，左侧=1，右侧=1；剩余两条评分跨度达到0.6，保留高值
COc1ccc(C(=O)NN=C2C(=O)N(CC(C)C)c3ccccc32)cn1,Results_001,15797,0.1,0.1,0.8,0.7,普通化合物当前有效条目=2，跨度≥0.6；中位数=0.45，左侧=1，右侧=1；剩余两条评分跨度达到0.6，保留高值
CCOC(=O)CN1C(=O)C(=NNC(=O)c2ccc(OC)nc2)c2ccccc21,Results_001,15799,0,0,0.8,0.8,普通化合物当前有效条目=2，跨度≥0.6；中位数=0.4，左侧=1，右侧=1；剩余两条评分跨度达到0.6，保留高值
COc1ccc(C(=O)NN=C2C(=O)N(Cc3ccccc3)c3ccccc32)cn1,Results_001,15801,0,0,0.6,0.6,普通化合物当前有效条目=2，跨度≥0.6；中位数=0.3，左侧=1，右侧=1；剩余两条评分跨度达到0.6，保留高值
COc1ccc(NC(=O)N2C(=O)C(=O)c3cc(Br)ccc32)cn1,Results_001,15809,0.1,0.1,0.8,0.7,普通化合物当前有效条目=2，跨度≥0.6；中位数=0.45，左侧=1，右侧=1；剩余两条评分跨度达到0.6，保留高值
N#Cc1c(-c2ccc(Cl)cc2)nc(SCC(=O)Nc2nc3ccccc3s2)[nH]c1=O,Results_001,15845,0.8,0,0.8,0.8,普通化合物当前有效条目=3，跨度≥0.6；中位数=0，左侧=0，右侧=1；中位数左侧为空，删除右侧最高值
Cn1c(SCC(=O)Nc2nc3ccccc3s2)nc(-c2ccc(Cl)cc2)c(C#N)c1=O,Results_001,15850,0.2,0.2,0.8,0.6,普通化合物当前有效条目=3，跨度≥0.6；中位数=0.6，左侧=1，右侧=1；两侧数量相同，删除距中位数更远的极端值；等距时删除低值
CCOC(=O)Cn1c(SCC(=O)Nc2nc3ccccc3s2)nc(-c2ccc(Cl)cc2)c(C#N)c1=O,Results_001,15851,1,0.4,1,0.6,普通化合物当前有效条目=3，跨度≥0.6；中位数=0.6，左侧=1，右侧=1；两侧数量相同，删除距中位数更远的极端值；等距时删除低值
N#Cc1c(Cl)nc(SCC(=O)Nc2nc3ccccc3s2)nc1-c1ccc(Cl)cc1,Results_001,15857,0.8,0.1,0.8,0.7,普通化合物当前有效条目=3，跨度≥0.6；中位数=0.2，左侧=1，右侧=1；两侧数量相同，删除距中位数更远的极端值；等距时删除低值
N#Cc1c(-c2ccc(Cl)cc2)nc(SCC(=O)Nc2nc3ccccc3s2)nc1N1CCCC1,Results_001,15864,0.6,0,0.6,0.6,普通化合物当前有效条目=3，跨度≥0.6；中位数=0.2，左侧=1，右侧=1；两侧数量相同，删除距中位数更远的极端值；等距时删除低值
N#Cc1c(-c2ccc(Cl)cc2)nc(SCC(=O)Nc2nc3ccccc3s2)nc1N1CCSCC1,Results_001,15867,0.6,0,0.6,0.6,普通化合物当前有效条目=3，跨度≥0.6；中位数=0.1，左侧=1，右侧=1；两侧数量相同，删除距中位数更远的极端值；等距时删除低值
N#Cc1c(NN)nc(SCC(=O)Nc2nc3ccccc3s2)nc1-c1ccc(Cl)cc1,Results_001,15870,0.8,0,0.8,0.8,普通化合物当前有效条目=3，跨度≥0.6；中位数=0.1，左侧=1，右侧=1；两侧数量相同，删除距中位数更远的极端值；等距时删除低值
N#Cc1c(-c2ccc(Cl)cc2)nc(SCC(=O)Nc2nc3ccccc3s2)[nH]c1=S,Results_001,15873,0.8,0,0.8,0.8,普通化合物当前有效条目=3，跨度≥0.6；中位数=0.1，左侧=1，右侧=1；两侧数量相同，删除距中位数更远的极端值；等距时删除低值
N#Cc1c(-c2ccc(Cl)cc2)nc(SCC(=O)Nc2nc3ccccc3s2)n2c(=O)c3ccccc3nc12,Results_001,15878,1,0.4,1,0.6,普通化合物当前有效条目=3，跨度≥0.6；中位数=0.6，左侧=1，右侧=1；两侧数量相同，删除距中位数更远的极端值；等距时删除低值
Cc1cc(C)n(-c2nc(SCC(=O)Nc3nc4ccccc4s3)nc(-c3ccc(Cl)cc3)c2C#N)n1,Results_001,15882,0.6,0,0.6,0.6,普通化合物当前有效条目=3，跨度≥0.6；中位数=0，左侧=0，右侧=1；中位数左侧为空，删除右侧最高值
COc1ccc(-c2cncc(-c3cccc(-c4cccnc4)c3)c2)cc1,Results_001,16131,0.1,0.1,0.8,0.7,普通化合物当前有效条目=6，跨度≥0.6；中位数=0.7，左侧=3，右侧=3；两侧数量相同，删除距中位数更远的极端值；等距时删除低值
COc1ccc(-c2cncc(-c3cccc(-c4cccnc4)c3)c2)cc1,Results_001,16132,0.1,0.1,0.8,0.7,普通化合物当前有效条目=5，跨度≥0.6；中位数=0.8，左侧=2，右侧=0；中位数右侧为空，删除左侧最低值
O=C(NC1CCCCC1)C1CC(c2ccc(F)cc2)=NO1,Results_001,16271,0.2,0.1,0.6,0.5,参考化合物有效条目超过 8 条；该值比组内最高 Activity Level 低至少 0.4，仅删除该记录
O=C(NC1CCCCC1)C1CC(c2ccc(F)cc2)=NO1,Results_001,16272,0.1,0.1,0.6,0.5,参考化合物有效条目超过 8 条；该值比组内最高 Activity Level 低至少 0.4，仅删除该记录
O=C(NC1CCCCC1)C1CC(c2ccc(F)cc2)=NO1,Results_001,16273,0.2,0.1,0.6,0.5,参考化合物有效条目超过 8 条；该值比组内最高 Activity Level 低至少 0.4，仅删除该记录
O=C(NC1CCCCC1)C1CC(c2ccc(F)cc2)=NO1,Results_001,16274,0.1,0.1,0.6,0.5,参考化合物有效条目超过 8 条；该值比组内最高 Activity Level 低至少 0.4，仅删除该记录
O=C(NC1CCCCC1)C1CC(c2ccc(F)cc2)=NO1,Results_001,16276,0.2,0.1,0.6,0.5,参考化合物有效条目超过 8 条；该值比组内最高 Activity Level 低至少 0.4，仅删除该记录
O=C(NC1CCCCC1)C1CC(c2ccc([N+](=O)[O-])cc2)=NO1,Results_001,16281,0.2,0.1,0.6,0.5,参考化合物有效条目超过 8 条；该值比组内最高 Activity Level 低至少 0.4，仅删除该记录
O=C(NC1CCCCC1)C1CC(c2ccc([N+](=O)[O-])cc2)=NO1,Results_001,16282,0.1,0.1,0.6,0.5,参考化合物有效条目超过 8 条；该值比组内最高 Activity Level 低至少 0.4，仅删除该记录
O=C(NC1CCCCC1)C1CC(c2ccc([N+](=O)[O-])cc2)=NO1,Results_001,16283,0.2,0.1,0.6,0.5,参考化合物有效条目超过 8 条；该值比组内最高 Activity Level 低至少 0.4，仅删除该记录
O=C(NC1CCCCC1)C1CC(c2ccc([N+](=O)[O-])cc2)=NO1,Results_001,16284,0.1,0.1,0.6,0.5,参考化合物有效条目超过 8 条；该值比组内最高 Activity Level 低至少 0.4，仅删除该记录
O=C(NC1CCCCC1)C1CC(c2ccc([N+](=O)[O-])cc2)=NO1,Results_001,16286,0.2,0.1,0.6,0.5,参考化合物有效条目超过 8 条；该值比组内最高 Activity Level 低至少 0.4，仅删除该记录
O=C(NC1CCCCC1)C1CC(c2ccc([N+](=O)[O-])cc2)=NO1,Results_001,16287,0.1,0.1,0.6,0.5,参考化合物有效条目超过 8 条；该值比组内最高 Activity Level 低至少 0.4，仅删除该记录
O=C(NC1CCCCC1)C1CC(c2ccc([N+](=O)[O-])cc2)=NO1,Results_001,16288,0.1,0.1,0.6,0.5,参考化合物有效条目超过 8 条；该值比组内最高 Activity Level 低至少 0.4，仅删除该记录
O=C(NC1CCCCC1)C1CC(c2ccc(Cl)cc2)=NO1,Results_001,16298,0.1,0.1,0.8,0.7,参考化合物有效条目超过 8 条；该值比组内最高 Activity Level 低至少 0.4，仅删除该记录
O=C(NC1CCCCC1)C1CC(c2ccc(Cl)cc2)=NO1,Results_001,16300,0.1,0.1,0.8,0.7,参考化合物有效条目超过 8 条；该值比组内最高 Activity Level 低至少 0.4，仅删除该记录
CCCCNC(=O)C1CC(c2ccc(F)cc2)=NO1,Results_001,16326,0.1,0.1,0.8,0.7,参考化合物有效条目超过 8 条；该值比组内最高 Activity Level 低至少 0.4，仅删除该记录
CCCCNC(=O)C1CC(c2ccc(F)cc2)=NO1,Results_001,16328,0.1,0.1,0.8,0.7,参考化合物有效条目超过 8 条；该值比组内最高 Activity Level 低至少 0.4，仅删除该记录
O=[N+]([O-])c1ccc(-c2n[nH]c(=S)[nH]2)cc1,Results_001,16554,0.4,0.4,1,0.6,普通化合物当前有效条目=3，跨度≥0.6；中位数=0.8，左侧=1，右侧=1；两侧数量相同，删除距中位数更远的极端值；等距时删除低值
Nc1ccc(-c2n[nH]c(=S)[nH]2)cc1,Results_001,16557,0,0,1,1,普通化合物当前有效条目=3，跨度≥0.6；中位数=1，左侧=1，右侧=0；中位数右侧为空，删除左侧最低值
O=C(NNC(=O)c1cnccn1)c1ccncc1,Results_001,16602,0.8,0.1,0.8,0.7,普通化合物当前有效条目=6，跨度≥0.6；中位数=0.1，左侧=0，右侧=2；中位数左侧为空，删除右侧最高值
CCCOc1cc2oc3cc(O)c(CCC(C)C)c(O)c3c(=O)c2c(CCC(C)C)c1OC,Results_001,16734,0.6,0.6,1,0.4,参考化合物有效条目超过 8 条；该值比组内最高 Activity Level 低至少 0.4，仅删除该记录
CCCOc1cc2oc3cc(O)c(CCC(C)C)c(O)c3c(=O)c2c(CCC(C)C)c1OC,Results_001,16735,0.6,0.6,1,0.4,参考化合物有效条目超过 8 条；该值比组内最高 Activity Level 低至少 0.4，仅删除该记录
CCCOc1cc2oc3cc(O)c(CCC(C)C)c(O)c3c(=O)c2c(CCC(C)C)c1OC,Results_001,16736,0.6,0.6,1,0.4,参考化合物有效条目超过 8 条；该值比组内最高 Activity Level 低至少 0.4，仅删除该记录
CCCOc1cc2oc3cc(O)c(CCC(C)C)c(O)c3c(=O)c2c(CCC(C)C)c1OC,Results_001,16737,0.6,0.6,1,0.4,参考化合物有效条目超过 8 条；该值比组内最高 Activity Level 低至少 0.4，仅删除该记录
CCCCNC(=S)Nc1nc2c(Cl)cccc2s1,Results_001,16871,0.1,0.1,0.8,0.7,普通化合物当前有效条目=2，跨度≥0.6；中位数=0.45，左侧=1，右侧=1；剩余两条评分跨度达到0.6，保留高值
S=C(NCCc1ccccc1)Nc1nc2ccccc2s1,Results_001,16922,0.1,0.1,0.8,0.7,普通化合物当前有效条目=4，跨度≥0.6；中位数=0.45，左侧=2，右侧=2；两侧数量相同，删除距中位数更远的极端值；等距时删除低值
S=C(NCCc1ccccc1)Nc1nc2ccccc2s1,Results_001,16924,0.1,0.1,0.8,0.7,普通化合物当前有效条目=3，跨度≥0.6；中位数=0.8，左侧=1，右侧=0；中位数右侧为空，删除左侧最低值
CCCNC(=S)Nc1nc2c(Cl)cccc2s1,Results_001,16938,0,0,0.6,0.6,普通化合物当前有效条目=5，跨度≥0.6；中位数=0.5，左侧=2，右侧=2；两侧数量相同，删除距中位数更远的极端值；等距时删除低值
FC(F)(F)c1cc(N/N=C/c2ccc(Cl)cc2)c2cc(Cl)ccc2n1,Results_001,17163,0,0,0.8,0.8,普通化合物当前有效条目=2，跨度≥0.6；中位数=0.4，左侧=1，右侧=1；剩余两条评分跨度达到0.6，保留高值
O=C(Nc1cccc(F)c1)Nc1cnn2c1NC(c1ccccc1)C2,Results_001,17580,0.1,0.1,0.6,0.5,参考化合物有效条目超过 8 条；该值比组内最高 Activity Level 低至少 0.4，仅删除该记录
CC1(C)C2CCC(C2)C1(C)NC(=S)NN,Results_001,17643,0,0,0.6,0.6,参考化合物有效条目超过 8 条；该值比组内最高 Activity Level 低至少 0.4，仅删除该记录
CN(C)c1ccc(/C=N/NC(=S)NC2C3CCC(C3)C2(C)C)cc1,Results_001,17658,0,0,0.8,0.8,参考化合物有效条目超过 8 条；该值比组内最高 Activity Level 低至少 0.4，仅删除该记录
CN(C)c1ccc(/C=N/NC(=S)NC2C3CCC(C3)C2(C)C)cc1,Results_001,17659,0.4,0,0.8,0.8,参考化合物有效条目超过 8 条；该值比组内最高 Activity Level 低至少 0.4，仅删除该记录
CN(C)c1ccc(/C=N/NC(=S)NC2C3CCC(C3)C2(C)C)cc1,Results_001,17664,0.4,0,0.8,0.8,参考化合物有效条目超过 8 条；该值比组内最高 Activity Level 低至少 0.4，仅删除该记录
CC1(C)C2CCC(C2)C1(C)NC(=S)N/N=C/c1cccc(F)c1,Results_001,17673,0,0,0.8,0.8,参考化合物有效条目超过 8 条；该值比组内最高 Activity Level 低至少 0.4，仅删除该记录
Cc1ccc(C(C)C)c(O)c1,Results_001,17745,0,0,0.8,0.8,普通化合物当前有效条目=4，跨度≥0.6；中位数=0.4，左侧=1，右侧=1；两侧数量相同，删除距中位数更远的极端值；等距时删除低值
O=c1oc2ccccc2c(O)c1Cc1c(O)c2ccccc2oc1=O,Results_001,17931,0.2,0,0.6,0.6,参考化合物有效条目超过 8 条；该值比组内最高 Activity Level 低至少 0.4，仅删除该记录
O=c1oc2ccccc2c(O)c1Cc1c(O)c2ccccc2oc1=O,Results_001,17932,0.1,0,0.6,0.6,参考化合物有效条目超过 8 条；该值比组内最高 Activity Level 低至少 0.4，仅删除该记录
O=c1oc2ccccc2c(O)c1Cc1c(O)c2ccccc2oc1=O,Results_001,17933,0.2,0,0.6,0.6,参考化合物有效条目超过 8 条；该值比组内最高 Activity Level 低至少 0.4，仅删除该记录
O=c1oc2ccccc2c(O)c1Cc1c(O)c2ccccc2oc1=O,Results_001,17935,0,0,0.6,0.6,参考化合物有效条目超过 8 条；该值比组内最高 Activity Level 低至少 0.4，仅删除该记录
O=c1oc2ccccc2c(O)c1Cc1c(O)c2ccccc2oc1=O,Results_001,17936,0,0,0.6,0.6,参考化合物有效条目超过 8 条；该值比组内最高 Activity Level 低至少 0.4，仅删除该记录
O=c1oc2ccccc2c(O)c1Cc1c(O)c2ccccc2oc1=O,Results_001,17937,0,0,0.6,0.6,参考化合物有效条目超过 8 条；该值比组内最高 Activity Level 低至少 0.4，仅删除该记录
O=c1oc2ccccc2c(O)c1Cc1c(O)c2ccccc2oc1=O,Results_001,17938,0.1,0,0.6,0.6,参考化合物有效条目超过 8 条；该值比组内最高 Activity Level 低至少 0.4，仅删除该记录
O=c1oc2ccccc2c(O)c1Cc1c(O)c2ccccc2oc1=O,Results_001,17939,0,0,0.6,0.6,参考化合物有效条目超过 8 条；该值比组内最高 Activity Level 低至少 0.4，仅删除该记录
O=c1oc2ccccc2c(O)c1Cc1c(O)c2ccccc2oc1=O,Results_001,17940,0.2,0,0.6,0.6,参考化合物有效条目超过 8 条；该值比组内最高 Activity Level 低至少 0.4，仅删除该记录
O=c1oc2ccccc2c(O)c1Cc1c(O)c2ccccc2oc1=O,Results_001,17941,0,0,0.6,0.6,参考化合物有效条目超过 8 条；该值比组内最高 Activity Level 低至少 0.4，仅删除该记录
O=c1oc2ccccc2c(O)c1Cc1c(O)c2ccccc2oc1=O,Results_001,17942,0.2,0,0.6,0.6,参考化合物有效条目超过 8 条；该值比组内最高 Activity Level 低至少 0.4，仅删除该记录
O=c1oc2ccccc2c(O)c1Cc1c(O)c2ccccc2oc1=O,Results_001,17943,0.2,0,0.6,0.6,参考化合物有效条目超过 8 条；该值比组内最高 Activity Level 低至少 0.4，仅删除该记录
O=c1oc2ccccc2c(O)c1Cc1c(O)c2ccccc2oc1=O,Results_001,17944,0,0,0.6,0.6,参考化合物有效条目超过 8 条；该值比组内最高 Activity Level 低至少 0.4，仅删除该记录
O=c1oc2ccccc2c(O)c1Cc1c(O)c2ccccc2oc1=O,Results_001,17945,0.2,0,0.6,0.6,参考化合物有效条目超过 8 条；该值比组内最高 Activity Level 低至少 0.4，仅删除该记录
O=c1oc2ccccc2c(O)c1Cc1c(O)c2ccccc2oc1=O,Results_001,17946,0.2,0,0.6,0.6,参考化合物有效条目超过 8 条；该值比组内最高 Activity Level 低至少 0.4，仅删除该记录
O=c1oc2ccccc2c(O)c1Cc1c(O)c2ccccc2oc1=O,Results_001,17947,0.1,0,0.6,0.6,参考化合物有效条目超过 8 条；该值比组内最高 Activity Level 低至少 0.4，仅删除该记录
O=c1oc2ccccc2c(O)c1Cc1c(O)c2ccccc2oc1=O,Results_001,17948,0.1,0,0.6,0.6,参考化合物有效条目超过 8 条；该值比组内最高 Activity Level 低至少 0.4，仅删除该记录
O=c1oc2ccccc2c(O)c1Cc1c(O)c2ccccc2oc1=O,Results_001,17950,0,0,0.6,0.6,参考化合物有效条目超过 8 条；该值比组内最高 Activity Level 低至少 0.4，仅删除该记录
O=c1oc2ccccc2c(O)c1Cc1c(O)c2ccccc2oc1=O,Results_001,17951,0,0,0.6,0.6,参考化合物有效条目超过 8 条；该值比组内最高 Activity Level 低至少 0.4，仅删除该记录
O=c1oc2ccccc2c(O)c1Cc1c(O)c2ccccc2oc1=O,Results_001,17953,0.1,0,0.6,0.6,参考化合物有效条目超过 8 条；该值比组内最高 Activity Level 低至少 0.4，仅删除该记录
O=c1oc2ccccc2c(O)c1Cc1c(O)c2ccccc2oc1=O,Results_001,17954,0.1,0,0.6,0.6,参考化合物有效条目超过 8 条；该值比组内最高 Activity Level 低至少 0.4，仅删除该记录
O=c1oc2ccccc2c(O)c1Cc1c(O)c2ccccc2oc1=O,Results_001,17955,0.1,0,0.6,0.6,参考化合物有效条目超过 8 条；该值比组内最高 Activity Level 低至少 0.4，仅删除该记录
O=c1oc2ccccc2c(O)c1Cc1c(O)c2ccccc2oc1=O,Results_001,17956,0,0,0.6,0.6,参考化合物有效条目超过 8 条；该值比组内最高 Activity Level 低至少 0.4，仅删除该记录
CC(C)=C[C@@H]1C[C@H](C)[C@H]2CC[C@H](C)c3c2c1c(C)c1ncoc31,Results_001,18309,0.4,0.1,1,0.9,参考化合物有效条目超过 8 条；该值比组内最高 Activity Level 低至少 0.4，仅删除该记录
CC(C)=C[C@@H]1C[C@H](C)[C@H]2CC[C@H](C)c3c2c1c(C)c1ncoc31,Results_001,18310,0.1,0.1,1,0.9,参考化合物有效条目超过 8 条；该值比组内最高 Activity Level 低至少 0.4，仅删除该记录
CC(C)=C[C@@H]1C[C@H](C)[C@H]2CC[C@H](C)c3c2c1c(C)c1ncoc31,Results_001,18311,0.6,0.1,1,0.9,参考化合物有效条目超过 8 条；该值比组内最高 Activity Level 低至少 0.4，仅删除该记录
CC(C)=C[C@@H]1C[C@H](C)[C@H]2CC[C@H](C)c3c2c1c(C)c1ncoc31,Results_001,18312,0.6,0.1,1,0.9,参考化合物有效条目超过 8 条；该值比组内最高 Activity Level 低至少 0.4，仅删除该记录
CC(C)=C[C@@H]1C[C@H](C)[C@H]2CC[C@H](C)c3c2c1c(C)c1ncoc31,Results_001,18313,0.4,0.1,1,0.9,参考化合物有效条目超过 8 条；该值比组内最高 Activity Level 低至少 0.4，仅删除该记录
CC(C)=C[C@@H]1C[C@H](C)[C@H]2CC[C@H](C)c3c2c1c(C)c1ncoc31,Results_001,18314,0.4,0.1,1,0.9,参考化合物有效条目超过 8 条；该值比组内最高 Activity Level 低至少 0.4，仅删除该记录
CC(C)=C[C@@H]1C[C@H](C)[C@H]2CC[C@H](C)c3c2c1c(C)c1ncoc31,Results_001,18315,0.4,0.1,1,0.9,参考化合物有效条目超过 8 条；该值比组内最高 Activity Level 低至少 0.4，仅删除该记录
CC(C)=C[C@@H]1C[C@H](C)[C@H]2CC[C@H](C)c3c2c1c(C)c1ncoc31,Results_001,18316,0.6,0.1,1,0.9,参考化合物有效条目超过 8 条；该值比组内最高 Activity Level 低至少 0.4，仅删除该记录
O=C(Nc1ccc(C(F)(F)F)cc1)c1cnccn1,Results_001,18358,0.8,0,0.8,0.8,普通化合物当前有效条目=4，跨度≥0.6；中位数=0.375，左侧=2，右侧=2；两侧数量相同，删除距中位数更远的极端值；等距时删除低值
O=C(Nc1ccc(C(F)(F)F)cc1)c1cnccn1,Results_005,2261,0.75,0,0.75,0.75,普通化合物当前有效条目=3，跨度≥0.6；中位数=0，左侧=0，右侧=1；中位数左侧为空，删除右侧最高值
O=C(Nc1ccc(C(F)(F)F)cc1)c1cncc(Cl)n1,Results_001,18361,0,0,0.6,0.6,普通化合物当前有效条目=2，跨度≥0.6；中位数=0.3，左侧=1，右侧=1；剩余两条评分跨度达到0.6，保留高值
CC(C)(C)c1cnc(C(=O)Nc2ccc(C(F)(F)F)cc2)cn1,Results_001,18363,0,0,0.6,0.6,普通化合物当前有效条目=2，跨度≥0.6；中位数=0.3，左侧=1，右侧=1；剩余两条评分跨度达到0.6，保留高值
CC(C)(C)c1ncc(C(=O)Nc2ccc(C(F)(F)F)cc2)nc1Cl,Results_001,18365,0,0,0.6,0.6,普通化合物当前有效条目=2，跨度≥0.6；中位数=0.3，左侧=1，右侧=1；剩余两条评分跨度达到0.6，保留高值
Cc1cccc(NC(=O)c2cnccn2)c1Br,Results_001,18367,0,0,0.8,0.8,普通化合物当前有效条目=2，跨度≥0.6；中位数=0.4，左侧=1，右侧=1；剩余两条评分跨度达到0.6，保留高值
Cc1ccc(NC(=O)c2cnccn2)cc1I,Results_001,18375,0,0,0.8,0.8,普通化合物当前有效条目=2，跨度≥0.6；中位数=0.4，左侧=1，右侧=1；剩余两条评分跨度达到0.6，保留高值
Cc1ccc(NC(=O)c2cncc(Cl)n2)cc1I,Results_001,18377,0,0,0.6,0.6,普通化合物当前有效条目=2，跨度≥0.6；中位数=0.3，左侧=1，右侧=1；剩余两条评分跨度达到0.6，保留高值
Cc1ccc(NC(=O)c2cnc(C(C)(C)C)cn2)cc1I,Results_001,18379,0,0,0.6,0.6,普通化合物当前有效条目=2，跨度≥0.6；中位数=0.3，左侧=1，右侧=1；剩余两条评分跨度达到0.6，保留高值
Cc1ccc(CNc2nccnc2C(N)=O)cc1,Results_001,18514,0.8,0.1,0.8,0.7,普通化合物当前有效条目=7，跨度≥0.6；中位数=0.1，左侧=0，右侧=2；中位数左侧为空，删除右侧最高值
Cc1ccc(CNc2nccnc2C(N)=O)cc1,Results_001,18520,0.8,0.1,0.8,0.7,普通化合物当前有效条目=6，跨度≥0.6；中位数=0.1，左侧=0，右侧=1；中位数左侧为空，删除右侧最高值
CC(=NNC(=O)c1ccncc1)C(=O)Oc1ccccc1,Results_001,18618,0.6,0.6,1,0.4,参考化合物有效条目超过 8 条；该值比组内最高 Activity Level 低至少 0.4，仅删除该记录
CC(=NNC(=O)c1ccncc1)C(=O)Oc1ccccc1,Results_002,12714,0.6,0.6,1,0.4,参考化合物有效条目超过 8 条；该值比组内最高 Activity Level 低至少 0.4，仅删除该记录
CC(=NNC(=O)c1ccncc1)C(=O)Oc1ccccc1,Results_002,12717,0.6,0.6,1,0.4,参考化合物有效条目超过 8 条；该值比组内最高 Activity Level 低至少 0.4，仅删除该记录
CC(=NNC(=O)c1ccncc1)C(=O)Oc1ccccc1,Results_002,12718,0.6,0.6,1,0.4,参考化合物有效条目超过 8 条；该值比组内最高 Activity Level 低至少 0.4，仅删除该记录
CC(=NNC(=O)c1ccncc1)C(=O)Oc1ccccc1,Results_002,12719,0.6,0.6,1,0.4,参考化合物有效条目超过 8 条；该值比组内最高 Activity Level 低至少 0.4，仅删除该记录
CC(=NNC(=O)c1ccncc1)C(=O)Oc1ccccc1,Results_002,12720,0.6,0.6,1,0.4,参考化合物有效条目超过 8 条；该值比组内最高 Activity Level 低至少 0.4，仅删除该记录
CC(=NNC(=O)c1ccncc1)C(=O)Oc1ccccc1,Results_002,12721,0.6,0.6,1,0.4,参考化合物有效条目超过 8 条；该值比组内最高 Activity Level 低至少 0.4，仅删除该记录
CC(=NNC(=O)c1ccncc1)C(=O)Oc1ccccc1,Results_002,12722,0.6,0.6,1,0.4,参考化合物有效条目超过 8 条；该值比组内最高 Activity Level 低至少 0.4，仅删除该记录
CC(=NNC(=O)c1ccncc1)C(=O)Oc1ccccc1,Results_002,12723,0.6,0.6,1,0.4,参考化合物有效条目超过 8 条；该值比组内最高 Activity Level 低至少 0.4，仅删除该记录
COc1ccc(OC(=O)C(C)=NNC(=O)c2ccncc2)cc1,Results_002,12735,0.6,0.6,1,0.4,参考化合物有效条目超过 8 条；该值比组内最高 Activity Level 低至少 0.4，仅删除该记录
COc1ccc(OC(=O)C(C)=NNC(=O)c2ccncc2)cc1,Results_002,12737,0.6,0.6,1,0.4,参考化合物有效条目超过 8 条；该值比组内最高 Activity Level 低至少 0.4，仅删除该记录
COc1ccc(OC(=O)C(C)=NNC(=O)c2ccncc2)cc1,Results_002,12738,0.6,0.6,1,0.4,参考化合物有效条目超过 8 条；该值比组内最高 Activity Level 低至少 0.4，仅删除该记录
COc1ccc(OC(=O)C(C)=NNC(=O)c2ccncc2)cc1,Results_002,12739,0.6,0.6,1,0.4,参考化合物有效条目超过 8 条；该值比组内最高 Activity Level 低至少 0.4，仅删除该记录
CC(=NNC(=O)c1ccncc1)C(=O)Oc1ccc(Cl)cc1,Results_002,12757,0.6,0.6,1,0.4,参考化合物有效条目超过 8 条；该值比组内最高 Activity Level 低至少 0.4，仅删除该记录
CC(=NNC(=O)c1ccncc1)C(=O)Oc1ccc(Cl)cc1,Results_002,12759,0.6,0.6,1,0.4,参考化合物有效条目超过 8 条；该值比组内最高 Activity Level 低至少 0.4，仅删除该记录
CC(=NNC(=O)c1ccncc1)C(=O)Oc1ccc(Cl)cc1,Results_002,12760,0.6,0.6,1,0.4,参考化合物有效条目超过 8 条；该值比组内最高 Activity Level 低至少 0.4，仅删除该记录
CC(=NNC(=O)c1ccncc1)C(=O)Oc1ccc(Cl)cc1,Results_002,12761,0.6,0.6,1,0.4,参考化合物有效条目超过 8 条；该值比组内最高 Activity Level 低至少 0.4，仅删除该记录
CC(=NNC(=O)c1ccncc1)C(=O)Oc1cccc2ccccc12,Results_002,12773,0.4,0.4,1,0.6,参考化合物有效条目超过 8 条；该值比组内最高 Activity Level 低至少 0.4，仅删除该记录
CC(=NNC(=O)c1ccncc1)C(=O)Oc1cccc2ccccc12,Results_002,12774,0.6,0.4,1,0.6,参考化合物有效条目超过 8 条；该值比组内最高 Activity Level 低至少 0.4，仅删除该记录
CC(=NNC(=O)c1ccncc1)C(=O)Oc1cccc2ccccc12,Results_002,12775,0.6,0.4,1,0.6,参考化合物有效条目超过 8 条；该值比组内最高 Activity Level 低至少 0.4，仅删除该记录
CC(=NNC(=O)c1ccncc1)C(=O)Oc1cccc2ccccc12,Results_002,12776,0.6,0.4,1,0.6,参考化合物有效条目超过 8 条；该值比组内最高 Activity Level 低至少 0.4，仅删除该记录
CC(=NNC(=O)c1ccncc1)C(=O)Oc1cccc2ccccc12,Results_002,12777,0.6,0.4,1,0.6,参考化合物有效条目超过 8 条；该值比组内最高 Activity Level 低至少 0.4，仅删除该记录
CC(=NNC(=O)c1ccncc1)C(=O)Oc1cccc2ccccc12,Results_002,12778,0.6,0.4,1,0.6,参考化合物有效条目超过 8 条；该值比组内最高 Activity Level 低至少 0.4，仅删除该记录
CC(=NNC(=O)c1ccncc1)C(=O)Oc1cccc2ccccc12,Results_002,12779,0.6,0.4,1,0.6,参考化合物有效条目超过 8 条；该值比组内最高 Activity Level 低至少 0.4，仅删除该记录
CC(=NNC(=O)c1ccncc1)C(=O)Oc1ccc2ccccc2c1,Results_002,12785,0.2,0.2,1,0.8,参考化合物有效条目超过 8 条；该值比组内最高 Activity Level 低至少 0.4，仅删除该记录
CC(=NNC(=O)c1ccncc1)C(=O)Oc1ccc2ccccc2c1,Results_002,12786,0.6,0.2,1,0.8,参考化合物有效条目超过 8 条；该值比组内最高 Activity Level 低至少 0.4，仅删除该记录
CC(=NNC(=O)c1ccncc1)C(=O)Oc1ccc2ccccc2c1,Results_002,12787,0.6,0.2,1,0.8,参考化合物有效条目超过 8 条；该值比组内最高 Activity Level 低至少 0.4，仅删除该记录
CC(=NNC(=O)c1ccncc1)C(=O)Oc1ccc2ccccc2c1,Results_002,12788,0.6,0.2,1,0.8,参考化合物有效条目超过 8 条；该值比组内最高 Activity Level 低至少 0.4，仅删除该记录
CC(=NNC(=O)c1ccncc1)C(=O)Oc1ccc2ccccc2c1,Results_002,12789,0.6,0.2,1,0.8,参考化合物有效条目超过 8 条；该值比组内最高 Activity Level 低至少 0.4，仅删除该记录
CC(=NNC(=O)c1ccncc1)C(=O)Oc1ccc2ccccc2c1,Results_002,12790,0.6,0.2,1,0.8,参考化合物有效条目超过 8 条；该值比组内最高 Activity Level 低至少 0.4，仅删除该记录
CC(=NNC(=O)c1ccncc1)C(=O)Oc1ccc2ccccc2c1,Results_002,12791,0.6,0.2,1,0.8,参考化合物有效条目超过 8 条；该值比组内最高 Activity Level 低至少 0.4，仅删除该记录
CC(=NNC(=O)c1ccncc1)C(=O)Oc1cc(C(C)C)ccc1C,Results_002,12664,0.6,0.6,1,0.4,参考化合物有效条目超过 8 条；该值比组内最高 Activity Level 低至少 0.4，仅删除该记录
CC(=NNC(=O)c1ccncc1)C(=O)Oc1cc(C(C)C)ccc1C,Results_002,12666,0.6,0.6,1,0.4,参考化合物有效条目超过 8 条；该值比组内最高 Activity Level 低至少 0.4，仅删除该记录
CC(=NNC(=O)c1ccncc1)C(=O)Oc1cc(C(C)C)ccc1C,Results_002,12667,0.6,0.6,1,0.4,参考化合物有效条目超过 8 条；该值比组内最高 Activity Level 低至少 0.4，仅删除该记录
CC(=NNC(=O)c1ccncc1)C(=O)Oc1cc(C(C)C)ccc1C,Results_002,12668,0.6,0.6,1,0.4,参考化合物有效条目超过 8 条；该值比组内最高 Activity Level 低至少 0.4，仅删除该记录
CC(=NNC(=O)c1ccncc1)C(=O)Oc1cc(C(C)C)ccc1C,Results_002,12669,0.6,0.6,1,0.4,参考化合物有效条目超过 8 条；该值比组内最高 Activity Level 低至少 0.4，仅删除该记录
CC(=NNC(=O)c1ccncc1)C(=O)Oc1cc(C(C)C)ccc1C,Results_002,12670,0.6,0.6,1,0.4,参考化合物有效条目超过 8 条；该值比组内最高 Activity Level 低至少 0.4，仅删除该记录
CC(=NNC(=O)c1ccncc1)C(=O)Oc1cc(Cl)ccc1Oc1ccc(Cl)cc1Cl,Results_002,12698,0.2,0.2,1,0.8,参考化合物有效条目超过 8 条；该值比组内最高 Activity Level 低至少 0.4，仅删除该记录
CC(=NNC(=O)c1ccncc1)C(=O)Oc1cc(Cl)ccc1Oc1ccc(Cl)cc1Cl,Results_002,12699,0.6,0.2,1,0.8,参考化合物有效条目超过 8 条；该值比组内最高 Activity Level 低至少 0.4，仅删除该记录
CC(=NNC(=O)c1ccncc1)C(=O)Oc1cc(Cl)ccc1Oc1ccc(Cl)cc1Cl,Results_002,12700,0.6,0.2,1,0.8,参考化合物有效条目超过 8 条；该值比组内最高 Activity Level 低至少 0.4，仅删除该记录
CC(=NNC(=O)c1ccncc1)C(=O)Oc1cc(Cl)ccc1Oc1ccc(Cl)cc1Cl,Results_002,12701,0.6,0.2,1,0.8,参考化合物有效条目超过 8 条；该值比组内最高 Activity Level 低至少 0.4，仅删除该记录
CC(=NNC(=O)c1ccncc1)C(=O)Oc1cc(Cl)ccc1Oc1ccc(Cl)cc1Cl,Results_002,12702,0.6,0.2,1,0.8,参考化合物有效条目超过 8 条；该值比组内最高 Activity Level 低至少 0.4，仅删除该记录
CC(=NNC(=O)c1ccncc1)C(=O)Oc1cc(Cl)ccc1Oc1ccc(Cl)cc1Cl,Results_002,12703,0.6,0.2,1,0.8,参考化合物有效条目超过 8 条；该值比组内最高 Activity Level 低至少 0.4，仅删除该记录
CC(=NNC(=O)c1ccncc1)C(=O)Oc1cc(Cl)ccc1Oc1ccc(Cl)cc1Cl,Results_002,12704,0.6,0.2,1,0.8,参考化合物有效条目超过 8 条；该值比组内最高 Activity Level 低至少 0.4，仅删除该记录
CC(=O)Nc1ccc(OC(=O)C(C)=NNC(=O)c2ccncc2)cc1,Results_002,12814,0.2,0.2,1,0.8,参考化合物有效条目超过 8 条；该值比组内最高 Activity Level 低至少 0.4，仅删除该记录
CC(=O)Nc1ccc(OC(=O)C(C)=NNC(=O)c2ccncc2)cc1,Results_002,12815,0.6,0.2,1,0.8,参考化合物有效条目超过 8 条；该值比组内最高 Activity Level 低至少 0.4，仅删除该记录
CC(=O)Nc1ccc(OC(=O)C(C)=NNC(=O)c2ccncc2)cc1,Results_002,12816,0.6,0.2,1,0.8,参考化合物有效条目超过 8 条；该值比组内最高 Activity Level 低至少 0.4，仅删除该记录
CC(=O)Nc1ccc(OC(=O)C(C)=NNC(=O)c2ccncc2)cc1,Results_002,12817,0.6,0.2,1,0.8,参考化合物有效条目超过 8 条；该值比组内最高 Activity Level 低至少 0.4，仅删除该记录
CC(=O)Nc1ccc(OC(=O)C(C)=NNC(=O)c2ccncc2)cc1,Results_002,12818,0.6,0.2,1,0.8,参考化合物有效条目超过 8 条；该值比组内最高 Activity Level 低至少 0.4，仅删除该记录
CC(=O)Nc1ccc(OC(=O)C(C)=NNC(=O)c2ccncc2)cc1,Results_002,12819,0.6,0.2,1,0.8,参考化合物有效条目超过 8 条；该值比组内最高 Activity Level 低至少 0.4，仅删除该记录
CC(=O)Nc1ccc(OC(=O)C(C)=NNC(=O)c2ccncc2)cc1,Results_002,12820,0.6,0.2,1,0.8,参考化合物有效条目超过 8 条；该值比组内最高 Activity Level 低至少 0.4，仅删除该记录
CC(=NNC(=O)c1ccncc1)C(=O)OCCn1c([N+](=O)[O-])cnc1C,Results_002,12826,0.2,0.2,1,0.8,参考化合物有效条目超过 8 条；该值比组内最高 Activity Level 低至少 0.4，仅删除该记录
CC(=NNC(=O)c1ccncc1)C(=O)OCCn1c([N+](=O)[O-])cnc1C,Results_002,12827,0.6,0.2,1,0.8,参考化合物有效条目超过 8 条；该值比组内最高 Activity Level 低至少 0.4，仅删除该记录
CC(=NNC(=O)c1ccncc1)C(=O)OCCn1c([N+](=O)[O-])cnc1C,Results_002,12828,0.6,0.2,1,0.8,参考化合物有效条目超过 8 条；该值比组内最高 Activity Level 低至少 0.4，仅删除该记录
CC(=NNC(=O)c1ccncc1)C(=O)OCCn1c([N+](=O)[O-])cnc1C,Results_002,12829,0.6,0.2,1,0.8,参考化合物有效条目超过 8 条；该值比组内最高 Activity Level 低至少 0.4，仅删除该记录
CC(=NNC(=O)c1ccncc1)C(=O)OCCn1c([N+](=O)[O-])cnc1C,Results_002,12830,0.6,0.2,1,0.8,参考化合物有效条目超过 8 条；该值比组内最高 Activity Level 低至少 0.4，仅删除该记录
CC(=NNC(=O)c1ccncc1)C(=O)OCCn1c([N+](=O)[O-])cnc1C,Results_002,12831,0.6,0.2,1,0.8,参考化合物有效条目超过 8 条；该值比组内最高 Activity Level 低至少 0.4，仅删除该记录
CC(=NNC(=O)c1ccncc1)C(=O)OCCn1c([N+](=O)[O-])cnc1C,Results_002,12832,0.6,0.2,1,0.8,参考化合物有效条目超过 8 条；该值比组内最高 Activity Level 低至少 0.4，仅删除该记录
CC(=NNC(=O)c1ccncc1)C(=O)Sc1ccccc1,Results_002,12843,0.4,0.4,1,0.6,参考化合物有效条目超过 8 条；该值比组内最高 Activity Level 低至少 0.4，仅删除该记录
CC(=NNC(=O)c1ccncc1)C(=O)Sc1ccccc1,Results_002,12844,0.6,0.4,1,0.6,参考化合物有效条目超过 8 条；该值比组内最高 Activity Level 低至少 0.4，仅删除该记录
CC(=NNC(=O)c1ccncc1)C(=O)Sc1ccccc1,Results_002,12845,0.6,0.4,1,0.6,参考化合物有效条目超过 8 条；该值比组内最高 Activity Level 低至少 0.4，仅删除该记录
CC(=NNC(=O)c1ccncc1)C(=O)Sc1ccccc1,Results_002,12846,0.6,0.4,1,0.6,参考化合物有效条目超过 8 条；该值比组内最高 Activity Level 低至少 0.4，仅删除该记录
CC(=NNC(=O)c1ccncc1)C(=O)Sc1ccccc1,Results_002,12847,0.4,0.4,1,0.6,参考化合物有效条目超过 8 条；该值比组内最高 Activity Level 低至少 0.4，仅删除该记录
CC(=NNC(=O)c1ccncc1)C(=O)Sc1ccccc1,Results_002,12848,0.6,0.4,1,0.6,参考化合物有效条目超过 8 条；该值比组内最高 Activity Level 低至少 0.4，仅删除该记录
CC(=NNC(=O)c1ccncc1)C(=O)Sc1ccccc1,Results_002,12849,0.6,0.4,1,0.6,参考化合物有效条目超过 8 条；该值比组内最高 Activity Level 低至少 0.4，仅删除该记录
O=[N+]([O-])c1cn2c(n1)OC(COc1ncc(C(F)(F)F)cn1)CC2,Results_001,18735,0.2,0.2,0.8,0.6,普通化合物当前有效条目=2，跨度≥0.6；中位数=0.5，左侧=1，右侧=1；剩余两条评分跨度达到0.6，保留高值
CC1(COc2ncc(C(F)(F)F)cn2)CCn2cc([N+](=O)[O-])nc2O1,Results_001,18737,0.2,0.2,0.8,0.6,普通化合物当前有效条目=2，跨度≥0.6；中位数=0.5，左侧=1，右侧=1；剩余两条评分跨度达到0.6，保留高值
CC(=O)NC[C@@H]1OC(=O)N2c3cc(F)c(N4CCSCC4)cc3OC[C@@H]12,Results_006,1196,0.6,0.6,1,0.4,参考化合物有效条目超过 8 条；该值比组内最高 Activity Level 低至少 0.4，仅删除该记录
CC(=O)NC[C@@H]1OC(=O)N2c3cc(F)c(N4CCSCC4)cc3OC[C@@H]12,Results_006,1199,0.6,0.6,1,0.4,参考化合物有效条目超过 8 条；该值比组内最高 Activity Level 低至少 0.4，仅删除该记录
CC(=O)NC[C@@H]1OC(=O)N2c3cc(F)c(N4CCSCC4)cc3OC[C@@H]12,Results_006,1201,0.6,0.6,1,0.4,参考化合物有效条目超过 8 条；该值比组内最高 Activity Level 低至少 0.4，仅删除该记录
CC(=O)NC[C@@H]1OC(=O)N2c3cc(F)c(N4CCSCC4)cc3OC[C@@H]12,Results_006,1202,0.6,0.6,1,0.4,参考化合物有效条目超过 8 条；该值比组内最高 Activity Level 低至少 0.4，仅删除该记录
C=CC1=C(C(=O)O)N2C(=O)[C@@H](NC(=O)/C(=N\O)c3csc(N)n3)[C@H]2SC1,Results_001,18898,1,0.4,1,0.6,普通化合物当前有效条目=5，跨度≥0.6；中位数=0.6，左侧=2，右侧=2；两侧数量相同，删除距中位数更远的极端值；等距时删除低值
C=CC1=C(C(=O)O)N2C(=O)[C@@H](NC(=O)/C(=N\O)c3csc(N)n3)[C@H]2SC1,Results_001,18899,1,0.4,1,0.6,普通化合物当前有效条目=4，跨度≥0.6；中位数=0.5，左侧=2，右侧=2；两侧数量相同，删除距中位数更远的极端值；等距时删除低值
CNC(C)C1CCC(N)C(OC2C(N)CC(N)C(OC3OCC(C)(O)C(NC)C3O)C2O)O1,Results_005,8564,0.6,0.6,1,0.4,参考化合物有效条目超过 8 条；该值比组内最高 Activity Level 低至少 0.4，仅删除该记录
CCC(CO)CNCCNC(CC)CO,Results_001,18973,0.4,0,1,1,参考化合物有效条目超过 8 条；该值比组内最高 Activity Level 低至少 0.4，仅删除该记录
CCC(CO)CNCCNC(CC)CO,Results_002,102,0.6,0,1,1,参考化合物有效条目超过 8 条；该值比组内最高 Activity Level 低至少 0.4，仅删除该记录
CCC(CO)CNCCNC(CC)CO,Results_002,327,0.2,0,1,1,参考化合物有效条目超过 8 条；该值比组内最高 Activity Level 低至少 0.4，仅删除该记录
CCC(CO)CNCCNC(CC)CO,Results_003,11150,0.6,0,1,1,参考化合物有效条目超过 8 条；该值比组内最高 Activity Level 低至少 0.4，仅删除该记录
CCC(CO)CNCCNC(CC)CO,Results_003,11151,0.6,0,1,1,参考化合物有效条目超过 8 条；该值比组内最高 Activity Level 低至少 0.4，仅删除该记录
CCC(CO)CNCCNC(CC)CO,Results_004,5561,0.6,0,1,1,参考化合物有效条目超过 8 条；该值比组内最高 Activity Level 低至少 0.4，仅删除该记录
CCC(CO)CNCCNC(CC)CO,Results_004,5884,0.6,0,1,1,参考化合物有效条目超过 8 条；该值比组内最高 Activity Level 低至少 0.4，仅删除该记录
CCC(CO)CNCCNC(CC)CO,Results_004,5999,0.4,0,1,1,参考化合物有效条目超过 8 条；该值比组内最高 Activity Level 低至少 0.4，仅删除该记录
CCC(CO)CNCCNC(CC)CO,Results_004,6000,0.4,0,1,1,参考化合物有效条目超过 8 条；该值比组内最高 Activity Level 低至少 0.4，仅删除该记录
CCC(CO)CNCCNC(CC)CO,Results_004,6483,0.4,0,1,1,参考化合物有效条目超过 8 条；该值比组内最高 Activity Level 低至少 0.4，仅删除该记录
CCC(CO)CNCCNC(CC)CO,Results_004,7476,0.6,0,1,1,参考化合物有效条目超过 8 条；该值比组内最高 Activity Level 低至少 0.4，仅删除该记录
CCC(CO)CNCCNC(CC)CO,Results_004,7477,0.6,0,1,1,参考化合物有效条目超过 8 条；该值比组内最高 Activity Level 低至少 0.4，仅删除该记录
CCC(CO)CNCCNC(CC)CO,Results_004,7883,0.6,0,1,1,参考化合物有效条目超过 8 条；该值比组内最高 Activity Level 低至少 0.4，仅删除该记录
CCC(CO)CNCCNC(CC)CO,Results_004,8445,0.6,0,1,1,参考化合物有效条目超过 8 条；该值比组内最高 Activity Level 低至少 0.4，仅删除该记录
CCC(CO)CNCCNC(CC)CO,Results_004,9294,0.6,0,1,1,参考化合物有效条目超过 8 条；该值比组内最高 Activity Level 低至少 0.4，仅删除该记录
CCC(CO)CNCCNC(CC)CO,Results_004,9332,0.6,0,1,1,参考化合物有效条目超过 8 条；该值比组内最高 Activity Level 低至少 0.4，仅删除该记录
CCC(CO)CNCCNC(CC)CO,Results_004,9832,0.4,0,1,1,参考化合物有效条目超过 8 条；该值比组内最高 Activity Level 低至少 0.4，仅删除该记录
CCC(CO)CNCCNC(CC)CO,Results_004,10114,0.1,0,1,1,参考化合物有效条目超过 8 条；该值比组内最高 Activity Level 低至少 0.4，仅删除该记录
CCC(CO)CNCCNC(CC)CO,Results_004,10247,0.6,0,1,1,参考化合物有效条目超过 8 条；该值比组内最高 Activity Level 低至少 0.4，仅删除该记录
CCC(CO)CNCCNC(CC)CO,Results_004,10313,0.6,0,1,1,参考化合物有效条目超过 8 条；该值比组内最高 Activity Level 低至少 0.4，仅删除该记录
CCC(CO)CNCCNC(CC)CO,Results_004,10314,0.6,0,1,1,参考化合物有效条目超过 8 条；该值比组内最高 Activity Level 低至少 0.4，仅删除该记录
CCC(CO)CNCCNC(CC)CO,Results_004,10393,0,0,1,1,参考化合物有效条目超过 8 条；该值比组内最高 Activity Level 低至少 0.4，仅删除该记录
CCC(CO)CNCCNC(CC)CO,Results_004,10394,0,0,1,1,参考化合物有效条目超过 8 条；该值比组内最高 Activity Level 低至少 0.4，仅删除该记录
CCC(CO)CNCCNC(CC)CO,Results_004,10395,0,0,1,1,参考化合物有效条目超过 8 条；该值比组内最高 Activity Level 低至少 0.4，仅删除该记录
CCC(CO)CNCCNC(CC)CO,Results_004,10396,0,0,1,1,参考化合物有效条目超过 8 条；该值比组内最高 Activity Level 低至少 0.4，仅删除该记录
CCC(CO)CNCCNC(CC)CO,Results_004,10397,0,0,1,1,参考化合物有效条目超过 8 条；该值比组内最高 Activity Level 低至少 0.4，仅删除该记录
CCC(CO)CNCCNC(CC)CO,Results_004,10398,0.4,0,1,1,参考化合物有效条目超过 8 条；该值比组内最高 Activity Level 低至少 0.4，仅删除该记录
CCC(CO)CNCCNC(CC)CO,Results_004,10399,0,0,1,1,参考化合物有效条目超过 8 条；该值比组内最高 Activity Level 低至少 0.4，仅删除该记录
CCC(CO)CNCCNC(CC)CO,Results_004,10400,0,0,1,1,参考化合物有效条目超过 8 条；该值比组内最高 Activity Level 低至少 0.4，仅删除该记录
CCC(CO)CNCCNC(CC)CO,Results_004,10401,0,0,1,1,参考化合物有效条目超过 8 条；该值比组内最高 Activity Level 低至少 0.4，仅删除该记录
CCC(CO)CNCCNC(CC)CO,Results_004,10402,0,0,1,1,参考化合物有效条目超过 8 条；该值比组内最高 Activity Level 低至少 0.4，仅删除该记录
CCC(CO)CNCCNC(CC)CO,Results_004,10726,0.2,0,1,1,参考化合物有效条目超过 8 条；该值比组内最高 Activity Level 低至少 0.4，仅删除该记录
CCC(CO)CNCCNC(CC)CO,Results_004,10838,0.6,0,1,1,参考化合物有效条目超过 8 条；该值比组内最高 Activity Level 低至少 0.4，仅删除该记录
CCC(CO)CNCCNC(CC)CO,Results_004,11090,0.6,0,1,1,参考化合物有效条目超过 8 条；该值比组内最高 Activity Level 低至少 0.4，仅删除该记录
CCC(CO)CNCCNC(CC)CO,Results_004,11092,0.6,0,1,1,参考化合物有效条目超过 8 条；该值比组内最高 Activity Level 低至少 0.4，仅删除该记录
CCC(CO)CNCCNC(CC)CO,Results_004,11093,0.6,0,1,1,参考化合物有效条目超过 8 条；该值比组内最高 Activity Level 低至少 0.4，仅删除该记录
CCC(CO)CNCCNC(CC)CO,Results_004,11094,0.6,0,1,1,参考化合物有效条目超过 8 条；该值比组内最高 Activity Level 低至少 0.4，仅删除该记录
CCC(CO)CNCCNC(CC)CO,Results_004,11095,0.6,0,1,1,参考化合物有效条目超过 8 条；该值比组内最高 Activity Level 低至少 0.4，仅删除该记录
CCC(CO)CNCCNC(CC)CO,Results_004,12564,0.6,0,1,1,参考化合物有效条目超过 8 条；该值比组内最高 Activity Level 低至少 0.4，仅删除该记录
CCC(CO)CNCCNC(CC)CO,Results_004,12835,0.6,0,1,1,参考化合物有效条目超过 8 条；该值比组内最高 Activity Level 低至少 0.4，仅删除该记录
CCC(CO)CNCCNC(CC)CO,Results_004,13110,0.2,0,1,1,参考化合物有效条目超过 8 条；该值比组内最高 Activity Level 低至少 0.4，仅删除该记录
CCC(CO)CNCCNC(CC)CO,Results_004,13111,0.4,0,1,1,参考化合物有效条目超过 8 条；该值比组内最高 Activity Level 低至少 0.4，仅删除该记录
CCC(CO)CNCCNC(CC)CO,Results_004,13112,0.6,0,1,1,参考化合物有效条目超过 8 条；该值比组内最高 Activity Level 低至少 0.4，仅删除该记录
CCC(CO)CNCCNC(CC)CO,Results_004,13182,0.6,0,1,1,参考化合物有效条目超过 8 条；该值比组内最高 Activity Level 低至少 0.4，仅删除该记录
CCC(CO)CNCCNC(CC)CO,Results_004,13183,0.6,0,1,1,参考化合物有效条目超过 8 条；该值比组内最高 Activity Level 低至少 0.4，仅删除该记录
CCC(CO)CNCCNC(CC)CO,Results_004,13240,0.6,0,1,1,参考化合物有效条目超过 8 条；该值比组内最高 Activity Level 低至少 0.4，仅删除该记录
CCC(CO)CNCCNC(CC)CO,Results_004,13441,0.6,0,1,1,参考化合物有效条目超过 8 条；该值比组内最高 Activity Level 低至少 0.4，仅删除该记录
CCC(CO)CNCCNC(CC)CO,Results_004,13699,0.6,0,1,1,参考化合物有效条目超过 8 条；该值比组内最高 Activity Level 低至少 0.4，仅删除该记录
CCC(CO)CNCCNC(CC)CO,Results_004,14203,0.4,0,1,1,参考化合物有效条目超过 8 条；该值比组内最高 Activity Level 低至少 0.4，仅删除该记录
CCC(CO)CNCCNC(CC)CO,Results_004,15064,0.4,0,1,1,参考化合物有效条目超过 8 条；该值比组内最高 Activity Level 低至少 0.4，仅删除该记录
CCC(CO)CNCCNC(CC)CO,Results_004,15105,0.6,0,1,1,参考化合物有效条目超过 8 条；该值比组内最高 Activity Level 低至少 0.4，仅删除该记录
CCC(CO)CNCCNC(CC)CO,Results_004,15188,0.6,0,1,1,参考化合物有效条目超过 8 条；该值比组内最高 Activity Level 低至少 0.4，仅删除该记录
CCC(CO)CNCCNC(CC)CO,Results_004,15189,0.2,0,1,1,参考化合物有效条目超过 8 条；该值比组内最高 Activity Level 低至少 0.4，仅删除该记录
CCC(CO)CNCCNC(CC)CO,Results_004,15190,0.6,0,1,1,参考化合物有效条目超过 8 条；该值比组内最高 Activity Level 低至少 0.4，仅删除该记录
CCC(CO)CNCCNC(CC)CO,Results_004,15191,0.2,0,1,1,参考化合物有效条目超过 8 条；该值比组内最高 Activity Level 低至少 0.4，仅删除该记录
CCC(CO)CNCCNC(CC)CO,Results_004,15192,0.6,0,1,1,参考化合物有效条目超过 8 条；该值比组内最高 Activity Level 低至少 0.4，仅删除该记录
CCC(CO)CNCCNC(CC)CO,Results_004,18907,0.6,0,1,1,参考化合物有效条目超过 8 条；该值比组内最高 Activity Level 低至少 0.4，仅删除该记录
CCC(CO)CNCCNC(CC)CO,Results_004,18908,0.6,0,1,1,参考化合物有效条目超过 8 条；该值比组内最高 Activity Level 低至少 0.4，仅删除该记录
CCC(CO)CNCCNC(CC)CO,Results_005,3620,0.6,0,1,1,参考化合物有效条目超过 8 条；该值比组内最高 Activity Level 低至少 0.4，仅删除该记录
CCC(CO)CNCCNC(CC)CO,Results_005,3621,0.6,0,1,1,参考化合物有效条目超过 8 条；该值比组内最高 Activity Level 低至少 0.4，仅删除该记录
CCC(CO)CNCCNC(CC)CO,Results_005,3622,0.6,0,1,1,参考化合物有效条目超过 8 条；该值比组内最高 Activity Level 低至少 0.4，仅删除该记录
CCC(CO)CNCCNC(CC)CO,Results_005,3623,0.6,0,1,1,参考化合物有效条目超过 8 条；该值比组内最高 Activity Level 低至少 0.4，仅删除该记录
CCC(CO)CNCCNC(CC)CO,Results_005,3624,0.6,0,1,1,参考化合物有效条目超过 8 条；该值比组内最高 Activity Level 低至少 0.4，仅删除该记录
CCC(CO)CNCCNC(CC)CO,Results_005,3625,0.6,0,1,1,参考化合物有效条目超过 8 条；该值比组内最高 Activity Level 低至少 0.4，仅删除该记录
CCC(CO)CNCCNC(CC)CO,Results_005,3626,0.6,0,1,1,参考化合物有效条目超过 8 条；该值比组内最高 Activity Level 低至少 0.4，仅删除该记录
CCC(CO)CNCCNC(CC)CO,Results_005,3627,0.6,0,1,1,参考化合物有效条目超过 8 条；该值比组内最高 Activity Level 低至少 0.4，仅删除该记录
CCC(CO)CNCCNC(CC)CO,Results_005,3628,0.6,0,1,1,参考化合物有效条目超过 8 条；该值比组内最高 Activity Level 低至少 0.4，仅删除该记录
CCC(CO)CNCCNC(CC)CO,Results_005,3629,0.6,0,1,1,参考化合物有效条目超过 8 条；该值比组内最高 Activity Level 低至少 0.4，仅删除该记录
CCC(CO)CNCCNC(CC)CO,Results_005,3631,0.6,0,1,1,参考化合物有效条目超过 8 条；该值比组内最高 Activity Level 低至少 0.4，仅删除该记录
CCC(CO)CNCCNC(CC)CO,Results_005,3632,0.6,0,1,1,参考化合物有效条目超过 8 条；该值比组内最高 Activity Level 低至少 0.4，仅删除该记录
CCC(CO)CNCCNC(CC)CO,Results_005,3633,0.6,0,1,1,参考化合物有效条目超过 8 条；该值比组内最高 Activity Level 低至少 0.4，仅删除该记录
CCC(CO)CNCCNC(CC)CO,Results_005,3634,0.6,0,1,1,参考化合物有效条目超过 8 条；该值比组内最高 Activity Level 低至少 0.4，仅删除该记录
CCC(CO)CNCCNC(CC)CO,Results_005,3635,0.6,0,1,1,参考化合物有效条目超过 8 条；该值比组内最高 Activity Level 低至少 0.4，仅删除该记录
CCC(CO)CNCCNC(CC)CO,Results_005,3636,0.6,0,1,1,参考化合物有效条目超过 8 条；该值比组内最高 Activity Level 低至少 0.4，仅删除该记录
CCC(CO)CNCCNC(CC)CO,Results_005,3637,0.4,0,1,1,参考化合物有效条目超过 8 条；该值比组内最高 Activity Level 低至少 0.4，仅删除该记录
CCC(CO)CNCCNC(CC)CO,Results_005,3638,0.6,0,1,1,参考化合物有效条目超过 8 条；该值比组内最高 Activity Level 低至少 0.4，仅删除该记录
CCC(CO)CNCCNC(CC)CO,Results_005,3639,0.6,0,1,1,参考化合物有效条目超过 8 条；该值比组内最高 Activity Level 低至少 0.4，仅删除该记录
CCC(CO)CNCCNC(CC)CO,Results_005,3640,0.6,0,1,1,参考化合物有效条目超过 8 条；该值比组内最高 Activity Level 低至少 0.4，仅删除该记录
CCC(CO)CNCCNC(CC)CO,Results_005,3641,0.6,0,1,1,参考化合物有效条目超过 8 条；该值比组内最高 Activity Level 低至少 0.4，仅删除该记录
CCC(CO)CNCCNC(CC)CO,Results_005,4717,0.6,0,1,1,参考化合物有效条目超过 8 条；该值比组内最高 Activity Level 低至少 0.4，仅删除该记录
CCC(CO)CNCCNC(CC)CO,Results_005,4724,0.6,0,1,1,参考化合物有效条目超过 8 条；该值比组内最高 Activity Level 低至少 0.4，仅删除该记录
CCC(CO)CNCCNC(CC)CO,Results_005,4871,0.2,0,1,1,参考化合物有效条目超过 8 条；该值比组内最高 Activity Level 低至少 0.4，仅删除该记录
CCC(CO)CNCCNC(CC)CO,Results_005,4872,0.2,0,1,1,参考化合物有效条目超过 8 条；该值比组内最高 Activity Level 低至少 0.4，仅删除该记录
CCC(CO)CNCCNC(CC)CO,Results_005,4873,0.2,0,1,1,参考化合物有效条目超过 8 条；该值比组内最高 Activity Level 低至少 0.4，仅删除该记录
CCC(CO)CNCCNC(CC)CO,Results_005,4874,0.2,0,1,1,参考化合物有效条目超过 8 条；该值比组内最高 Activity Level 低至少 0.4，仅删除该记录
CCC(CO)CNCCNC(CC)CO,Results_005,4875,0.2,0,1,1,参考化合物有效条目超过 8 条；该值比组内最高 Activity Level 低至少 0.4，仅删除该记录
CCC(CO)CNCCNC(CC)CO,Results_005,7633,0.2,0,1,1,参考化合物有效条目超过 8 条；该值比组内最高 Activity Level 低至少 0.4，仅删除该记录
CCC(CO)CNCCNC(CC)CO,Results_005,8683,0.2,0,1,1,参考化合物有效条目超过 8 条；该值比组内最高 Activity Level 低至少 0.4，仅删除该记录
CCC(CO)CNCCNC(CC)CO,Results_005,9043,0.6,0,1,1,参考化合物有效条目超过 8 条；该值比组内最高 Activity Level 低至少 0.4，仅删除该记录
CCC(CO)CNCCNC(CC)CO,Results_005,9527,0.6,0,1,1,参考化合物有效条目超过 8 条；该值比组内最高 Activity Level 低至少 0.4，仅删除该记录
CCC(CO)CNCCNC(CC)CO,Results_005,10184,0.6,0,1,1,参考化合物有效条目超过 8 条；该值比组内最高 Activity Level 低至少 0.4，仅删除该记录
CCC(CO)CNCCNC(CC)CO,Results_005,11096,0.1,0,1,1,参考化合物有效条目超过 8 条；该值比组内最高 Activity Level 低至少 0.4，仅删除该记录
CCC(CO)CNCCNC(CC)CO,Results_005,11675,0.6,0,1,1,参考化合物有效条目超过 8 条；该值比组内最高 Activity Level 低至少 0.4，仅删除该记录
CCC(CO)CNCCNC(CC)CO,Results_005,12185,0.6,0,1,1,参考化合物有效条目超过 8 条；该值比组内最高 Activity Level 低至少 0.4，仅删除该记录
CCC(CO)CNCCNC(CC)CO,Results_005,12201,0.6,0,1,1,参考化合物有效条目超过 8 条；该值比组内最高 Activity Level 低至少 0.4，仅删除该记录
CCC(CO)CNCCNC(CC)CO,Results_005,12418,0.2,0,1,1,参考化合物有效条目超过 8 条；该值比组内最高 Activity Level 低至少 0.4，仅删除该记录
CCC(CO)CNCCNC(CC)CO,Results_005,13125,0.6,0,1,1,参考化合物有效条目超过 8 条；该值比组内最高 Activity Level 低至少 0.4，仅删除该记录
CCC(CO)CNCCNC(CC)CO,Results_005,13126,0.6,0,1,1,参考化合物有效条目超过 8 条；该值比组内最高 Activity Level 低至少 0.4，仅删除该记录
CCC(CO)CNCCNC(CC)CO,Results_005,14215,0.1,0,1,1,参考化合物有效条目超过 8 条；该值比组内最高 Activity Level 低至少 0.4，仅删除该记录
CCC(CO)CNCCNC(CC)CO,Results_005,14684,0.6,0,1,1,参考化合物有效条目超过 8 条；该值比组内最高 Activity Level 低至少 0.4，仅删除该记录
CCC(CO)CNCCNC(CC)CO,Results_005,15476,0.6,0,1,1,参考化合物有效条目超过 8 条；该值比组内最高 Activity Level 低至少 0.4，仅删除该记录
CCC(CO)CNCCNC(CC)CO,Results_005,15775,0.6,0,1,1,参考化合物有效条目超过 8 条；该值比组内最高 Activity Level 低至少 0.4，仅删除该记录
CCC(CO)CNCCNC(CC)CO,Results_005,15999,0.6,0,1,1,参考化合物有效条目超过 8 条；该值比组内最高 Activity Level 低至少 0.4，仅删除该记录
CCC(CO)CNCCNC(CC)CO,Results_005,16554,0.6,0,1,1,参考化合物有效条目超过 8 条；该值比组内最高 Activity Level 低至少 0.4，仅删除该记录
CCC(CO)CNCCNC(CC)CO,Results_005,16555,0.6,0,1,1,参考化合物有效条目超过 8 条；该值比组内最高 Activity Level 低至少 0.4，仅删除该记录
CCC(CO)CNCCNC(CC)CO,Results_005,16556,0.6,0,1,1,参考化合物有效条目超过 8 条；该值比组内最高 Activity Level 低至少 0.4，仅删除该记录
CCC(CO)CNCCNC(CC)CO,Results_005,17956,0.6,0,1,1,参考化合物有效条目超过 8 条；该值比组内最高 Activity Level 低至少 0.4，仅删除该记录
CCC(CO)CNCCNC(CC)CO,Results_005,18824,0.6,0,1,1,参考化合物有效条目超过 8 条；该值比组内最高 Activity Level 低至少 0.4，仅删除该记录
CCC(CO)CNCCNC(CC)CO,Results_006,48,0.6,0,1,1,参考化合物有效条目超过 8 条；该值比组内最高 Activity Level 低至少 0.4，仅删除该记录
CCC(CO)CNCCNC(CC)CO,Results_006,331,0,0,1,1,参考化合物有效条目超过 8 条；该值比组内最高 Activity Level 低至少 0.4，仅删除该记录
CCC(CO)CNCCNC(CC)CO,Results_006,740,0.6,0,1,1,参考化合物有效条目超过 8 条；该值比组内最高 Activity Level 低至少 0.4，仅删除该记录
CCC(CO)CNCCNC(CC)CO,Results_006,742,0.1,0,1,1,参考化合物有效条目超过 8 条；该值比组内最高 Activity Level 低至少 0.4，仅删除该记录
CCC(CO)CNCCNC(CC)CO,Results_006,743,0.1,0,1,1,参考化合物有效条目超过 8 条；该值比组内最高 Activity Level 低至少 0.4，仅删除该记录
CCC(CO)CNCCNC(CC)CO,Results_006,1100,0.6,0,1,1,参考化合物有效条目超过 8 条；该值比组内最高 Activity Level 低至少 0.4，仅删除该记录
CCC(CO)CNCCNC(CC)CO,Results_006,1101,0.6,0,1,1,参考化合物有效条目超过 8 条；该值比组内最高 Activity Level 低至少 0.4，仅删除该记录
CCC(CO)CNCCNC(CC)CO,Results_006,1102,0.6,0,1,1,参考化合物有效条目超过 8 条；该值比组内最高 Activity Level 低至少 0.4，仅删除该记录
CCC(CO)CNCCNC(CC)CO,Results_006,1103,0.6,0,1,1,参考化合物有效条目超过 8 条；该值比组内最高 Activity Level 低至少 0.4，仅删除该记录
CCC(CO)CNCCNC(CC)CO,Results_006,1104,0.6,0,1,1,参考化合物有效条目超过 8 条；该值比组内最高 Activity Level 低至少 0.4，仅删除该记录
CCC(CO)CNCCNC(CC)CO,Results_006,1105,0.6,0,1,1,参考化合物有效条目超过 8 条；该值比组内最高 Activity Level 低至少 0.4，仅删除该记录
CCC(CO)CNCCNC(CC)CO,Results_006,1106,0.6,0,1,1,参考化合物有效条目超过 8 条；该值比组内最高 Activity Level 低至少 0.4，仅删除该记录
CCC(CO)CNCCNC(CC)CO,Results_006,1107,0.6,0,1,1,参考化合物有效条目超过 8 条；该值比组内最高 Activity Level 低至少 0.4，仅删除该记录
CCC(CO)CNCCNC(CC)CO,Results_006,1108,0.6,0,1,1,参考化合物有效条目超过 8 条；该值比组内最高 Activity Level 低至少 0.4，仅删除该记录
CCC(CO)CNCCNC(CC)CO,Results_006,1110,0.6,0,1,1,参考化合物有效条目超过 8 条；该值比组内最高 Activity Level 低至少 0.4，仅删除该记录
CCC(CO)CNCCNC(CC)CO,Results_006,1111,0.6,0,1,1,参考化合物有效条目超过 8 条；该值比组内最高 Activity Level 低至少 0.4，仅删除该记录
CCC(CO)CNCCNC(CC)CO,Results_006,1112,0.6,0,1,1,参考化合物有效条目超过 8 条；该值比组内最高 Activity Level 低至少 0.4，仅删除该记录
CCC(CO)CNCCNC(CC)CO,Results_006,1113,0.6,0,1,1,参考化合物有效条目超过 8 条；该值比组内最高 Activity Level 低至少 0.4，仅删除该记录
CCC(CO)CNCCNC(CC)CO,Results_006,1114,0.6,0,1,1,参考化合物有效条目超过 8 条；该值比组内最高 Activity Level 低至少 0.4，仅删除该记录
CCC(CO)CNCCNC(CC)CO,Results_006,1115,0.6,0,1,1,参考化合物有效条目超过 8 条；该值比组内最高 Activity Level 低至少 0.4，仅删除该记录
CCC(CO)CNCCNC(CC)CO,Results_006,1116,0.6,0,1,1,参考化合物有效条目超过 8 条；该值比组内最高 Activity Level 低至少 0.4，仅删除该记录
CCC(CO)CNCCNC(CC)CO,Results_006,1117,0.6,0,1,1,参考化合物有效条目超过 8 条；该值比组内最高 Activity Level 低至少 0.4，仅删除该记录
CCC(CO)CNCCNC(CC)CO,Results_006,1118,0.4,0,1,1,参考化合物有效条目超过 8 条；该值比组内最高 Activity Level 低至少 0.4，仅删除该记录
CCC(CO)CNCCNC(CC)CO,Results_006,1119,0.6,0,1,1,参考化合物有效条目超过 8 条；该值比组内最高 Activity Level 低至少 0.4，仅删除该记录
CCC(CO)CNCCNC(CC)CO,Results_006,1120,0.6,0,1,1,参考化合物有效条目超过 8 条；该值比组内最高 Activity Level 低至少 0.4，仅删除该记录
CCC(CO)CNCCNC(CC)CO,Results_006,1121,0.6,0,1,1,参考化合物有效条目超过 8 条；该值比组内最高 Activity Level 低至少 0.4，仅删除该记录
CCC(CO)CNCCNC(CC)CO,Results_006,1122,0.6,0,1,1,参考化合物有效条目超过 8 条；该值比组内最高 Activity Level 低至少 0.4，仅删除该记录
CCC(CO)CNCCNC(CC)CO,Results_006,1228,0.6,0,1,1,参考化合物有效条目超过 8 条；该值比组内最高 Activity Level 低至少 0.4，仅删除该记录
CCC(CO)CNCCNC(CC)CO,Results_006,1246,0.6,0,1,1,参考化合物有效条目超过 8 条；该值比组内最高 Activity Level 低至少 0.4，仅删除该记录
CCC(CO)CNCCNC(CC)CO,Results_006,1371,0.1,0,1,1,参考化合物有效条目超过 8 条；该值比组内最高 Activity Level 低至少 0.4，仅删除该记录
CCC(CO)CNCCNC(CC)CO,Results_006,1381,0.6,0,1,1,参考化合物有效条目超过 8 条；该值比组内最高 Activity Level 低至少 0.4，仅删除该记录
CCC(CO)CNCCNC(CC)CO,Results_006,2930,0.6,0,1,1,参考化合物有效条目超过 8 条；该值比组内最高 Activity Level 低至少 0.4，仅删除该记录
CCC(CO)CNCCNC(CC)CO,Results_006,3561,0.6,0,1,1,参考化合物有效条目超过 8 条；该值比组内最高 Activity Level 低至少 0.4，仅删除该记录
CCC(CO)CNCCNC(CC)CO,Results_006,3918,0.6,0,1,1,参考化合物有效条目超过 8 条；该值比组内最高 Activity Level 低至少 0.4，仅删除该记录
COc1cc(C2CC(c3ccccc3O)=NN2C(=S)Nc2cccc(C)c2)ccc1O,Results_001,18982,0,0,0.75,0.75,普通化合物当前有效条目=2，跨度≥0.6；中位数=0.375，左侧=1，右侧=1；剩余两条评分跨度达到0.6，保留高值
CCOC(=O)c1cc(CNc2cc(C(F)(F)F)nc3c(C(F)(F)F)cccc23)on1,Results_001,19062,0.1,0.1,0.8,0.7,普通化合物当前有效条目=2，跨度≥0.6；中位数=0.45，左侧=1，右侧=1；剩余两条评分跨度达到0.6，保留高值
CCOC(=O)c1cc(CNc2cccc(OC)c2)on1,Results_001,19072,0.2,0.2,0.8,0.6,普通化合物当前有效条目=2，跨度≥0.6；中位数=0.5，左侧=1，右侧=1；剩余两条评分跨度达到0.6，保留高值
O=C(CCc1c[nH]c2ccc(Cl)cc12)NCc1c[nH]c2ccc(OC(F)(F)F)cc12,Results_001,19132,0.2,0.2,1,0.8,普通化合物当前有效条目=4，跨度≥0.6；中位数=0.7，左侧=2，右侧=2；两侧数量相同，删除距中位数更远的极端值；等距时删除低值
Cc1c(CNC(=O)CCc2c[nH]c3ccc(Cl)cc23)c2cc(OC(F)(F)F)ccc2n1C,Results_001,19136,0.2,0.2,0.8,0.6,普通化合物当前有效条目=2，跨度≥0.6；中位数=0.5，左侧=1，右侧=1；剩余两条评分跨度达到0.6，保留高值
Cn1cc(CNC(=O)CCc2c[nH]c3ccc(Cl)cc23)c2cc(Cl)ccc21,Results_001,19138,0.2,0.2,0.8,0.6,普通化合物当前有效条目=2，跨度≥0.6；中位数=0.5，左侧=1，右侧=1；剩余两条评分跨度达到0.6，保留高值
Cc1c(CNC(=O)CCc2cn(C)c3ccc(Cl)cc23)c2cc(OC(F)(F)F)ccc2n1C,Results_001,19142,0.2,0.2,0.8,0.6,普通化合物当前有效条目=2，跨度≥0.6；中位数=0.5，左侧=1，右侧=1；剩余两条评分跨度达到0.6，保留高值
Cc1[nH]c2ccc(OC(F)(F)F)cc2c1CNC(=O)CCc1cn(C)c2ccc(Cl)cc12,Results_001,19148,0.2,0.2,0.8,0.6,普通化合物当前有效条目=2，跨度≥0.6；中位数=0.5，左侧=1，右侧=1；剩余两条评分跨度达到0.6，保留高值
Cc1[nH]c2ccc(OC(F)(F)F)cc2c1CCCNC(=O)CCc1c[nH]c2ccc(Cl)cc12,Results_001,19154,0.2,0.2,1,0.8,普通化合物当前有效条目=4，跨度≥0.6；中位数=0.7，左侧=2，右侧=2；两侧数量相同，删除距中位数更远的极端值；等距时删除低值
Clc1ccc2nc3c(c(-c4ccccc4)c2c1)CCC3,Results_001,19311,0.75,0.125,0.75,0.625,普通化合物当前有效条目=8，跨度≥0.6；中位数=0.3125，左侧=4，右侧=4；两侧数量相同，删除距中位数更远的极端值；等距时删除低值
Clc1ccc2nc3c(c(-c4ccccc4)c2c1)CCC3,Results_001,19313,0.75,0.125,0.75,0.625,普通化合物当前有效条目=7，跨度≥0.6；中位数=0.125，左侧=0，右侧=3；中位数左侧为空，删除右侧最高值
Clc1ccc2nc3c(c(-c4ccccc4)c2c1)CCC3,Results_001,19314,0.75,0.125,0.75,0.625,普通化合物当前有效条目=6，跨度≥0.6；中位数=0.125，左侧=0，右侧=2；中位数左侧为空，删除右侧最高值
CC(=NNC(=O)c1ccncc1)c1ccc(O)cc1,Results_001,19402,1,0.4,1,0.6,普通化合物当前有效条目=3，跨度≥0.6；中位数=0.4，左侧=0，右侧=1；中位数左侧为空，删除右侧最高值
CCOC(=O)c1cc(-c2cccc(N)c2)on1,Results_002,17,0.4,0.4,1,0.6,普通化合物当前有效条目=2，跨度≥0.6；中位数=0.7，左侧=1，右侧=1；剩余两条评分跨度达到0.6，保留高值
CCCOCC(=O)Nc1cc2nc(C3CCCCC3)[nH]c2cc1N(CC)CC,Results_002,107,0.8,0.2,0.8,0.6,普通化合物当前有效条目=5，跨度≥0.6；中位数=0.2，左侧=0，右侧=1；中位数左侧为空，删除右侧最高值
O=C(Nc1ccccc1)c1c(-c2ccccc2)[n+]([O-])c2ccccc2[n+]1[O-],Results_005,10025,1,0.2,1,0.8,普通化合物当前有效条目=3，跨度≥0.6；中位数=0.2，左侧=0，右侧=1；中位数左侧为空，删除右侧最高值
O=C(Nc1ccccc1)c1c(-c2ccccc2)[n+]([O-])c2ccc(F)cc2[n+]1[O-],Results_005,10004,1,0.4,1,0.6,普通化合物当前有效条目=3，跨度≥0.6；中位数=0.4，左侧=0，右侧=1；中位数左侧为空，删除右侧最高值
O=C(Nc1ccccc1)c1c(-c2ccccc2)[n+]([O-])c2ccc(C(F)(F)F)cc2[n+]1[O-],Results_005,10026,1,0.4,1,0.6,普通化合物当前有效条目=3，跨度≥0.6；中位数=0.4，左侧=0，右侧=1；中位数左侧为空，删除右侧最高值
Cc1ccc2c(c1)[n+]([O-])c(C(=O)Nc1ccccc1)c(-c1ccccc1)[n+]2[O-],Results_005,10027,1,0.2,1,0.8,普通化合物当前有效条目=3，跨度≥0.6；中位数=0.2，左侧=0，右侧=1；中位数左侧为空，删除右侧最高值
COc1ccc2c(c1)[n+]([O-])c(C(=O)Nc1ccccc1)c(-c1ccccc1)[n+]2[O-],Results_005,10005,1,0.2,1,0.8,普通化合物当前有效条目=3，跨度≥0.6；中位数=0.2，左侧=0，右侧=1；中位数左侧为空，删除右侧最高值
O=C(NCc1ccccc1)c1c(-c2ccccc2)[n+]([O-])c2ccc(C(F)(F)F)cc2[n+]1[O-],Results_005,10008,1,0.1,1,0.9,普通化合物当前有效条目=3，跨度≥0.6；中位数=0.1，左侧=0，右侧=1；中位数左侧为空，删除右侧最高值
Cc1ccc2c(c1)[n+]([O-])c(C(=O)NCc1ccccc1)c(-c1ccccc1)[n+]2[O-],Results_005,10030,1,0.4,1,0.6,普通化合物当前有效条目=3，跨度≥0.6；中位数=0.4，左侧=0，右侧=1；中位数左侧为空，删除右侧最高值
COc1ccc2c(c1)[n+]([O-])c(C(=O)NCc1ccccc1)c(-c1ccccc1)[n+]2[O-],Results_005,10031,1,0.4,1,0.6,普通化合物当前有效条目=3，跨度≥0.6；中位数=0.4，左侧=0，右侧=1；中位数左侧为空，删除右侧最高值
O=C(NCc1ccccc1)c1c(-c2ccccc2)[n+]([O-])c2cc(Cl)c(Cl)cc2[n+]1[O-],Results_005,10009,1,0.4,1,0.6,普通化合物当前有效条目=3，跨度≥0.6；中位数=0.4，左侧=0，右侧=1；中位数左侧为空，删除右侧最高值
O=C(NCCc1ccccc1)c1c(-c2ccccc2)[n+]([O-])c2ccccc2[n+]1[O-],Results_005,10010,1,0.4,1,0.6,普通化合物当前有效条目=3，跨度≥0.6；中位数=0.4，左侧=0，右侧=1；中位数左侧为空，删除右侧最高值
O=C(NCCc1ccccc1)c1c(-c2ccccc2)[n+]([O-])c2ccc(Cl)cc2[n+]1[O-],Results_005,10032,1,0.4,1,0.6,普通化合物当前有效条目=3，跨度≥0.6；中位数=0.4，左侧=0，右侧=1；中位数左侧为空，删除右侧最高值
Cc1c(C(=O)NCc2ccc(C(F)(F)F)cc2)[n+]([O-])c2ccccc2[n+]1[O-],Results_005,10033,1,0.4,1,0.6,普通化合物当前有效条目=4，跨度≥0.6；中位数=0.4，左侧=0，右侧=1；中位数左侧为空，删除右侧最高值
COc1ccc2c(c1)[n+]([O-])c(C(=O)NCc1ccc(C(F)(F)F)cc1)c(C)[n+]2[O-],Results_005,10034,1,0.1,1,0.9,普通化合物当前有效条目=3，跨度≥0.6；中位数=0.1，左侧=0，右侧=1；中位数左侧为空，删除右侧最高值
Cc1c(C(=O)NCc2ccc(Cl)cc2)[n+]([O-])c2ccccc2[n+]1[O-],Results_005,10015,1,0.4,1,0.6,普通化合物当前有效条目=4，跨度≥0.6；中位数=0.4，左侧=0，右侧=1；中位数左侧为空，删除右侧最高值
Cc1c(C(=O)NCc2ccc(Cl)cc2)[n+]([O-])c2cc(Cl)ccc2[n+]1[O-],Results_005,10036,1,0.2,1,0.8,普通化合物当前有效条目=4，跨度≥0.6；中位数=0.2，左侧=0，右侧=1；中位数左侧为空，删除右侧最高值
Cc1ccc2c(c1)[n+]([O-])c(C(=O)NCc1ccc(Cl)cc1)c(C)[n+]2[O-],Results_005,10016,1,0.4,1,0.6,普通化合物当前有效条目=4，跨度≥0.6；中位数=0.4，左侧=0，右侧=1；中位数左侧为空，删除右侧最高值
Cc1c(C(=O)NCc2ccc(Br)cc2)[n+]([O-])c2ccccc2[n+]1[O-],Results_005,10017,1,0.4,1,0.6,普通化合物当前有效条目=4，跨度≥0.6；中位数=0.4，左侧=0，右侧=1；中位数左侧为空，删除右侧最高值
Cc1ccc2c(c1)[n+]([O-])c(C(=O)NCc1ccc(Br)cc1)c(C)[n+]2[O-],Results_005,10038,1,0.1,1,0.9,普通化合物当前有效条目=5，跨度≥0.6；中位数=0.1，左侧=0，右侧=2；中位数左侧为空，删除右侧最高值
Cc1ccc(CNC(=O)c2c(C)[n+]([O-])c3ccc(Cl)cc3[n+]2[O-])cc1,Results_005,10019,1,0.2,1,0.8,普通化合物当前有效条目=4，跨度≥0.6；中位数=0.2，左侧=0，右侧=1；中位数左侧为空，删除右侧最高值
Cc1ccc(CNC(=O)c2c(C)[n+]([O-])c3ccc(C)cc3[n+]2[O-])cc1,Results_005,10020,1,0,1,1,普通化合物当前有效条目=4，跨度≥0.6；中位数=0，左侧=0，右侧=1；中位数左侧为空，删除右侧最高值
Cc1ccc(CNC(=O)c2c(C)[n+]([O-])c3cc(Cl)c(Cl)cc3[n+]2[O-])cc1,Results_005,10021,1,0.1,1,0.9,普通化合物当前有效条目=3，跨度≥0.6；中位数=0.1，左侧=0，右侧=1；中位数左侧为空，删除右侧最高值
Cc1c(C(=O)NCc2ccc3c(c2)OCO3)[n+]([O-])c2ccccc2[n+]1[O-],Results_005,10022,1,0.2,1,0.8,普通化合物当前有效条目=3，跨度≥0.6；中位数=0.2，左侧=0，右侧=1；中位数左侧为空，删除右侧最高值
Cc1ccc2c(c1)[n+]([O-])c(C(=O)NCc1ccc3c(c1)OCO3)c(C)[n+]2[O-],Results_005,10024,1,0.4,1,0.6,普通化合物当前有效条目=4，跨度≥0.6；中位数=0.4，左侧=0，右侧=1；中位数左侧为空，删除右侧最高值
Cc1c(C(=O)NCc2ccc3c(c2)OCO3)[n+]([O-])c2cc(Cl)c(Cl)cc2[n+]1[O-],Results_005,10045,1,0.2,1,0.8,普通化合物当前有效条目=4，跨度≥0.6；中位数=0.2，左侧=0，右侧=1；中位数左侧为空，删除右侧最高值
Cc1nnc(-c2ccncc2)o1,Results_002,239,0.4,0.4,0.8,0.4,参考化合物有效条目超过 8 条；该值比组内最高 Activity Level 低至少 0.4，仅删除该记录
Cc1nnc(-c2ccncc2)o1,Results_002,241,0.4,0.4,0.8,0.4,参考化合物有效条目超过 8 条；该值比组内最高 Activity Level 低至少 0.4，仅删除该记录
Cc1nnc(-c2ccncc2)o1,Results_002,242,0.4,0.4,0.8,0.4,参考化合物有效条目超过 8 条；该值比组内最高 Activity Level 低至少 0.4，仅删除该记录
Cc1nnc(-c2ccncc2)o1,Results_002,243,0.4,0.4,0.8,0.4,参考化合物有效条目超过 8 条；该值比组内最高 Activity Level 低至少 0.4，仅删除该记录
Cc1nnc(-c2ccncc2)o1,Results_002,244,0.4,0.4,0.8,0.4,参考化合物有效条目超过 8 条；该值比组内最高 Activity Level 低至少 0.4，仅删除该记录
Cc1nnc(-c2ccncc2)o1,Results_002,16447,0.4,0.4,0.8,0.4,参考化合物有效条目超过 8 条；该值比组内最高 Activity Level 低至少 0.4，仅删除该记录
Cc1nnc(-c2ccncc2)o1,Results_002,16449,0.4,0.4,0.8,0.4,参考化合物有效条目超过 8 条；该值比组内最高 Activity Level 低至少 0.4，仅删除该记录
Cc1nnc(-c2ccncc2)o1,Results_002,16450,0.4,0.4,0.8,0.4,参考化合物有效条目超过 8 条；该值比组内最高 Activity Level 低至少 0.4，仅删除该记录
Cc1nnc(-c2ccncc2)o1,Results_002,16451,0.4,0.4,0.8,0.4,参考化合物有效条目超过 8 条；该值比组内最高 Activity Level 低至少 0.4，仅删除该记录
Cc1nnc(-c2ccncc2)o1,Results_002,16452,0.4,0.4,0.8,0.4,参考化合物有效条目超过 8 条；该值比组内最高 Activity Level 低至少 0.4，仅删除该记录
CCCCCCCCCCCCCCCCCCc1nnc(-c2ccncc2)o1,Results_002,267,0.6,0.6,1,0.4,参考化合物有效条目超过 8 条；该值比组内最高 Activity Level 低至少 0.4，仅删除该记录
CCCCCCCCCCCCCCCCCCc1nnc(-c2ccncc2)o1,Results_002,16475,0.6,0.6,1,0.4,参考化合物有效条目超过 8 条；该值比组内最高 Activity Level 低至少 0.4，仅删除该记录
c1ccc(-c2nnc(-c3ccncc3)o2)cc1,Results_002,272,0.4,0.4,0.8,0.4,参考化合物有效条目超过 8 条；该值比组内最高 Activity Level 低至少 0.4，仅删除该记录
c1ccc(-c2nnc(-c3ccncc3)o2)cc1,Results_002,273,0.4,0.4,0.8,0.4,参考化合物有效条目超过 8 条；该值比组内最高 Activity Level 低至少 0.4，仅删除该记录
c1ccc(-c2nnc(-c3ccncc3)o2)cc1,Results_002,274,0.4,0.4,0.8,0.4,参考化合物有效条目超过 8 条；该值比组内最高 Activity Level 低至少 0.4，仅删除该记录
c1ccc(-c2nnc(-c3ccncc3)o2)cc1,Results_002,16480,0.4,0.4,0.8,0.4,参考化合物有效条目超过 8 条；该值比组内最高 Activity Level 低至少 0.4，仅删除该记录
c1ccc(-c2nnc(-c3ccncc3)o2)cc1,Results_002,16481,0.4,0.4,0.8,0.4,参考化合物有效条目超过 8 条；该值比组内最高 Activity Level 低至少 0.4，仅删除该记录
c1ccc(-c2nnc(-c3ccncc3)o2)cc1,Results_002,16482,0.4,0.4,0.8,0.4,参考化合物有效条目超过 8 条；该值比组内最高 Activity Level 低至少 0.4，仅删除该记录
O=[N+]([O-])c1cc(-c2nnc(-c3ccncc3)o2)cc([N+](=O)[O-])c1,Results_004,11049,0,0,0.8,0.8,参考化合物有效条目超过 8 条；该值比组内最高 Activity Level 低至少 0.4，仅删除该记录
c1cncc(-c2nnc(-c3ccncc3)o2)c1,Results_002,308,0.4,0.4,0.8,0.4,参考化合物有效条目超过 8 条；该值比组内最高 Activity Level 低至少 0.4，仅删除该记录
c1cncc(-c2nnc(-c3ccncc3)o2)c1,Results_002,309,0.4,0.4,0.8,0.4,参考化合物有效条目超过 8 条；该值比组内最高 Activity Level 低至少 0.4，仅删除该记录
c1cncc(-c2nnc(-c3ccncc3)o2)c1,Results_002,310,0.4,0.4,0.8,0.4,参考化合物有效条目超过 8 条；该值比组内最高 Activity Level 低至少 0.4，仅删除该记录
c1cncc(-c2nnc(-c3ccncc3)o2)c1,Results_002,16516,0.4,0.4,0.8,0.4,参考化合物有效条目超过 8 条；该值比组内最高 Activity Level 低至少 0.4，仅删除该记录
c1cncc(-c2nnc(-c3ccncc3)o2)c1,Results_002,16517,0.4,0.4,0.8,0.4,参考化合物有效条目超过 8 条；该值比组内最高 Activity Level 低至少 0.4，仅删除该记录
c1cncc(-c2nnc(-c3ccncc3)o2)c1,Results_002,16518,0.4,0.4,0.8,0.4,参考化合物有效条目超过 8 条；该值比组内最高 Activity Level 低至少 0.4，仅删除该记录
C[C@]1(COc2ccc(N3CCC(Oc4ccc(OC(F)(F)F)cc4)CC3)cc2)Cn2cc([N+](=O)[O-])nc2O1,Results_005,8429,0.1,0.1,1,0.9,参考化合物有效条目超过 8 条；该值比组内最高 Activity Level 低至少 0.4，仅删除该记录
C[C@]1(COc2ccc(N3CCC(Oc4ccc(OC(F)(F)F)cc4)CC3)cc2)Cn2cc([N+](=O)[O-])nc2O1,Results_005,8430,0.1,0.1,1,0.9,参考化合物有效条目超过 8 条；该值比组内最高 Activity Level 低至少 0.4，仅删除该记录
C[C@]1(COc2ccc(N3CCC(Oc4ccc(OC(F)(F)F)cc4)CC3)cc2)Cn2cc([N+](=O)[O-])nc2O1,Results_005,8432,0.1,0.1,1,0.9,参考化合物有效条目超过 8 条；该值比组内最高 Activity Level 低至少 0.4，仅删除该记录
CC(C)(C)c1ccc(-c2nnc(-c3ccc([N+](=O)[O-])o3)o2)cc1,Results_002,529,0.2,0.2,1,0.8,普通化合物当前有效条目=4，跨度≥0.6；中位数=0.6，左侧=2，右侧=2；两侧数量相同，删除距中位数更远的极端值；等距时删除低值
CC(C)(C)c1ccc(-c2nnc(-c3ccc([N+](=O)[O-])o3)o2)cc1,Results_004,2470,0.2,0.2,1,0.8,普通化合物当前有效条目=3，跨度≥0.6；中位数=1，左侧=1，右侧=0；中位数右侧为空，删除左侧最低值
O=C(Nc1nnc(C2CCCO2)o1)c1ccc([N+](=O)[O-])o1,Results_002,545,0.6,0.2,1,0.8,参考化合物有效条目超过 8 条；该值比组内最高 Activity Level 低至少 0.4，仅删除该记录
O=C(Nc1nnc(C2CCCO2)o1)c1ccc([N+](=O)[O-])o1,Results_004,2486,0.6,0.2,1,0.8,参考化合物有效条目超过 8 条；该值比组内最高 Activity Level 低至少 0.4，仅删除该记录
O=C(Nc1nnc(C2CCCO2)o1)c1ccc([N+](=O)[O-])o1,Results_006,1674,0.2,0.2,1,0.8,参考化合物有效条目超过 8 条；该值比组内最高 Activity Level 低至少 0.4，仅删除该记录
NC(=O)N/N=C/c1ccc([N+](=O)[O-])o1,Results_005,8648,0.1,0.1,0.8,0.7,普通化合物当前有效条目=3，跨度≥0.6；中位数=0.6，左侧=1，右侧=1；两侧数量相同，删除距中位数更远的极端值；等距时删除低值
O=C1CN(/N=C/c2ccc([N+](=O)[O-])o2)C(=O)N1,Results_005,4001,0.4,0.1,0.8,0.7,参考化合物有效条目超过 8 条；该值比组内最高 Activity Level 低至少 0.4，仅删除该记录
O=C1CN(/N=C/c2ccc([N+](=O)[O-])o2)C(=O)N1,Results_005,7907,0.2,0.1,0.8,0.7,参考化合物有效条目超过 8 条；该值比组内最高 Activity Level 低至少 0.4，仅删除该记录
O=C1CN(/N=C/c2ccc([N+](=O)[O-])o2)C(=O)N1,Results_005,7908,0.2,0.1,0.8,0.7,参考化合物有效条目超过 8 条；该值比组内最高 Activity Level 低至少 0.4，仅删除该记录
O=C1CN(/N=C/c2ccc([N+](=O)[O-])o2)C(=O)N1,Results_005,7909,0.1,0.1,0.8,0.7,参考化合物有效条目超过 8 条；该值比组内最高 Activity Level 低至少 0.4，仅删除该记录
O=C1CN(/N=C/c2ccc([N+](=O)[O-])o2)C(=O)N1,Results_005,8650,0.2,0.1,0.8,0.7,参考化合物有效条目超过 8 条；该值比组内最高 Activity Level 低至少 0.4，仅删除该记录
O=C1CN(/N=C/c2ccc([N+](=O)[O-])o2)C(=O)N1,Results_006,1575,0.1,0.1,0.8,0.7,参考化合物有效条目超过 8 条；该值比组内最高 Activity Level 低至少 0.4，仅删除该记录
CCCCCCCCCCCCN1C(=O)CN(/N=C/c2ccc([N+](=O)[O-])o2)C1=O,Results_002,620,0.4,0.4,1,0.6,普通化合物当前有效条目=3，跨度≥0.6；中位数=1，左侧=1，右侧=0；中位数右侧为空，删除左侧最低值
O=C1CN(/N=C/c2ccc([N+](=O)[O-])o2)C(=O)N1CCCc1ccccc1,Results_002,622,0.8,0,0.8,0.8,普通化合物当前有效条目=3，跨度≥0.6；中位数=0.2，左侧=1，右侧=1；两侧数量相同，删除距中位数更远的极端值；等距时删除低值
O=C1CN(/N=C/c2ccc([N+](=O)[O-])o2)C(=O)N1Cc1ccccc1,Results_002,624,0.8,0,0.8,0.8,普通化合物当前有效条目=3，跨度≥0.6；中位数=0.2，左侧=1，右侧=1；两侧数量相同，删除距中位数更远的极端值；等距时删除低值
O=C1CN(/N=C/c2ccc([N+](=O)[O-])o2)C(=O)N1Cc1ccc(C(F)(F)F)cc1,Results_002,628,1,0,1,1,普通化合物当前有效条目=3，跨度≥0.6；中位数=0.2，左侧=1，右侧=1；两侧数量相同，删除距中位数更远的极端值；等距时删除低值
O=C1CN(/N=C/c2ccc([N+](=O)[O-])o2)C(=O)N1Cc1ccc(Br)cc1,Results_005,4014,0,0,1,1,普通化合物当前有效条目=2，跨度≥0.6；中位数=0.5，左侧=1，右侧=1；剩余两条评分跨度达到0.6，保留高值
O=C(/C=C/c1ccccc1)c1ccc(Br)cc1,Results_003,11313,0.6,0,0.6,0.6,普通化合物当前有效条目=3，跨度≥0.6；中位数=0，左侧=0，右侧=1；中位数左侧为空，删除右侧最高值
COC(=O)c1c(C)cc(O)c(C)c1O,Results_004,12695,0,0,0.6,0.6,普通化合物当前有效条目=2，跨度≥0.6；中位数=0.3，左侧=1，右侧=1；剩余两条评分跨度达到0.6，保留高值
O=C(Cc1ccccc1)N[C@H]1C(=O)N2C(C(=O)O)=C(COC(=O)c3cnccn3)CS[C@@H]12,Results_002,929,0,0,0.4,0.4,参考化合物有效条目超过 8 条；该值比组内最高 Activity Level 低至少 0.4，仅删除该记录
O=C(Cc1ccccc1)N[C@H]1C(=O)N2C(C(=O)O)=C(COC(=O)c3cnccn3)CS[C@@H]12,Results_002,934,0,0,0.4,0.4,参考化合物有效条目超过 8 条；该值比组内最高 Activity Level 低至少 0.4，仅删除该记录
CC(=O)OCC1=C(C(=O)O)N2C(=O)[C@@H](NC(=O)Cc3ccccc3)[C@H]2SC1,Results_002,935,0,0,0.4,0.4,参考化合物有效条目超过 8 条；该值比组内最高 Activity Level 低至少 0.4，仅删除该记录
CC(=O)OCC1=C(C(=O)O)N2C(=O)[C@@H](NC(=O)Cc3ccccc3)[C@H]2SC1,Results_002,936,0,0,0.4,0.4,参考化合物有效条目超过 8 条；该值比组内最高 Activity Level 低至少 0.4，仅删除该记录
CC(=O)OCC1=C(C(=O)O)N2C(=O)[C@@H](NC(=O)Cc3ccccc3)[C@H]2SC1,Results_002,939,0,0,0.4,0.4,参考化合物有效条目超过 8 条；该值比组内最高 Activity Level 低至少 0.4，仅删除该记录
CC(=O)OCC1=C(C(=O)O)N2C(=O)[C@@H](NC(=O)Cc3ccccc3)[C@H]2SC1,Results_002,940,0,0,0.4,0.4,参考化合物有效条目超过 8 条；该值比组内最高 Activity Level 低至少 0.4，仅删除该记录
CC(=O)OCC1=C(C(=O)O)N2C(=O)[C@@H](NC(=O)Cc3ccccc3)[C@H]2SC1,Results_002,941,0,0,0.4,0.4,参考化合物有效条目超过 8 条；该值比组内最高 Activity Level 低至少 0.4，仅删除该记录
CC(=O)OCC1=C(C(=O)O)N2C(=O)[C@@H](NC(=O)Cc3ccccc3)[C@H]2SC1,Results_002,944,0,0,0.4,0.4,参考化合物有效条目超过 8 条；该值比组内最高 Activity Level 低至少 0.4，仅删除该记录
CCCCc1ccc(Oc2ccc(Cl)cc2Cl)c(O)c1,Results_002,1058,0.2,0.2,0.6,0.4,参考化合物有效条目超过 8 条；该值比组内最高 Activity Level 低至少 0.4，仅删除该记录
CCCCc1ccc(Oc2ccc(Cl)cc2Cl)c(O)c1,Results_002,1059,0.2,0.2,0.6,0.4,参考化合物有效条目超过 8 条；该值比组内最高 Activity Level 低至少 0.4，仅删除该记录
CCCCc1ccc(Oc2ccc(Cl)cc2Cl)c(O)c1,Results_002,1061,0.2,0.2,0.6,0.4,参考化合物有效条目超过 8 条；该值比组内最高 Activity Level 低至少 0.4，仅删除该记录
CCCCc1ccc(Oc2ccc(Cl)cc2Cl)c(O)c1,Results_004,10137,0.2,0.2,0.6,0.4,参考化合物有效条目超过 8 条；该值比组内最高 Activity Level 低至少 0.4，仅删除该记录
CCCCc1ccc(Oc2ccc(Cl)cc2Cl)c(O)c1,Results_004,10138,0.2,0.2,0.6,0.4,参考化合物有效条目超过 8 条；该值比组内最高 Activity Level 低至少 0.4，仅删除该记录
CCCCc1ccc(Oc2ccc(Cl)cc2Cl)c(O)c1,Results_004,10140,0.2,0.2,0.6,0.4,参考化合物有效条目超过 8 条；该值比组内最高 Activity Level 低至少 0.4，仅删除该记录
Oc1cc(CCCc2ccccc2)ccc1Oc1ccc(Cl)cc1Cl,Results_002,1085,0.2,0.2,0.6,0.4,参考化合物有效条目超过 8 条；该值比组内最高 Activity Level 低至少 0.4，仅删除该记录
Oc1cc(CCCc2ccccc2)ccc1Oc1ccc(Cl)cc1Cl,Results_004,10152,0.2,0.2,0.6,0.4,参考化合物有效条目超过 8 条；该值比组内最高 Activity Level 低至少 0.4，仅删除该记录
NC(=O)c1nccnc1NC(=O)c1ccc(Br)cc1F,Results_002,1155,0.2,0.2,0.6,0.4,参考化合物有效条目超过 8 条；该值比组内最高 Activity Level 低至少 0.4，仅删除该记录
NC(=O)c1nccnc1NC(=O)c1ccc(Br)cc1F,Results_002,1160,0.2,0.2,0.6,0.4,参考化合物有效条目超过 8 条；该值比组内最高 Activity Level 低至少 0.4，仅删除该记录
NC(=O)c1nccnc1NC(=O)c1ccc(Br)cc1F,Results_004,15591,0.2,0.2,0.6,0.4,参考化合物有效条目超过 8 条；该值比组内最高 Activity Level 低至少 0.4，仅删除该记录
COc1ccc2nc(C)c3nc(Cc4ccc(C(C)(C)C)cc4)sc3c2c1,Results_005,10895,0,0,1,1,普通化合物当前有效条目=7，跨度≥0.6；中位数=1，左侧=2，右侧=0；中位数右侧为空，删除左侧最低值
COc1ccc2nc(C)c3nc(Cc4ccc(C(C)(C)C)cc4)sc3c2c1,Results_005,10896,0.25,0.25,1,0.75,普通化合物当前有效条目=6，跨度≥0.6；中位数=1，左侧=1，右侧=0；中位数右侧为空，删除左侧最低值
COc1cccc(-c2ccn(-c3ccc(C(=O)NC45CC6CC(CC(C6)C4)C5)cc3)n2)c1,Results_002,2744,0,0,0.8,0.8,参考化合物有效条目超过 8 条；该值比组内最高 Activity Level 低至少 0.4，仅删除该记录
COc1cccc(-c2ccn(-c3ccc(C(=O)NC45CC6CC(CC(C6)C4)C5)cc3)n2)c1,Results_002,2763,0.2,0,0.8,0.8,参考化合物有效条目超过 8 条；该值比组内最高 Activity Level 低至少 0.4，仅删除该记录
O=C(NC12CC3CC(CC(C3)C1)C2)c1ccc(-n2ccc(-c3cccs3)n2)cc1,Results_002,2878,0.2,0.2,0.8,0.6,参考化合物有效条目超过 8 条；该值比组内最高 Activity Level 低至少 0.4，仅删除该记录
O=C(NC12CC3CC(CC(C3)C1)C2)c1ccc(-n2ccc(-c3cc4ccccc4o3)n2)cc1,Results_002,2911,0,0,1,1,参考化合物有效条目超过 8 条；该值比组内最高 Activity Level 低至少 0.4，仅删除该记录
O=C(NC12CC3CC(CC(C3)C1)C2)c1ccc(-n2ccc(-c3cc4ccccc4o3)n2)cc1,Results_002,2930,0.2,0,1,1,参考化合物有效条目超过 8 条；该值比组内最高 Activity Level 低至少 0.4，仅删除该记录
Cc1c(CN2CCN(C)CC2)cc(-c2ccc(Cl)cc2)n1-c1ccc(Cl)cc1,Results_002,3120,0.6,0.6,1,0.4,参考化合物有效条目超过 8 条；该值比组内最高 Activity Level 低至少 0.4，仅删除该记录
Cc1c(CN2CCN(C)CC2)cc(-c2ccc(Cl)cc2)n1-c1ccc(Cl)cc1,Results_002,12538,0.6,0.6,1,0.4,参考化合物有效条目超过 8 条；该值比组内最高 Activity Level 低至少 0.4，仅删除该记录
Cc1c(CN2CCN(C)CC2)cc(-c2ccc(Cl)cc2)n1-c1ccc(Cl)cc1,Results_002,12539,0.6,0.6,1,0.4,参考化合物有效条目超过 8 条；该值比组内最高 Activity Level 低至少 0.4，仅删除该记录
Cc1c(CN2CCN(C)CC2)cc(-c2ccc(Cl)cc2)n1-c1ccc(Cl)cc1,Results_002,15863,0.6,0.6,1,0.4,参考化合物有效条目超过 8 条；该值比组内最高 Activity Level 低至少 0.4，仅删除该记录
Cn1ccc2nc(N3CCOCC3)[nH]c(=O)c21,Results_002,3132,0,0,0.4,0.4,参考化合物有效条目超过 8 条；该值比组内最高 Activity Level 低至少 0.4，仅删除该记录
Cn1ccc2nc(N3CCOCC3)[nH]c(=O)c21,Results_002,3133,0,0,0.4,0.4,参考化合物有效条目超过 8 条；该值比组内最高 Activity Level 低至少 0.4，仅删除该记录
Cn1ccc2nc(N3CCOCC3)[nH]c(=O)c21,Results_002,3134,0,0,0.4,0.4,参考化合物有效条目超过 8 条；该值比组内最高 Activity Level 低至少 0.4，仅删除该记录
Cn1ccc2nc(N3CCOCC3)[nH]c(=O)c21,Results_002,3135,0,0,0.4,0.4,参考化合物有效条目超过 8 条；该值比组内最高 Activity Level 低至少 0.4，仅删除该记录
Cn1ccc2nc(N3CCOCC3)[nH]c(=O)c21,Results_002,3136,0,0,0.4,0.4,参考化合物有效条目超过 8 条；该值比组内最高 Activity Level 低至少 0.4，仅删除该记录
Cn1ccc2nc(N3CCOCC3)[nH]c(=O)c21,Results_002,13294,0,0,0.4,0.4,参考化合物有效条目超过 8 条；该值比组内最高 Activity Level 低至少 0.4，仅删除该记录
Cn1ccc2nc(N3CCOCC3)[nH]c(=O)c21,Results_002,13295,0,0,0.4,0.4,参考化合物有效条目超过 8 条；该值比组内最高 Activity Level 低至少 0.4，仅删除该记录
Cn1ccc2nc(N3CCOCC3)[nH]c(=O)c21,Results_002,13296,0,0,0.4,0.4,参考化合物有效条目超过 8 条；该值比组内最高 Activity Level 低至少 0.4，仅删除该记录
Cn1ccc2nc(N3CCOCC3)[nH]c(=O)c21,Results_002,13297,0,0,0.4,0.4,参考化合物有效条目超过 8 条；该值比组内最高 Activity Level 低至少 0.4，仅删除该记录
Cn1ccc2nc(N3CCOCC3)[nH]c(=O)c21,Results_002,13298,0,0,0.4,0.4,参考化合物有效条目超过 8 条；该值比组内最高 Activity Level 低至少 0.4，仅删除该记录
Cn1ccc2nc(N3CCOCC3)[nH]c(=O)c21,Results_005,11484,0,0,0.4,0.4,参考化合物有效条目超过 8 条；该值比组内最高 Activity Level 低至少 0.4，仅删除该记录
CCCn1ccc2nc(N3CCOCC3)[nH]c(=O)c21,Results_002,3137,0,0,0.4,0.4,参考化合物有效条目超过 8 条；该值比组内最高 Activity Level 低至少 0.4，仅删除该记录
CCCn1ccc2nc(N3CCOCC3)[nH]c(=O)c21,Results_002,3138,0,0,0.4,0.4,参考化合物有效条目超过 8 条；该值比组内最高 Activity Level 低至少 0.4，仅删除该记录
CCCn1ccc2nc(N3CCOCC3)[nH]c(=O)c21,Results_002,3139,0,0,0.4,0.4,参考化合物有效条目超过 8 条；该值比组内最高 Activity Level 低至少 0.4，仅删除该记录
CCCn1ccc2nc(N3CCOCC3)[nH]c(=O)c21,Results_002,3140,0,0,0.4,0.4,参考化合物有效条目超过 8 条；该值比组内最高 Activity Level 低至少 0.4，仅删除该记录
CCCn1ccc2nc(N3CCOCC3)[nH]c(=O)c21,Results_002,3141,0,0,0.4,0.4,参考化合物有效条目超过 8 条；该值比组内最高 Activity Level 低至少 0.4，仅删除该记录
CCCn1ccc2nc(N3CCOCC3)[nH]c(=O)c21,Results_002,13299,0,0,0.4,0.4,参考化合物有效条目超过 8 条；该值比组内最高 Activity Level 低至少 0.4，仅删除该记录
CCCn1ccc2nc(N3CCOCC3)[nH]c(=O)c21,Results_002,13300,0,0,0.4,0.4,参考化合物有效条目超过 8 条；该值比组内最高 Activity Level 低至少 0.4，仅删除该记录
CCCn1ccc2nc(N3CCOCC3)[nH]c(=O)c21,Results_002,13301,0,0,0.4,0.4,参考化合物有效条目超过 8 条；该值比组内最高 Activity Level 低至少 0.4，仅删除该记录
CCCn1ccc2nc(N3CCOCC3)[nH]c(=O)c21,Results_002,13302,0,0,0.4,0.4,参考化合物有效条目超过 8 条；该值比组内最高 Activity Level 低至少 0.4，仅删除该记录
CCCn1ccc2nc(N3CCOCC3)[nH]c(=O)c21,Results_002,13303,0,0,0.4,0.4,参考化合物有效条目超过 8 条；该值比组内最高 Activity Level 低至少 0.4，仅删除该记录
CCCn1ccc2nc(N3CCOCC3)[nH]c(=O)c21,Results_005,11486,0,0,0.4,0.4,参考化合物有效条目超过 8 条；该值比组内最高 Activity Level 低至少 0.4，仅删除该记录
CCCCCn1ccc2nc(N3CCOCC3)[nH]c(=O)c21,Results_002,3142,0,0,0.4,0.4,参考化合物有效条目超过 8 条；该值比组内最高 Activity Level 低至少 0.4，仅删除该记录
CCCCCn1ccc2nc(N3CCOCC3)[nH]c(=O)c21,Results_002,3143,0,0,0.4,0.4,参考化合物有效条目超过 8 条；该值比组内最高 Activity Level 低至少 0.4，仅删除该记录
CCCCCn1ccc2nc(N3CCOCC3)[nH]c(=O)c21,Results_002,3144,0,0,0.4,0.4,参考化合物有效条目超过 8 条；该值比组内最高 Activity Level 低至少 0.4，仅删除该记录
CCCCCn1ccc2nc(N3CCOCC3)[nH]c(=O)c21,Results_002,3145,0,0,0.4,0.4,参考化合物有效条目超过 8 条；该值比组内最高 Activity Level 低至少 0.4，仅删除该记录
CCCCCn1ccc2nc(N3CCOCC3)[nH]c(=O)c21,Results_002,3146,0,0,0.4,0.4,参考化合物有效条目超过 8 条；该值比组内最高 Activity Level 低至少 0.4，仅删除该记录
CCCCCn1ccc2nc(N3CCOCC3)[nH]c(=O)c21,Results_002,13304,0,0,0.4,0.4,参考化合物有效条目超过 8 条；该值比组内最高 Activity Level 低至少 0.4，仅删除该记录
CCCCCn1ccc2nc(N3CCOCC3)[nH]c(=O)c21,Results_002,13305,0,0,0.4,0.4,参考化合物有效条目超过 8 条；该值比组内最高 Activity Level 低至少 0.4，仅删除该记录
CCCCCn1ccc2nc(N3CCOCC3)[nH]c(=O)c21,Results_002,13306,0,0,0.4,0.4,参考化合物有效条目超过 8 条；该值比组内最高 Activity Level 低至少 0.4，仅删除该记录
CCCCCn1ccc2nc(N3CCOCC3)[nH]c(=O)c21,Results_002,13307,0,0,0.4,0.4,参考化合物有效条目超过 8 条；该值比组内最高 Activity Level 低至少 0.4，仅删除该记录
CCCCCn1ccc2nc(N3CCOCC3)[nH]c(=O)c21,Results_002,13308,0,0,0.4,0.4,参考化合物有效条目超过 8 条；该值比组内最高 Activity Level 低至少 0.4，仅删除该记录
CCCCCn1ccc2nc(N3CCOCC3)[nH]c(=O)c21,Results_005,11488,0,0,0.4,0.4,参考化合物有效条目超过 8 条；该值比组内最高 Activity Level 低至少 0.4，仅删除该记录
Cc1cc(O)c2c(c1F)C(=O)C=CC2=O,Results_004,16020,1,0.4,1,0.6,普通化合物当前有效条目=4，跨度≥0.6；中位数=0.4，左侧=0，右侧=1；中位数左侧为空，删除右侧最高值
Cc1cc(O)c2c(c1Cl)C(=O)C=CC2=O,Results_004,16021,1,0.4,1,0.6,普通化合物当前有效条目=4，跨度≥0.6；中位数=0.4，左侧=0，右侧=1；中位数左侧为空，删除右侧最高值
CC(=O)Oc1cc(C)c(Cl)c2c1C(=O)C=CC2=O,Results_004,16027,1,0.4,1,0.6,普通化合物当前有效条目=4，跨度≥0.6；中位数=0.4，左侧=0，右侧=1；中位数左侧为空，删除右侧最高值
CC(=O)Oc1c(C)cc(Cl)c2c1C(=O)C=CC2=O,Results_004,16028,1,0.4,1,0.6,普通化合物当前有效条目=4，跨度≥0.6；中位数=0.4，左侧=0，右侧=1；中位数左侧为空，删除右侧最高值
COc1cc(C)cc2c1C(=O)C=CC2=O,Results_004,16029,1,0.2,1,0.8,普通化合物当前有效条目=4，跨度≥0.6；中位数=0.2，左侧=0，右侧=1；中位数左侧为空，删除右侧最高值
COc1cc(C)c(Cl)c2c1C(=O)C=CC2=O,Results_004,16030,1,0.2,1,0.8,普通化合物当前有效条目=4，跨度≥0.6；中位数=0.2，左侧=0，右侧=1；中位数左侧为空，删除右侧最高值
COc1c(C)cc(Cl)c2c1C(=O)C=CC2=O,Results_004,16031,1,0.4,1,0.6,普通化合物当前有效条目=4，跨度≥0.6；中位数=0.4，左侧=0，右侧=1；中位数左侧为空，删除右侧最高值
CCOc1cc(C)cc2c1C(=O)C=CC2=O,Results_004,16032,1,0.2,1,0.8,普通化合物当前有效条目=4，跨度≥0.6；中位数=0.2，左侧=0，右侧=1；中位数左侧为空，删除右侧最高值
CCOc1cc(C)c(Cl)c2c1C(=O)C=CC2=O,Results_004,16033,1,0.2,1,0.8,普通化合物当前有效条目=4，跨度≥0.6；中位数=0.2，左侧=0，右侧=1；中位数左侧为空，删除右侧最高值
CCOc1c(C)cc(Cl)c2c1C(=O)C=CC2=O,Results_004,16034,1,0.4,1,0.6,普通化合物当前有效条目=4，跨度≥0.6；中位数=0.4，左侧=0，右侧=1；中位数左侧为空，删除右侧最高值
CC(=O)Oc1cc(OC(C)=O)c2c(OC(C)=O)cc(C)cc2c1OC(C)=O,Results_004,16035,1,0.4,1,0.6,普通化合物当前有效条目=3，跨度≥0.6；中位数=0.4，左侧=0，右侧=1；中位数左侧为空，删除右侧最高值
CC(=O)Oc1cc(OC(C)=O)c2c(OC(C)=O)cc(C)c(Cl)c2c1OC(C)=O,Results_004,16036,1,0.4,1,0.6,普通化合物当前有效条目=3，跨度≥0.6；中位数=0.4，左侧=0，右侧=1；中位数左侧为空，删除右侧最高值
CC(=O)Oc1cc(OC(C)=O)c2c(OC(C)=O)c(C)cc(Cl)c2c1OC(C)=O,Results_004,16037,1,0.4,1,0.6,普通化合物当前有效条目=3，跨度≥0.6；中位数=0.4，左侧=0，右侧=1；中位数左侧为空，删除右侧最高值
C=CCO[C@@H]1O[C@H](CO[C@H]2O[C@H](CO[C@H]3O[C@H](COC(C)=O)[C@H](OC(C)=O)[C@H](OC(C)=O)[C@H]3OC(C)=O)[C@H](OC(C)=O)[C@H](OC(C)=O)[C@H]2OC(C)=O)[C@@H](OC(C)=O)[C@H](OC(C)=O)[C@H]1OC(C)=O,Results_002,4362,0.6,0.6,1,0.4,参考化合物有效条目超过 8 条；该值比组内最高 Activity Level 低至少 0.4，仅删除该记录
C=CCO[C@@H]1O[C@H](CO[C@H]2O[C@H](CO[C@H]3O[C@H](COC(C)=O)[C@H](OC(C)=O)[C@H](OC(C)=O)[C@H]3OC(C)=O)[C@H](OC(C)=O)[C@H](OC(C)=O)[C@H]2OC(C)=O)[C@@H](OC(C)=O)[C@H](OC(C)=O)[C@H]1OC(C)=O,Results_002,4363,0.6,0.6,1,0.4,参考化合物有效条目超过 8 条；该值比组内最高 Activity Level 低至少 0.4，仅删除该记录
C=CCO[C@@H]1O[C@H](CO[C@H]2O[C@H](CO[C@H]3O[C@H](COC(C)=O)[C@H](OC(C)=O)[C@H](OC(C)=O)[C@H]3OC(C)=O)[C@H](OC(C)=O)[C@H](OC(C)=O)[C@H]2OC(C)=O)[C@@H](OC(C)=O)[C@H](OC(C)=O)[C@H]1OC(C)=O,Results_002,4364,0.6,0.6,1,0.4,参考化合物有效条目超过 8 条；该值比组内最高 Activity Level 低至少 0.4，仅删除该记录
CCOC(=O)c1cn(C(C)(C)C)c2c(ccc3c2nnn3C)c1=O,Results_002,5084,0.2,0.2,0.8,0.6,普通化合物当前有效条目=3，跨度≥0.6；中位数=0.8，左侧=1，右侧=0；中位数右侧为空，删除左侧最低值
C=CCn1cc(C(=O)O)c(=O)c2ccc3c(nnn3Cc3ccccc3)c21,Results_002,5099,0.1,0.1,0.8,0.7,普通化合物当前有效条目=3，跨度≥0.6；中位数=0.8，左侧=1，右侧=0；中位数右侧为空，删除左侧最低值
COc1cccc(Nc2nc3ccccc3c(=O)o2)c1,Results_002,5762,0.1,0.1,0.6,0.5,参考化合物有效条目超过 8 条；该值比组内最高 Activity Level 低至少 0.4，仅删除该记录
COc1cccc(Nc2nc3ccccc3c(=O)o2)c1,Results_002,5765,0.1,0.1,0.6,0.5,参考化合物有效条目超过 8 条；该值比组内最高 Activity Level 低至少 0.4，仅删除该记录
COc1cccc(Nc2nc3ccccc3c(=O)o2)c1,Results_003,18484,0.1,0.1,0.6,0.5,参考化合物有效条目超过 8 条；该值比组内最高 Activity Level 低至少 0.4，仅删除该记录
COc1cccc(Nc2nc3ccccc3c(=O)o2)c1,Results_003,18487,0.1,0.1,0.6,0.5,参考化合物有效条目超过 8 条；该值比组内最高 Activity Level 低至少 0.4，仅删除该记录
CCCCOc1cccc(Nc2nc3ccccc3c(=O)o2)c1,Results_002,5773,0,0,0.4,0.4,参考化合物有效条目超过 8 条；该值比组内最高 Activity Level 低至少 0.4，仅删除该记录
CCCCOc1cccc(Nc2nc3ccccc3c(=O)o2)c1,Results_002,5776,0,0,0.4,0.4,参考化合物有效条目超过 8 条；该值比组内最高 Activity Level 低至少 0.4，仅删除该记录
CCCCOc1cccc(Nc2nc3ccccc3c(=O)o2)c1,Results_003,18508,0,0,0.4,0.4,参考化合物有效条目超过 8 条；该值比组内最高 Activity Level 低至少 0.4，仅删除该记录
CCCCOc1cccc(Nc2nc3ccccc3c(=O)o2)c1,Results_003,18511,0,0,0.4,0.4,参考化合物有效条目超过 8 条；该值比组内最高 Activity Level 低至少 0.4，仅删除该记录
CCCCCOc1cccc(Nc2nc3ccccc3c(=O)o2)c1,Results_002,5781,0.2,0.2,0.6,0.4,参考化合物有效条目超过 8 条；该值比组内最高 Activity Level 低至少 0.4，仅删除该记录
CCCCCOc1cccc(Nc2nc3ccccc3c(=O)o2)c1,Results_002,5782,0.2,0.2,0.6,0.4,参考化合物有效条目超过 8 条；该值比组内最高 Activity Level 低至少 0.4，仅删除该记录
CCCCCOc1cccc(Nc2nc3ccccc3c(=O)o2)c1,Results_002,5784,0.2,0.2,0.6,0.4,参考化合物有效条目超过 8 条；该值比组内最高 Activity Level 低至少 0.4，仅删除该记录
CCCCCOc1cccc(Nc2nc3ccccc3c(=O)o2)c1,Results_003,18513,0.2,0.2,0.6,0.4,参考化合物有效条目超过 8 条；该值比组内最高 Activity Level 低至少 0.4，仅删除该记录
CCCCCOc1cccc(Nc2nc3ccccc3c(=O)o2)c1,Results_003,18515,0.2,0.2,0.6,0.4,参考化合物有效条目超过 8 条；该值比组内最高 Activity Level 低至少 0.4，仅删除该记录
CCCCCOc1cccc(Nc2nc3ccccc3c(=O)o2)c1,Results_003,18516,0.2,0.2,0.6,0.4,参考化合物有效条目超过 8 条；该值比组内最高 Activity Level 低至少 0.4，仅删除该记录
CCCCCOc1cccc(Nc2nc3ccccc3c(=O)o2)c1,Results_003,18518,0.2,0.2,0.6,0.4,参考化合物有效条目超过 8 条；该值比组内最高 Activity Level 低至少 0.4，仅删除该记录
CCCCCCOc1cccc(Nc2nc3ccccc3c(=O)o2)c1,Results_002,5789,0.2,0.2,0.6,0.4,参考化合物有效条目超过 8 条；该值比组内最高 Activity Level 低至少 0.4，仅删除该记录
CCCCCCOc1cccc(Nc2nc3ccccc3c(=O)o2)c1,Results_002,5791,0.2,0.2,0.6,0.4,参考化合物有效条目超过 8 条；该值比组内最高 Activity Level 低至少 0.4，仅删除该记录
CCCCCCOc1cccc(Nc2nc3ccccc3c(=O)o2)c1,Results_003,18519,0.2,0.2,0.6,0.4,参考化合物有效条目超过 8 条；该值比组内最高 Activity Level 低至少 0.4，仅删除该记录
CCCCCCOc1cccc(Nc2nc3ccccc3c(=O)o2)c1,Results_003,18521,0.2,0.2,0.6,0.4,参考化合物有效条目超过 8 条；该值比组内最高 Activity Level 低至少 0.4，仅删除该记录
CCCCCCOc1cccc(Nc2nc3ccccc3c(=O)o2)c1,Results_003,18522,0.2,0.2,0.6,0.4,参考化合物有效条目超过 8 条；该值比组内最高 Activity Level 低至少 0.4，仅删除该记录
CCCCCCOc1cccc(Nc2nc3ccccc3c(=O)o2)c1,Results_003,18524,0.2,0.2,0.6,0.4,参考化合物有效条目超过 8 条；该值比组内最高 Activity Level 低至少 0.4，仅删除该记录
CCCCCC(=O)Oc1cccc(Nc2nc3ccccc3c(=O)o2)c1,Results_002,5798,0,0,0.6,0.6,参考化合物有效条目超过 8 条；该值比组内最高 Activity Level 低至少 0.4，仅删除该记录
CCCCCC(=O)Oc1cccc(Nc2nc3ccccc3c(=O)o2)c1,Results_002,5799,0,0,0.6,0.6,参考化合物有效条目超过 8 条；该值比组内最高 Activity Level 低至少 0.4，仅删除该记录
CCCCCC(=O)Oc1cccc(Nc2nc3ccccc3c(=O)o2)c1,Results_002,5800,0,0,0.6,0.6,参考化合物有效条目超过 8 条；该值比组内最高 Activity Level 低至少 0.4，仅删除该记录
CCCCCC(=O)Oc1cccc(Nc2nc3ccccc3c(=O)o2)c1,Results_004,22,0,0,0.6,0.6,参考化合物有效条目超过 8 条；该值比组内最高 Activity Level 低至少 0.4，仅删除该记录
CCCCCC(=O)Oc1cccc(Nc2nc3ccccc3c(=O)o2)c1,Results_004,23,0,0,0.6,0.6,参考化合物有效条目超过 8 条；该值比组内最高 Activity Level 低至少 0.4，仅删除该记录
CCCCCC(=O)Oc1cccc(Nc2nc3ccccc3c(=O)o2)c1,Results_004,24,0,0,0.6,0.6,参考化合物有效条目超过 8 条；该值比组内最高 Activity Level 低至少 0.4，仅删除该记录
CCCCCC(=O)Oc1cccc(Nc2nc3ccccc3c(=O)o2)c1,Results_004,25,0,0,0.6,0.6,参考化合物有效条目超过 8 条；该值比组内最高 Activity Level 低至少 0.4，仅删除该记录
CCCCCC(=O)Oc1cccc(Nc2nc3ccccc3c(=O)o2)c1,Results_004,26,0,0,0.6,0.6,参考化合物有效条目超过 8 条；该值比组内最高 Activity Level 低至少 0.4，仅删除该记录
CCCCCC(=O)Oc1cccc(Nc2nc3ccccc3c(=O)o2)c1,Results_004,27,0,0,0.6,0.6,参考化合物有效条目超过 8 条；该值比组内最高 Activity Level 低至少 0.4，仅删除该记录
CCCCCCC(=O)Oc1cccc(Nc2nc3ccccc3c(=O)o2)c1,Results_002,5804,0,0,0.6,0.6,参考化合物有效条目超过 8 条；该值比组内最高 Activity Level 低至少 0.4，仅删除该记录
CCCCCCC(=O)Oc1cccc(Nc2nc3ccccc3c(=O)o2)c1,Results_002,5805,0,0,0.6,0.6,参考化合物有效条目超过 8 条；该值比组内最高 Activity Level 低至少 0.4，仅删除该记录
CCCCCCC(=O)Oc1cccc(Nc2nc3ccccc3c(=O)o2)c1,Results_002,5806,0,0,0.6,0.6,参考化合物有效条目超过 8 条；该值比组内最高 Activity Level 低至少 0.4，仅删除该记录
CCCCCCC(=O)Oc1cccc(Nc2nc3ccccc3c(=O)o2)c1,Results_004,28,0,0,0.6,0.6,参考化合物有效条目超过 8 条；该值比组内最高 Activity Level 低至少 0.4，仅删除该记录
CCCCCCC(=O)Oc1cccc(Nc2nc3ccccc3c(=O)o2)c1,Results_004,29,0,0,0.6,0.6,参考化合物有效条目超过 8 条；该值比组内最高 Activity Level 低至少 0.4，仅删除该记录
CCCCCCC(=O)Oc1cccc(Nc2nc3ccccc3c(=O)o2)c1,Results_004,30,0,0,0.6,0.6,参考化合物有效条目超过 8 条；该值比组内最高 Activity Level 低至少 0.4，仅删除该记录
CCCCCCC(=O)Oc1cccc(Nc2nc3ccccc3c(=O)o2)c1,Results_004,31,0,0,0.6,0.6,参考化合物有效条目超过 8 条；该值比组内最高 Activity Level 低至少 0.4，仅删除该记录
CCCCCCC(=O)Oc1cccc(Nc2nc3ccccc3c(=O)o2)c1,Results_004,32,0,0,0.6,0.6,参考化合物有效条目超过 8 条；该值比组内最高 Activity Level 低至少 0.4，仅删除该记录
CCCCCCC(=O)Oc1cccc(Nc2nc3ccccc3c(=O)o2)c1,Results_004,33,0,0,0.6,0.6,参考化合物有效条目超过 8 条；该值比组内最高 Activity Level 低至少 0.4，仅删除该记录
COc1ccc(C(=O)OCCCOc2cccc(Nc3nc4ccccc4c(=O)o3)c2)cc1,Results_002,5810,0.2,0.2,0.6,0.4,参考化合物有效条目超过 8 条；该值比组内最高 Activity Level 低至少 0.4，仅删除该记录
COc1ccc(C(=O)OCCCOc2cccc(Nc3nc4ccccc4c(=O)o3)c2)cc1,Results_004,65,0.2,0.2,0.6,0.4,参考化合物有效条目超过 8 条；该值比组内最高 Activity Level 低至少 0.4，仅删除该记录
COc1ccc(C(=O)OCCCOc2cccc(Nc3nc4ccccc4c(=O)o3)c2)cc1,Results_004,68,0.2,0.2,0.6,0.4,参考化合物有效条目超过 8 条；该值比组内最高 Activity Level 低至少 0.4，仅删除该记录
CC(C)=CCCC(C)=CCCC(C)=CCCOc1cccc(Nc2nc3ccccc3c(=O)o2)c1,Results_002,5863,0.8,0.1,0.8,0.7,普通化合物当前有效条目=5，跨度≥0.6；中位数=0.1，左侧=0，右侧=2；中位数左侧为空，删除右侧最高值
CC(C)=CCCC(C)=CCCC(C)=CCCOc1cccc(Nc2nc3ccccc3c(=O)o2)c1,Results_002,5866,0.8,0.1,0.8,0.7,普通化合物当前有效条目=4，跨度≥0.6；中位数=0.1，左侧=0，右侧=1；中位数左侧为空，删除右侧最高值
CC(=O)OC[C@H]1O[C@H](OC[C@@H](Cn2cc(COc3ccc(-c4nc(C)no4)cc3)nn2)OC(C)=O)C=C[C@@H]1OC(C)=O,Results_002,5963,0,0,0.4,0.4,参考化合物有效条目超过 8 条；该值比组内最高 Activity Level 低至少 0.4，仅删除该记录
CC(=O)OC[C@H]1O[C@H](OC[C@@H](Cn2cc(COc3ccc(-c4nc(C)no4)cc3)nn2)OC(C)=O)C=C[C@@H]1OC(C)=O,Results_002,5964,0,0,0.4,0.4,参考化合物有效条目超过 8 条；该值比组内最高 Activity Level 低至少 0.4，仅删除该记录
Cc1ccc(N2CCN(C)CC2)c2c1CC[C@H](NC(=O)N1CCN(c3ccc(F)cc3)CC1)C2,Results_002,6156,0.2,0.2,0.8,0.6,普通化合物当前有效条目=7，跨度≥0.6；中位数=0.8，左侧=3，右侧=0；中位数右侧为空，删除左侧最低值
Cc1ccc(N2CCN(C)CC2)c2c1CC[C@H](NC(=O)N1CCN(c3ccc(F)cc3)CC1)C2,Results_004,18146,0.2,0.2,0.8,0.6,普通化合物当前有效条目=6，跨度≥0.6；中位数=0.8，左侧=2，右侧=0；中位数右侧为空，删除左侧最低值
Cc1ccc(N2CCN(C)CC2)c2c1CC[C@H](NC(=O)N1CCN(c3ccc(F)cc3)CC1)C2,Results_004,18148,0.2,0.2,0.8,0.6,普通化合物当前有效条目=5，跨度≥0.6；中位数=0.8，左侧=1，右侧=0；中位数右侧为空，删除左侧最低值
Cc1cc(Cl)ccc1-c1ccc(C(=O)N[C@H]2CCc3c(-c4ccncc4)ccc(C)c3C2)nc1,Results_002,6241,0.2,0.2,0.8,0.6,普通化合物当前有效条目=6，跨度≥0.6；中位数=0.5，左侧=3，右侧=3；两侧数量相同，删除距中位数更远的极端值；等距时删除低值
Cc1cc(Cl)ccc1-c1ccc(C(=O)N[C@H]2CCc3c(-c4ccncc4)ccc(C)c3C2)nc1,Results_002,6243,0.2,0.2,0.8,0.6,普通化合物当前有效条目=5，跨度≥0.6；中位数=0.8，左侧=2，右侧=0；中位数右侧为空，删除左侧最低值
Cc1cc(Cl)ccc1-c1ccc(C(=O)N[C@H]2CCc3c(-c4ccncc4)ccc(C)c3C2)nc1,Results_002,6245,0.2,0.2,0.8,0.6,普通化合物当前有效条目=4，跨度≥0.6；中位数=0.8，左侧=1，右侧=0；中位数右侧为空，删除左侧最低值
O=C(NCc1ccc(OC(F)(F)F)cc1)c1cccc([N+](=O)[O-])n1,Results_002,6833,0.4,0.4,1,0.6,参考化合物有效条目超过 8 条；该值比组内最高 Activity Level 低至少 0.4，仅删除该记录
O=C(NCc1ccc(OC(F)(F)F)cc1)c1cccc([N+](=O)[O-])n1,Results_002,6834,0.4,0.4,1,0.6,参考化合物有效条目超过 8 条；该值比组内最高 Activity Level 低至少 0.4，仅删除该记录
O=C(NCc1ccc(OC(F)(F)F)cc1)c1cccc([N+](=O)[O-])n1,Results_004,18292,0.4,0.4,1,0.6,参考化合物有效条目超过 8 条；该值比组内最高 Activity Level 低至少 0.4，仅删除该记录
O=C(NCc1ccc(OC(F)(F)F)cc1)c1cccc([N+](=O)[O-])n1,Results_004,18293,0.4,0.4,1,0.6,参考化合物有效条目超过 8 条；该值比组内最高 Activity Level 低至少 0.4，仅删除该记录
O=C(NCc1ccc(OC(F)(F)F)cc1)c1ccc([N+](=O)[O-])o1,Results_002,6945,0.6,0.6,1,0.4,参考化合物有效条目超过 8 条；该值比组内最高 Activity Level 低至少 0.4，仅删除该记录
O=C(NCc1ccc(OC(F)(F)F)cc1)c1ccc([N+](=O)[O-])o1,Results_004,18337,0.6,0.6,1,0.4,参考化合物有效条目超过 8 条；该值比组内最高 Activity Level 低至少 0.4，仅删除该记录
O=C(NCc1ccc(OC(F)(F)F)cc1)c1cccc(F)n1,Results_002,7037,0.2,0.2,0.8,0.6,参考化合物有效条目超过 8 条；该值比组内最高 Activity Level 低至少 0.4，仅删除该记录
O=C(NCc1ccc(-c2ccc(F)cc2)nc1)c1cccc([N+](=O)[O-])n1,Results_002,7208,0.6,0.6,1,0.4,参考化合物有效条目超过 8 条；该值比组内最高 Activity Level 低至少 0.4，仅删除该记录
O=C(NCc1ccc(-c2ccc(F)cc2)nc1)c1cccc([N+](=O)[O-])n1,Results_002,7217,0.6,0.6,1,0.4,参考化合物有效条目超过 8 条；该值比组内最高 Activity Level 低至少 0.4，仅删除该记录
O=C(NCc1ccc(-c2ccc(F)cc2)nc1)c1cccc([N+](=O)[O-])n1,Results_002,7225,0.6,0.6,1,0.4,参考化合物有效条目超过 8 条；该值比组内最高 Activity Level 低至少 0.4，仅删除该记录
O=C(NCc1ccc(-c2ccc(F)cc2)nc1)c1cccc([N+](=O)[O-])n1,Results_004,18385,0.6,0.6,1,0.4,参考化合物有效条目超过 8 条；该值比组内最高 Activity Level 低至少 0.4，仅删除该记录
O=C(NCc1ccc(-c2ccc(F)cc2)nc1)c1cccc([N+](=O)[O-])n1,Results_004,18395,0.6,0.6,1,0.4,参考化合物有效条目超过 8 条；该值比组内最高 Activity Level 低至少 0.4，仅删除该记录
Cc1ccn2c(C(=O)NCc3ccccc3)c(C)nc2c1,Results_003,16491,0.4,0.4,1,0.6,参考化合物有效条目超过 8 条；该值比组内最高 Activity Level 低至少 0.4，仅删除该记录
Cc1ccn2c(C(=O)NCc3ccccc3)c(C)nc2c1,Results_005,4280,0.4,0.4,1,0.6,参考化合物有效条目超过 8 条；该值比组内最高 Activity Level 低至少 0.4，仅删除该记录
Cc1ccn2c(C(=O)NCc3ccccc3)c(C)nc2c1,Results_005,8995,0.6,0.4,1,0.6,参考化合物有效条目超过 8 条；该值比组内最高 Activity Level 低至少 0.4，仅删除该记录
Cc1ccn2c(C(=O)NCc3ccccc3)c(C)nc2c1,Results_006,1442,0.4,0.4,1,0.6,参考化合物有效条目超过 8 条；该值比组内最高 Activity Level 低至少 0.4，仅删除该记录
Cc1ccn2c(C(=O)OCc3ccccc3)c(C)nc2c1,Results_005,4269,0.4,0.4,1,0.6,参考化合物有效条目超过 8 条；该值比组内最高 Activity Level 低至少 0.4，仅删除该记录
Cc1ccc2nc(C)c(C(=O)NCc3ccccc3)n2c1,Results_003,16494,0.4,0.1,1,0.9,参考化合物有效条目超过 8 条；该值比组内最高 Activity Level 低至少 0.4，仅删除该记录
Cc1ccc2nc(C)c(C(=O)NCc3ccccc3)n2c1,Results_004,17269,0.1,0.1,1,0.9,参考化合物有效条目超过 8 条；该值比组内最高 Activity Level 低至少 0.4，仅删除该记录
C=CCSc1nc2c(c(=O)[nH]1)C(c1ccc(OC)c(O)c1)CC(=O)N2,Results_002,8409,0.4,0.4,0.8,0.4,参考化合物有效条目超过 8 条；该值比组内最高 Activity Level 低至少 0.4，仅删除该记录
C=CCSc1nc2c(c(=O)[nH]1)C(c1ccc(OC)c(O)c1)CC(=O)N2,Results_002,8412,0.4,0.4,0.8,0.4,参考化合物有效条目超过 8 条；该值比组内最高 Activity Level 低至少 0.4，仅删除该记录
C=CCSc1nc2c(c(=O)[nH]1)C(c1ccc(OC)c(O)c1)CC(=O)N2,Results_002,8415,0.4,0.4,0.8,0.4,参考化合物有效条目超过 8 条；该值比组内最高 Activity Level 低至少 0.4，仅删除该记录
C=CCSc1nc2c(c(=O)[nH]1)C(c1ccc(OC)c(O)c1)CC(=O)N2,Results_002,8417,0.4,0.4,0.8,0.4,参考化合物有效条目超过 8 条；该值比组内最高 Activity Level 低至少 0.4，仅删除该记录
C=CCSc1nc2c(c(=O)[nH]1)C(c1ccc(OC)c(O)c1)CC(=O)N2,Results_002,8420,0.4,0.4,0.8,0.4,参考化合物有效条目超过 8 条；该值比组内最高 Activity Level 低至少 0.4，仅删除该记录
C=CCSc1nc2c(c(=O)[nH]1)C(c1ccc(OC)c(O)c1)CC(=O)N2,Results_005,6512,0.4,0.4,0.8,0.4,参考化合物有效条目超过 8 条；该值比组内最高 Activity Level 低至少 0.4，仅删除该记录
C=CCSc1nc2c(c(=O)[nH]1)C(c1ccc(OC)c(O)c1)CC(=O)N2,Results_005,6515,0.4,0.4,0.8,0.4,参考化合物有效条目超过 8 条；该值比组内最高 Activity Level 低至少 0.4，仅删除该记录
CCCSc1nc2c(c(=O)[nH]1)C(c1ccc(OC)c(O)c1)CC(=O)N2,Results_002,8481,0.4,0.4,0.8,0.4,参考化合物有效条目超过 8 条；该值比组内最高 Activity Level 低至少 0.4，仅删除该记录
CCCSc1nc2c(c(=O)[nH]1)C(c1ccc(OC)c(O)c1)CC(=O)N2,Results_005,6551,0.4,0.4,0.8,0.4,参考化合物有效条目超过 8 条；该值比组内最高 Activity Level 低至少 0.4，仅删除该记录
CCCSc1nc2c(c(=O)[nH]1)C(c1ccc(OC)c(N)c1)CC(=O)N2,Results_002,8509,0.4,0.4,0.8,0.4,参考化合物有效条目超过 8 条；该值比组内最高 Activity Level 低至少 0.4，仅删除该记录
CCCSc1nc2c(c(=O)[nH]1)C(c1ccc(OC)c(N)c1)CC(=O)N2,Results_005,6572,0.4,0.4,0.8,0.4,参考化合物有效条目超过 8 条；该值比组内最高 Activity Level 低至少 0.4，仅删除该记录
C=CCSc1nc2c(c(=O)[nH]1)C(c1ccc(OC)cc1O)CC(=O)N2,Results_002,8569,0.4,0.2,0.8,0.6,参考化合物有效条目超过 8 条；该值比组内最高 Activity Level 低至少 0.4，仅删除该记录
C=CCSc1nc2c(c(=O)[nH]1)C(c1ccc(OC)cc1O)CC(=O)N2,Results_002,8572,0.2,0.2,0.8,0.6,参考化合物有效条目超过 8 条；该值比组内最高 Activity Level 低至少 0.4，仅删除该记录
C=CCSc1nc2c(c(=O)[nH]1)C(c1ccc(OC)cc1O)CC(=O)N2,Results_002,8573,0.4,0.2,0.8,0.6,参考化合物有效条目超过 8 条；该值比组内最高 Activity Level 低至少 0.4，仅删除该记录
C=CCSc1nc2c(c(=O)[nH]1)C(c1ccc(OC)cc1O)CC(=O)N2,Results_005,6605,0.4,0.2,0.8,0.6,参考化合物有效条目超过 8 条；该值比组内最高 Activity Level 低至少 0.4，仅删除该记录
C=CCSc1nc2c(c(=O)[nH]1)C(c1ccc(OC)cc1O)CC(=O)N2,Results_005,6608,0.2,0.2,0.8,0.6,参考化合物有效条目超过 8 条；该值比组内最高 Activity Level 低至少 0.4，仅删除该记录
C=CCSc1nc2c(c(=O)[nH]1)C(c1ccc(OC)cc1O)CC(=O)N2,Results_005,6609,0.4,0.2,0.8,0.6,参考化合物有效条目超过 8 条；该值比组内最高 Activity Level 低至少 0.4，仅删除该记录
COc1ccc(-c2cc(NC(=O)c3ccc(F)cc3Cl)ccc2OC)cc1,Results_002,8733,0.1,0.1,0.8,0.7,参考化合物有效条目超过 8 条；该值比组内最高 Activity Level 低至少 0.4，仅删除该记录
COc1ccc(-c2cc(NC(=O)c3ccc(F)cc3Cl)ccc2OC)cc1,Results_002,8734,0.2,0.1,0.8,0.7,参考化合物有效条目超过 8 条；该值比组内最高 Activity Level 低至少 0.4，仅删除该记录
COc1ccc(-c2cc(NC(=O)c3ccc(F)cc3Cl)ccc2OC)cc1,Results_002,8736,0.1,0.1,0.8,0.7,参考化合物有效条目超过 8 条；该值比组内最高 Activity Level 低至少 0.4，仅删除该记录
COc1ccc(-c2cc(NC(=O)c3ccc(F)cc3Cl)ccc2OC)cc1,Results_002,8737,0.2,0.1,0.8,0.7,参考化合物有效条目超过 8 条；该值比组内最高 Activity Level 低至少 0.4，仅删除该记录
COc1ccc(-c2cc(NC(=O)c3ccc(F)cc3Cl)ccc2OC)cc1,Results_002,8739,0.1,0.1,0.8,0.7,参考化合物有效条目超过 8 条；该值比组内最高 Activity Level 低至少 0.4，仅删除该记录
COc1ccc(-c2cc(NC(=O)c3ccc(F)cc3Cl)ccc2OC)cc1,Results_002,8740,0.2,0.1,0.8,0.7,参考化合物有效条目超过 8 条；该值比组内最高 Activity Level 低至少 0.4，仅删除该记录
COc1ccc(NC(=O)c2ccc(F)cc2Cl)cc1N1CCOCC1,Results_002,8744,0.4,0.4,0.8,0.4,参考化合物有效条目超过 8 条；该值比组内最高 Activity Level 低至少 0.4，仅删除该记录
COc1ccc(NC(=O)c2ccc(F)cc2Cl)cc1N1CCOCC1,Results_002,8881,0.4,0.4,0.8,0.4,参考化合物有效条目超过 8 条；该值比组内最高 Activity Level 低至少 0.4，仅删除该记录
COc1ccc(NC(=O)c2ccc(F)cc2Cl)cc1N1CCOCC1,Results_002,8890,0.4,0.4,0.8,0.4,参考化合物有效条目超过 8 条；该值比组内最高 Activity Level 低至少 0.4，仅删除该记录
COc1ccc(NC(=O)c2ccc(F)cc2Cl)cc1N1CCOCC1,Results_003,16091,0.4,0.4,0.8,0.4,参考化合物有效条目超过 8 条；该值比组内最高 Activity Level 低至少 0.4，仅删除该记录
CNC(=O)C1CC=C(c2cc(NC(=O)c3ccc(F)cc3Cl)ccc2OC)CC1,Results_002,8803,0.4,0.2,1,0.8,参考化合物有效条目超过 8 条；该值比组内最高 Activity Level 低至少 0.4，仅删除该记录
CNC(=O)C1CC=C(c2cc(NC(=O)c3ccc(F)cc3Cl)ccc2OC)CC1,Results_002,8884,0.4,0.2,1,0.8,参考化合物有效条目超过 8 条；该值比组内最高 Activity Level 低至少 0.4，仅删除该记录
CNC(=O)C1CC=C(c2cc(NC(=O)c3ccc(F)cc3Cl)ccc2OC)CC1,Results_002,8926,0.2,0.2,1,0.8,参考化合物有效条目超过 8 条；该值比组内最高 Activity Level 低至少 0.4，仅删除该记录
CNC(=O)C1CC=C(c2cc(NC(=O)c3ccc(F)cc3Cl)ccc2OC)CC1,Results_002,8929,0.5,0.2,1,0.8,参考化合物有效条目超过 8 条；该值比组内最高 Activity Level 低至少 0.4，仅删除该记录
CNC(=O)C1CC=C(c2cc(NC(=O)c3ccc(F)cc3Cl)ccc2OC)CC1,Results_002,8931,0.2,0.2,1,0.8,参考化合物有效条目超过 8 条；该值比组内最高 Activity Level 低至少 0.4，仅删除该记录
CNC(=O)C1CC=C(c2cc(NC(=O)c3ccc(F)cc3Cl)ccc2OC)CC1,Results_002,8932,0.4,0.2,1,0.8,参考化合物有效条目超过 8 条；该值比组内最高 Activity Level 低至少 0.4，仅删除该记录
CNC(=O)C1CC=C(c2cc(NC(=O)c3ccc(F)cc3Cl)ccc2OC)CC1,Results_002,8934,0.5,0.2,1,0.8,参考化合物有效条目超过 8 条；该值比组内最高 Activity Level 低至少 0.4，仅删除该记录
CNC(=O)C1CC=C(c2cc(NC(=O)c3ccc(F)cc3Cl)ccc2OC)CC1,Results_003,16092,0.4,0.2,1,0.8,参考化合物有效条目超过 8 条；该值比组内最高 Activity Level 低至少 0.4，仅删除该记录
CNC(=O)C1CC=C(c2cc(NC(=O)c3ccc(F)cc3Cl)ccc2OC)CC1,Results_003,16094,0.4,0.2,1,0.8,参考化合物有效条目超过 8 条；该值比组内最高 Activity Level 低至少 0.4，仅删除该记录
COc1ccc(NC(=O)c2ccc(F)cc2Cl)cc1C1=CCC(C(=O)NCCO)CC1,Results_002,8808,0.4,0.4,1,0.6,参考化合物有效条目超过 8 条；该值比组内最高 Activity Level 低至少 0.4，仅删除该记录
COc1ccc(NC(=O)c2ccc(F)cc2Cl)cc1C1=CCC(C(=O)NCCO)CC1,Results_002,8887,0.4,0.4,1,0.6,参考化合物有效条目超过 8 条；该值比组内最高 Activity Level 低至少 0.4，仅删除该记录
COc1ccc(NC(=O)c2ccc(F)cc2Cl)cc1C1=CCC(C(=O)NCCO)CC1,Results_002,8935,0.4,0.4,1,0.6,参考化合物有效条目超过 8 条；该值比组内最高 Activity Level 低至少 0.4，仅删除该记录
COc1ccc(NC(=O)c2ccc(F)cc2Cl)cc1C1=CCC(C(=O)NCCO)CC1,Results_002,8938,0.4,0.4,1,0.6,参考化合物有效条目超过 8 条；该值比组内最高 Activity Level 低至少 0.4，仅删除该记录
COc1ccc(NC(=O)c2ccc(F)cc2Cl)cc1C1=CCC(C(=O)NCCO)CC1,Results_003,16096,0.4,0.4,1,0.6,参考化合物有效条目超过 8 条；该值比组内最高 Activity Level 低至少 0.4，仅删除该记录
COc1ccc(NC(=O)c2ccc(F)cc2Cl)cc1C1=CCC(C(=O)NCCO)CC1,Results_003,16098,0.4,0.4,1,0.6,参考化合物有效条目超过 8 条；该值比组内最高 Activity Level 低至少 0.4，仅删除该记录
CNC(=O)C1CC=C(c2cc(NC(=O)c3ccc(F)cc3Cl)cnc2OC)CC1,Results_002,8861,0.4,0.4,1,0.6,参考化合物有效条目超过 8 条；该值比组内最高 Activity Level 低至少 0.4，仅删除该记录
CNC(=O)C1CC=C(c2cc(NC(=O)c3ccc(F)cc3Cl)cnc2OC)CC1,Results_002,8864,0.4,0.4,1,0.6,参考化合物有效条目超过 8 条；该值比组内最高 Activity Level 低至少 0.4，仅删除该记录
CNC(=O)C1CC=C(c2cc(NC(=O)c3ccc(F)cc3Cl)cnc2OC)CC1,Results_002,8867,0.5,0.4,1,0.6,参考化合物有效条目超过 8 条；该值比组内最高 Activity Level 低至少 0.4，仅删除该记录
CNC(=O)C1CC=C(c2cc(NC(=O)c3ccc(F)cc3Cl)cnc2OC)CC1,Results_002,8869,0.5,0.4,1,0.6,参考化合物有效条目超过 8 条；该值比组内最高 Activity Level 低至少 0.4，仅删除该记录
CNC(=O)C1CC=C(c2nc(NC(=O)c3ccc(F)cc3Cl)ccc2OC)CC1,Results_003,16100,1,0.4,1,0.6,普通化合物当前有效条目=8，跨度≥0.6；中位数=0.4，左侧=0，右侧=1；中位数左侧为空，删除右侧最高值
CCOC(=O)c1nc(C)c2c(c1N)C(=O)N(Cc1ccccc1)C2=O,Results_002,8988,0.6,0.6,1,0.4,参考化合物有效条目超过 8 条；该值比组内最高 Activity Level 低至少 0.4，仅删除该记录
CCOC(=O)c1nc(C)c2c(c1N)C(=O)N(Cc1ccccc1)C2=O,Results_002,8994,0.6,0.6,1,0.4,参考化合物有效条目超过 8 条；该值比组内最高 Activity Level 低至少 0.4，仅删除该记录
CCOC(=O)c1nc(C)c2c(c1N)C(=O)N(Cc1ccccc1)C2=O,Results_002,9002,0.6,0.6,1,0.4,参考化合物有效条目超过 8 条；该值比组内最高 Activity Level 低至少 0.4，仅删除该记录
CCOC(=O)c1nc(C)c2c(c1N)C(=O)N(Cc1ccccc1)C2=O,Results_002,9011,0.6,0.6,1,0.4,参考化合物有效条目超过 8 条；该值比组内最高 Activity Level 低至少 0.4，仅删除该记录
CCOC(=O)c1nc(C)c2c(c1N)C(=O)N(Cc1ccccc1)C2=O,Results_005,663,0.6,0.6,1,0.4,参考化合物有效条目超过 8 条；该值比组内最高 Activity Level 低至少 0.4，仅删除该记录
Cc1nc(-c2nc(C(F)(F)F)no2)c(N)c2c1C(=O)N(Cc1ccccc1)C2=O,Results_002,9057,0,0,0.6,0.6,普通化合物当前有效条目=4，跨度≥0.6；中位数=0.6，左侧=1，右侧=0；中位数右侧为空，删除左侧最低值
Cc1noc(-c2nc(C)c3c(c2N)C(=O)N(Cc2cccc(Cl)c2)C3=O)n1,Results_002,9088,0.6,0.6,1,0.4,参考化合物有效条目超过 8 条；该值比组内最高 Activity Level 低至少 0.4，仅删除该记录
Cc1noc(-c2nc(C)c3c(c2N)C(=O)N(Cc2cccc(Cl)c2)C3=O)n1,Results_002,9095,0.6,0.6,1,0.4,参考化合物有效条目超过 8 条；该值比组内最高 Activity Level 低至少 0.4，仅删除该记录
Cc1noc(-c2nc(C)c3c(c2N)C(=O)N(Cc2cccc(Cl)c2)C3=O)n1,Results_002,9105,0.6,0.6,1,0.4,参考化合物有效条目超过 8 条；该值比组内最高 Activity Level 低至少 0.4，仅删除该记录
Cc1noc(-c2nc(C)c3c(c2N)C(=O)N(Cc2cccc(Cl)c2)C3=O)n1,Results_002,9116,0.6,0.6,1,0.4,参考化合物有效条目超过 8 条；该值比组内最高 Activity Level 低至少 0.4，仅删除该记录
Cc1noc(-c2nc(C)c3c(c2N)C(=O)N(Cc2cccc(Cl)c2)C3=O)n1,Results_005,698,0.6,0.6,1,0.4,参考化合物有效条目超过 8 条；该值比组内最高 Activity Level 低至少 0.4，仅删除该记录
Cc1noc(-c2nc(C)c3c(c2N)C(=O)N(Cc2cccc(OC(F)(F)F)c2)C3=O)n1,Results_002,9158,0.6,0.6,1,0.4,参考化合物有效条目超过 8 条；该值比组内最高 Activity Level 低至少 0.4，仅删除该记录
Cc1noc(-c2nc(C)c3c(c2N)C(=O)N(Cc2cccc(OC(F)(F)F)c2)C3=O)n1,Results_002,9161,0.6,0.6,1,0.4,参考化合物有效条目超过 8 条；该值比组内最高 Activity Level 低至少 0.4，仅删除该记录
Cc1noc(-c2nc(C)c3c(c2N)C(=O)N(Cc2cccc(OC(F)(F)F)c2)C3=O)n1,Results_002,9167,0.6,0.6,1,0.4,参考化合物有效条目超过 8 条；该值比组内最高 Activity Level 低至少 0.4，仅删除该记录
Cc1noc(-c2nc(C)c3c(c2N)C(=O)N(Cc2cccc(OC(F)(F)F)c2)C3=O)n1,Results_002,9174,0.6,0.6,1,0.4,参考化合物有效条目超过 8 条；该值比组内最高 Activity Level 低至少 0.4，仅删除该记录
Cc1noc(-c2nc(C)c3c(c2N)C(=O)N(Cc2cccc(OC(F)(F)F)c2)C3=O)n1,Results_005,717,0.6,0.6,1,0.4,参考化合物有效条目超过 8 条；该值比组内最高 Activity Level 低至少 0.4，仅删除该记录
O=c1c2cc(Cl)ccc2[nH]c(=S)n1Cc1cccnc1,Results_002,9299,0.2,0.2,1,0.8,参考化合物有效条目超过 8 条；该值比组内最高 Activity Level 低至少 0.4，仅删除该记录
O=c1c2cc(Cl)ccc2[nH]c(=S)n1Cc1cccnc1,Results_002,9301,0.2,0.2,1,0.8,参考化合物有效条目超过 8 条；该值比组内最高 Activity Level 低至少 0.4，仅删除该记录
O=c1c2cc(Cl)ccc2[nH]c(=S)n1Cc1cccnc1,Results_002,9303,0.2,0.2,1,0.8,参考化合物有效条目超过 8 条；该值比组内最高 Activity Level 低至少 0.4，仅删除该记录
O=c1c2cc(Cl)ccc2[nH]c(=S)n1Cc1cccnc1,Results_002,9305,0.2,0.2,1,0.8,参考化合物有效条目超过 8 条；该值比组内最高 Activity Level 低至少 0.4，仅删除该记录
Cc1ccc(Cn2c(=S)[nH]c3ccc(Cl)cc3c2=O)cn1,Results_002,9373,0.2,0.2,1,0.8,普通化合物当前有效条目=8，跨度≥0.6；中位数=0.6，左侧=2，右侧=2；两侧数量相同，删除距中位数更远的极端值；等距时删除低值
Cc1ccc(Cn2c(=S)[nH]c3ccc(Cl)cc3c2=O)cn1,Results_002,9379,0.2,0.2,1,0.8,普通化合物当前有效条目=7，跨度≥0.6；中位数=0.6，左侧=1，右侧=2；删除记录数较少一侧的最外侧值
CC(C)c1ccc(Cn2c(=S)[nH]c3ccc(Cl)cc3c2=O)cn1,Results_002,9381,0.2,0.2,0.8,0.6,普通化合物当前有效条目=8，跨度≥0.6；中位数=0.5，左侧=4，右侧=4；两侧数量相同，删除距中位数更远的极端值；等距时删除低值
CC(C)c1ccc(Cn2c(=S)[nH]c3ccc(Cl)cc3c2=O)cn1,Results_002,9383,0.2,0.2,0.8,0.6,普通化合物当前有效条目=7，跨度≥0.6；中位数=0.8，左侧=3，右侧=0；中位数右侧为空，删除左侧最低值
CC(C)c1ccc(Cn2c(=S)[nH]c3ccc(Cl)cc3c2=O)cn1,Results_002,9385,0.2,0.2,0.8,0.6,普通化合物当前有效条目=6，跨度≥0.6；中位数=0.8，左侧=2，右侧=0；中位数右侧为空，删除左侧最低值
CC(C)c1ccc(Cn2c(=S)[nH]c3ccc(Cl)cc3c2=O)cn1,Results_002,9387,0.2,0.2,0.8,0.6,普通化合物当前有效条目=5，跨度≥0.6；中位数=0.8，左侧=1，右侧=0；中位数右侧为空，删除左侧最低值
O=c1c2cc(Cl)ccc2[nH]c(=S)n1Cc1ccc(-c2ccccc2)nc1,Results_002,9389,0.2,0.2,0.8,0.6,普通化合物当前有效条目=8，跨度≥0.6；中位数=0.5，左侧=4，右侧=4；两侧数量相同，删除距中位数更远的极端值；等距时删除低值
O=c1c2cc(Cl)ccc2[nH]c(=S)n1Cc1ccc(-c2ccccc2)nc1,Results_002,9391,0.2,0.2,0.8,0.6,普通化合物当前有效条目=7，跨度≥0.6；中位数=0.8，左侧=3，右侧=0；中位数右侧为空，删除左侧最低值
O=c1c2cc(Cl)ccc2[nH]c(=S)n1Cc1ccc(-c2ccccc2)nc1,Results_002,9393,0.2,0.2,0.8,0.6,普通化合物当前有效条目=6，跨度≥0.6；中位数=0.8，左侧=2，右侧=0；中位数右侧为空，删除左侧最低值
O=c1c2cc(Cl)ccc2[nH]c(=S)n1Cc1ccc(-c2ccccc2)nc1,Results_002,9395,0.2,0.2,0.8,0.6,普通化合物当前有效条目=5，跨度≥0.6；中位数=0.8，左侧=1，右侧=0；中位数右侧为空，删除左侧最低值
O=c1c2cc(Cl)ccc2[nH]c(=S)n1Cc1ccc(-n2cccn2)nc1,Results_002,9397,0.2,0.2,1,0.8,普通化合物当前有效条目=8，跨度≥0.6；中位数=0.6，左侧=4，右侧=4；两侧数量相同，删除距中位数更远的极端值；等距时删除低值
O=c1c2cc(Cl)ccc2[nH]c(=S)n1Cc1ccc(-n2cccn2)nc1,Results_002,9399,0.2,0.2,1,0.8,普通化合物当前有效条目=7，跨度≥0.6；中位数=1，左侧=3，右侧=0；中位数右侧为空，删除左侧最低值
O=c1c2cc(Cl)ccc2[nH]c(=S)n1Cc1ccc(-n2cccn2)nc1,Results_002,9401,0.2,0.2,1,0.8,普通化合物当前有效条目=6，跨度≥0.6；中位数=1，左侧=2，右侧=0；中位数右侧为空，删除左侧最低值
O=c1c2cc(Cl)ccc2[nH]c(=S)n1Cc1ccc(-n2cccn2)nc1,Results_002,9403,0.2,0.2,1,0.8,普通化合物当前有效条目=5，跨度≥0.6；中位数=1，左侧=1，右侧=0；中位数右侧为空，删除左侧最低值
O=c1c2cc(Cl)ccc2[nH]c(=S)n1Cc1ccc(-c2cscn2)nc1,Results_002,9405,0.2,0.2,1,0.8,普通化合物当前有效条目=8，跨度≥0.6；中位数=0.6，左侧=4，右侧=4；两侧数量相同，删除距中位数更远的极端值；等距时删除低值
O=c1c2cc(Cl)ccc2[nH]c(=S)n1Cc1ccc(-c2cscn2)nc1,Results_002,9407,0.2,0.2,1,0.8,普通化合物当前有效条目=7，跨度≥0.6；中位数=1，左侧=3，右侧=0；中位数右侧为空，删除左侧最低值
O=c1c2cc(Cl)ccc2[nH]c(=S)n1Cc1ccc(-c2cscn2)nc1,Results_002,9409,0.2,0.2,1,0.8,普通化合物当前有效条目=6，跨度≥0.6；中位数=1，左侧=2，右侧=0；中位数右侧为空，删除左侧最低值
O=c1c2cc(Cl)ccc2[nH]c(=S)n1Cc1ccc(-c2cscn2)nc1,Results_002,9411,0.2,0.2,1,0.8,普通化合物当前有效条目=5，跨度≥0.6；中位数=1，左侧=1，右侧=0；中位数右侧为空，删除左侧最低值
O=c1c2cc(Cl)ccc2[nH]c(=S)n1Cc1ccc(-c2nnn[nH]2)nc1,Results_002,9413,0.2,0.2,0.8,0.6,普通化合物当前有效条目=8，跨度≥0.6；中位数=0.5，左侧=4，右侧=4；两侧数量相同，删除距中位数更远的极端值；等距时删除低值
O=c1c2cc(Cl)ccc2[nH]c(=S)n1Cc1ccc(-c2nnn[nH]2)nc1,Results_002,9415,0.2,0.2,0.8,0.6,普通化合物当前有效条目=7，跨度≥0.6；中位数=0.8，左侧=3，右侧=0；中位数右侧为空，删除左侧最低值
O=c1c2cc(Cl)ccc2[nH]c(=S)n1Cc1ccc(-c2nnn[nH]2)nc1,Results_002,9417,0.2,0.2,0.8,0.6,普通化合物当前有效条目=6，跨度≥0.6；中位数=0.8，左侧=2，右侧=0；中位数右侧为空，删除左侧最低值
O=c1c2cc(Cl)ccc2[nH]c(=S)n1Cc1ccc(-c2nnn[nH]2)nc1,Results_002,9419,0.2,0.2,0.8,0.6,普通化合物当前有效条目=5，跨度≥0.6；中位数=0.8，左侧=1，右侧=0；中位数右侧为空，删除左侧最低值
O=c1c2cc(Cl)ccc2[nH]c(=S)n1Cc1cncc(-c2nnn[nH]2)c1,Results_002,9421,0.2,0.2,0.8,0.6,普通化合物当前有效条目=8，跨度≥0.6；中位数=0.5，左侧=4，右侧=4；两侧数量相同，删除距中位数更远的极端值；等距时删除低值
O=c1c2cc(Cl)ccc2[nH]c(=S)n1Cc1cncc(-c2nnn[nH]2)c1,Results_002,9423,0.2,0.2,0.8,0.6,普通化合物当前有效条目=7，跨度≥0.6；中位数=0.8，左侧=3，右侧=0；中位数右侧为空，删除左侧最低值
O=c1c2cc(Cl)ccc2[nH]c(=S)n1Cc1cncc(-c2nnn[nH]2)c1,Results_002,9425,0.2,0.2,0.8,0.6,普通化合物当前有效条目=6，跨度≥0.6；中位数=0.8，左侧=2，右侧=0；中位数右侧为空，删除左侧最低值
O=c1c2cc(Cl)ccc2[nH]c(=S)n1Cc1cncc(-c2nnn[nH]2)c1,Results_002,9427,0.2,0.2,0.8,0.6,普通化合物当前有效条目=5，跨度≥0.6；中位数=0.8，左侧=1，右侧=0；中位数右侧为空，删除左侧最低值
N#Cc1ccc(Cn2c(=S)[nH]c3ccc(Cl)cc3c2=O)cn1,Results_002,9429,0.2,0.2,1,0.8,普通化合物当前有效条目=8，跨度≥0.6；中位数=0.6，左侧=4，右侧=4；两侧数量相同，删除距中位数更远的极端值；等距时删除低值
N#Cc1ccc(Cn2c(=S)[nH]c3ccc(Cl)cc3c2=O)cn1,Results_002,9431,0.2,0.2,1,0.8,普通化合物当前有效条目=7，跨度≥0.6；中位数=1，左侧=3，右侧=0；中位数右侧为空，删除左侧最低值
N#Cc1ccc(Cn2c(=S)[nH]c3ccc(Cl)cc3c2=O)cn1,Results_002,9433,0.2,0.2,1,0.8,普通化合物当前有效条目=6，跨度≥0.6；中位数=1，左侧=2，右侧=0；中位数右侧为空，删除左侧最低值
N#Cc1ccc(Cn2c(=S)[nH]c3ccc(Cl)cc3c2=O)cn1,Results_002,9435,0.2,0.2,1,0.8,普通化合物当前有效条目=5，跨度≥0.6；中位数=1，左侧=1，右侧=0；中位数右侧为空，删除左侧最低值
N#Cc1cncc(Cn2c(=S)[nH]c3ccc(Cl)cc3c2=O)c1,Results_002,9437,0.2,0.2,1,0.8,普通化合物当前有效条目=8，跨度≥0.6；中位数=0.6，左侧=4，右侧=4；两侧数量相同，删除距中位数更远的极端值；等距时删除低值
N#Cc1cncc(Cn2c(=S)[nH]c3ccc(Cl)cc3c2=O)c1,Results_002,9439,0.2,0.2,1,0.8,普通化合物当前有效条目=7，跨度≥0.6；中位数=1，左侧=3，右侧=0；中位数右侧为空，删除左侧最低值
N#Cc1cncc(Cn2c(=S)[nH]c3ccc(Cl)cc3c2=O)c1,Results_002,9441,0.2,0.2,1,0.8,普通化合物当前有效条目=6，跨度≥0.6；中位数=1，左侧=2，右侧=0；中位数右侧为空，删除左侧最低值
N#Cc1cncc(Cn2c(=S)[nH]c3ccc(Cl)cc3c2=O)c1,Results_002,9443,0.2,0.2,1,0.8,普通化合物当前有效条目=5，跨度≥0.6；中位数=1，左侧=1，右侧=0；中位数右侧为空，删除左侧最低值
NC(=O)c1cncc(Cn2c(=S)[nH]c3ccc(Cl)cc3c2=O)c1,Results_002,9453,0.4,0.4,1,0.6,普通化合物当前有效条目=8，跨度≥0.6；中位数=0.7，左侧=4，右侧=4；两侧数量相同，删除距中位数更远的极端值；等距时删除低值
NC(=O)c1cncc(Cn2c(=S)[nH]c3ccc(Cl)cc3c2=O)c1,Results_002,9455,0.4,0.4,1,0.6,普通化合物当前有效条目=7，跨度≥0.6；中位数=1，左侧=3，右侧=0；中位数右侧为空，删除左侧最低值
NC(=O)c1cncc(Cn2c(=S)[nH]c3ccc(Cl)cc3c2=O)c1,Results_002,9457,0.4,0.4,1,0.6,普通化合物当前有效条目=6，跨度≥0.6；中位数=1，左侧=2，右侧=0；中位数右侧为空，删除左侧最低值
NC(=O)c1cncc(Cn2c(=S)[nH]c3ccc(Cl)cc3c2=O)c1,Results_002,9459,0.4,0.4,1,0.6,普通化合物当前有效条目=5，跨度≥0.6；中位数=1，左侧=1，右侧=0；中位数右侧为空，删除左侧最低值
NC(=S)c1ccc(Cn2c(=S)[nH]c3ccc(Cl)cc3c2=O)cn1,Results_002,9461,0.2,0.2,1,0.8,普通化合物当前有效条目=8，跨度≥0.6；中位数=0.6，左侧=4，右侧=4；两侧数量相同，删除距中位数更远的极端值；等距时删除低值
NC(=S)c1ccc(Cn2c(=S)[nH]c3ccc(Cl)cc3c2=O)cn1,Results_002,9463,0.2,0.2,1,0.8,普通化合物当前有效条目=7，跨度≥0.6；中位数=1，左侧=3，右侧=0；中位数右侧为空，删除左侧最低值
NC(=S)c1ccc(Cn2c(=S)[nH]c3ccc(Cl)cc3c2=O)cn1,Results_002,9465,0.2,0.2,1,0.8,普通化合物当前有效条目=6，跨度≥0.6；中位数=1，左侧=2，右侧=0；中位数右侧为空，删除左侧最低值
NC(=S)c1ccc(Cn2c(=S)[nH]c3ccc(Cl)cc3c2=O)cn1,Results_002,9467,0.2,0.2,1,0.8,普通化合物当前有效条目=5，跨度≥0.6；中位数=1，左侧=1，右侧=0；中位数右侧为空，删除左侧最低值
NC(=S)c1cncc(Cn2c(=S)[nH]c3ccc(Cl)cc3c2=O)c1,Results_002,9469,0.2,0.2,1,0.8,普通化合物当前有效条目=8，跨度≥0.6；中位数=0.6，左侧=4，右侧=4；两侧数量相同，删除距中位数更远的极端值；等距时删除低值
NC(=S)c1cncc(Cn2c(=S)[nH]c3ccc(Cl)cc3c2=O)c1,Results_002,9471,0.2,0.2,1,0.8,普通化合物当前有效条目=7，跨度≥0.6；中位数=1，左侧=3，右侧=0；中位数右侧为空，删除左侧最低值
NC(=S)c1cncc(Cn2c(=S)[nH]c3ccc(Cl)cc3c2=O)c1,Results_002,9473,0.2,0.2,1,0.8,普通化合物当前有效条目=6，跨度≥0.6；中位数=1，左侧=2，右侧=0；中位数右侧为空，删除左侧最低值
NC(=S)c1cncc(Cn2c(=S)[nH]c3ccc(Cl)cc3c2=O)c1,Results_002,9475,0.2,0.2,1,0.8,普通化合物当前有效条目=5，跨度≥0.6；中位数=1，左侧=1，右侧=0；中位数右侧为空，删除左侧最低值
CC(c1cccnc1)n1c(=S)[nH]c2ccc(Cl)cc2c1=O,Results_002,9477,0.2,0.2,0.8,0.6,参考化合物有效条目超过 8 条；该值比组内最高 Activity Level 低至少 0.4，仅删除该记录
CC(c1cccnc1)n1c(=S)[nH]c2ccc(Cl)cc2c1=O,Results_002,9479,0.2,0.2,0.8,0.6,参考化合物有效条目超过 8 条；该值比组内最高 Activity Level 低至少 0.4，仅删除该记录
CC(c1cccnc1)n1c(=S)[nH]c2ccc(Cl)cc2c1=O,Results_002,9481,0.2,0.2,0.8,0.6,参考化合物有效条目超过 8 条；该值比组内最高 Activity Level 低至少 0.4，仅删除该记录
CC(c1cccnc1)n1c(=S)[nH]c2ccc(Cl)cc2c1=O,Results_002,9483,0.2,0.2,0.8,0.6,参考化合物有效条目超过 8 条；该值比组内最高 Activity Level 低至少 0.4，仅删除该记录
CC(c1cccnc1)n1c(=S)[nH]c2ccc(Cl)cc2c1=O,Results_002,9485,0.2,0.2,0.8,0.6,参考化合物有效条目超过 8 条；该值比组内最高 Activity Level 低至少 0.4，仅删除该记录
CC(c1cccnc1)n1c(=S)[nH]c2ccc(Cl)cc2c1=O,Results_002,9487,0.2,0.2,0.8,0.6,参考化合物有效条目超过 8 条；该值比组内最高 Activity Level 低至少 0.4，仅删除该记录
CC(c1cccnc1)n1c(=S)[nH]c2ccc(Cl)cc2c1=O,Results_002,9489,0.2,0.2,0.8,0.6,参考化合物有效条目超过 8 条；该值比组内最高 Activity Level 低至少 0.4，仅删除该记录
CC(c1cccnc1)n1c(=S)[nH]c2ccc(Cl)cc2c1=O,Results_002,9491,0.2,0.2,0.8,0.6,参考化合物有效条目超过 8 条；该值比组内最高 Activity Level 低至少 0.4，仅删除该记录
CC(c1cccnc1)n1c(=S)[nH]c2ccc(Cl)cc2c1=O,Results_002,9493,0.2,0.2,0.8,0.6,参考化合物有效条目超过 8 条；该值比组内最高 Activity Level 低至少 0.4，仅删除该记录
CC(c1cccnc1)n1c(=S)[nH]c2ccc(Cl)cc2c1=O,Results_002,9495,0.2,0.2,0.8,0.6,参考化合物有效条目超过 8 条；该值比组内最高 Activity Level 低至少 0.4，仅删除该记录
CC(c1cccnc1)n1c(=S)[nH]c2ccc(Cl)cc2c1=O,Results_002,9497,0.2,0.2,0.8,0.6,参考化合物有效条目超过 8 条；该值比组内最高 Activity Level 低至少 0.4，仅删除该记录
CC(c1cccnc1)n1c(=S)[nH]c2ccc(Cl)cc2c1=O,Results_002,9499,0.2,0.2,0.8,0.6,参考化合物有效条目超过 8 条；该值比组内最高 Activity Level 低至少 0.4，仅删除该记录
CC(c1cccnc1)n1c(=S)[nH]c2ccc(Cl)cc2c1=O,Results_002,9501,0.2,0.2,0.8,0.6,参考化合物有效条目超过 8 条；该值比组内最高 Activity Level 低至少 0.4，仅删除该记录
CC(c1cccnc1)n1c(=S)[nH]c2ccc(Cl)cc2c1=O,Results_002,9503,0.2,0.2,0.8,0.6,参考化合物有效条目超过 8 条；该值比组内最高 Activity Level 低至少 0.4，仅删除该记录
CC(c1cccnc1)n1c(=S)[nH]c2ccc(Cl)cc2c1=O,Results_002,9505,0.2,0.2,0.8,0.6,参考化合物有效条目超过 8 条；该值比组内最高 Activity Level 低至少 0.4，仅删除该记录
CC(C)c1ccc2[nH]c(=S)n(Cc3cccnc3)c(=O)c2c1,Results_002,9547,0.2,0.2,0.8,0.6,参考化合物有效条目超过 8 条；该值比组内最高 Activity Level 低至少 0.4，仅删除该记录
CC(C)c1ccc2[nH]c(=S)n(Cc3cccnc3)c(=O)c2c1,Results_002,9549,0.2,0.2,0.8,0.6,参考化合物有效条目超过 8 条；该值比组内最高 Activity Level 低至少 0.4，仅删除该记录
CC(C)c1ccc2[nH]c(=S)n(Cc3cccnc3)c(=O)c2c1,Results_002,9551,0.2,0.2,0.8,0.6,参考化合物有效条目超过 8 条；该值比组内最高 Activity Level 低至少 0.4，仅删除该记录
CC(C)c1ccc2[nH]c(=S)n(Cc3cccnc3)c(=O)c2c1,Results_002,9553,0.2,0.2,0.8,0.6,参考化合物有效条目超过 8 条；该值比组内最高 Activity Level 低至少 0.4，仅删除该记录
CC(C)c1ccc2[nH]c(=S)n(Cc3cccnc3)c(=O)c2c1,Results_002,9555,0.2,0.2,0.8,0.6,参考化合物有效条目超过 8 条；该值比组内最高 Activity Level 低至少 0.4，仅删除该记录
COc1ccc2[nH]c(=S)n(Cc3cccnc3)c(=O)c2c1,Results_002,9557,0.2,0.2,0.8,0.6,参考化合物有效条目超过 8 条；该值比组内最高 Activity Level 低至少 0.4，仅删除该记录
COc1ccc2[nH]c(=S)n(Cc3cccnc3)c(=O)c2c1,Results_002,9559,0.2,0.2,0.8,0.6,参考化合物有效条目超过 8 条；该值比组内最高 Activity Level 低至少 0.4，仅删除该记录
COc1ccc2[nH]c(=S)n(Cc3cccnc3)c(=O)c2c1,Results_002,9561,0.2,0.2,0.8,0.6,参考化合物有效条目超过 8 条；该值比组内最高 Activity Level 低至少 0.4，仅删除该记录
COc1ccc2[nH]c(=S)n(Cc3cccnc3)c(=O)c2c1,Results_002,9563,0.2,0.2,0.8,0.6,参考化合物有效条目超过 8 条；该值比组内最高 Activity Level 低至少 0.4，仅删除该记录
COc1ccc2[nH]c(=S)n(Cc3cccnc3)c(=O)c2c1,Results_002,9565,0.2,0.2,0.8,0.6,参考化合物有效条目超过 8 条；该值比组内最高 Activity Level 低至少 0.4，仅删除该记录
COCc1ccc2[nH]c(=S)n(Cc3cccnc3)c(=O)c2c1,Results_002,9577,0.2,0.2,0.8,0.6,参考化合物有效条目超过 8 条；该值比组内最高 Activity Level 低至少 0.4，仅删除该记录
COCc1ccc2[nH]c(=S)n(Cc3cccnc3)c(=O)c2c1,Results_002,9579,0.2,0.2,0.8,0.6,参考化合物有效条目超过 8 条；该值比组内最高 Activity Level 低至少 0.4，仅删除该记录
COCc1ccc2[nH]c(=S)n(Cc3cccnc3)c(=O)c2c1,Results_002,9581,0.2,0.2,0.8,0.6,参考化合物有效条目超过 8 条；该值比组内最高 Activity Level 低至少 0.4，仅删除该记录
COCc1ccc2[nH]c(=S)n(Cc3cccnc3)c(=O)c2c1,Results_002,9583,0.2,0.2,0.8,0.6,参考化合物有效条目超过 8 条；该值比组内最高 Activity Level 低至少 0.4，仅删除该记录
COCc1ccc2[nH]c(=S)n(Cc3cccnc3)c(=O)c2c1,Results_002,9585,0.2,0.2,0.8,0.6,参考化合物有效条目超过 8 条；该值比组内最高 Activity Level 低至少 0.4，仅删除该记录
O=c1c2cc(Cl)ncc2[nH]c(=S)n1Cc1cccnc1,Results_002,9586,0.6,0.6,1,0.4,参考化合物有效条目超过 8 条；该值比组内最高 Activity Level 低至少 0.4，仅删除该记录
O=c1c2cc(Cl)ncc2[nH]c(=S)n1Cc1cccnc1,Results_002,9588,0.6,0.6,1,0.4,参考化合物有效条目超过 8 条；该值比组内最高 Activity Level 低至少 0.4，仅删除该记录
O=c1c2cc(Cl)ncc2[nH]c(=S)n1Cc1cccnc1,Results_002,9590,0.6,0.6,1,0.4,参考化合物有效条目超过 8 条；该值比组内最高 Activity Level 低至少 0.4，仅删除该记录
O=c1c2cc(Cl)ncc2[nH]c(=S)n1Cc1cccnc1,Results_002,9592,0.6,0.6,1,0.4,参考化合物有效条目超过 8 条；该值比组内最高 Activity Level 低至少 0.4，仅删除该记录
O=c1c2cc(Cl)ncc2[nH]c(=S)n1Cc1cccnc1,Results_002,9594,0.6,0.6,1,0.4,参考化合物有效条目超过 8 条；该值比组内最高 Activity Level 低至少 0.4，仅删除该记录
O=c1c2cc(Cl)ncc2[nH]c(=S)n1Cc1cccnc1,Results_002,9596,0.6,0.6,1,0.4,参考化合物有效条目超过 8 条；该值比组内最高 Activity Level 低至少 0.4，仅删除该记录
O=c1c2cc(Cl)ncc2[nH]c(=S)n1Cc1cccnc1,Results_003,16133,0.6,0.6,1,0.4,参考化合物有效条目超过 8 条；该值比组内最高 Activity Level 低至少 0.4，仅删除该记录
CC(O)c1cc2[nH]c(=S)n(Cc3cccnc3)c(=O)c2cc1Cl,Results_002,9608,0,0,1,1,参考化合物有效条目超过 8 条；该值比组内最高 Activity Level 低至少 0.4，仅删除该记录
CC(O)c1cc2[nH]c(=S)n(Cc3cccnc3)c(=O)c2cc1Cl,Results_002,9610,0.2,0,1,1,参考化合物有效条目超过 8 条；该值比组内最高 Activity Level 低至少 0.4，仅删除该记录
CC(O)c1cc2[nH]c(=S)n(Cc3cccnc3)c(=O)c2cc1Cl,Results_002,9612,0.2,0,1,1,参考化合物有效条目超过 8 条；该值比组内最高 Activity Level 低至少 0.4，仅删除该记录
CC(O)c1cc2[nH]c(=S)n(Cc3cccnc3)c(=O)c2cc1Cl,Results_002,9614,0.2,0,1,1,参考化合物有效条目超过 8 条；该值比组内最高 Activity Level 低至少 0.4，仅删除该记录
CC(O)c1cc2[nH]c(=S)n(Cc3cccnc3)c(=O)c2cc1Cl,Results_002,9616,0.2,0,1,1,参考化合物有效条目超过 8 条；该值比组内最高 Activity Level 低至少 0.4，仅删除该记录
CC(O)c1cc2[nH]c(=S)n(Cc3cccnc3)c(=O)c2cc1Cl,Results_002,9618,0.2,0,1,1,参考化合物有效条目超过 8 条；该值比组内最高 Activity Level 低至少 0.4，仅删除该记录
CC(O)c1cc2[nH]c(=S)n(Cc3cccnc3)c(=O)c2cc1Cl,Results_003,16147,0.2,0,1,1,参考化合物有效条目超过 8 条；该值比组内最高 Activity Level 低至少 0.4，仅删除该记录
COCc1cc2[nH]c(=S)n(Cc3cccnc3)c(=O)c2cc1Cl,Results_002,9619,0,0,1,1,参考化合物有效条目超过 8 条；该值比组内最高 Activity Level 低至少 0.4，仅删除该记录
COCc1cc2[nH]c(=S)n(Cc3cccnc3)c(=O)c2cc1Cl,Results_002,9621,0.2,0,1,1,参考化合物有效条目超过 8 条；该值比组内最高 Activity Level 低至少 0.4，仅删除该记录
COCc1cc2[nH]c(=S)n(Cc3cccnc3)c(=O)c2cc1Cl,Results_002,9623,0.2,0,1,1,参考化合物有效条目超过 8 条；该值比组内最高 Activity Level 低至少 0.4，仅删除该记录
COCc1cc2[nH]c(=S)n(Cc3cccnc3)c(=O)c2cc1Cl,Results_002,9625,0.2,0,1,1,参考化合物有效条目超过 8 条；该值比组内最高 Activity Level 低至少 0.4，仅删除该记录
COCc1cc2[nH]c(=S)n(Cc3cccnc3)c(=O)c2cc1Cl,Results_002,9627,0.2,0,1,1,参考化合物有效条目超过 8 条；该值比组内最高 Activity Level 低至少 0.4，仅删除该记录
COCc1cc2[nH]c(=S)n(Cc3cccnc3)c(=O)c2cc1Cl,Results_002,9629,0.2,0,1,1,参考化合物有效条目超过 8 条；该值比组内最高 Activity Level 低至少 0.4，仅删除该记录
COCc1cc2[nH]c(=S)n(Cc3cccnc3)c(=O)c2cc1Cl,Results_003,16149,0.2,0,1,1,参考化合物有效条目超过 8 条；该值比组内最高 Activity Level 低至少 0.4，仅删除该记录
N#Cc1cc2[nH]c(=S)n(Cc3cccnc3)c(=O)c2cc1Cl,Results_002,9630,0,0,1,1,参考化合物有效条目超过 8 条；该值比组内最高 Activity Level 低至少 0.4，仅删除该记录
N#Cc1cc2[nH]c(=S)n(Cc3cccnc3)c(=O)c2cc1Cl,Results_002,9632,0.2,0,1,1,参考化合物有效条目超过 8 条；该值比组内最高 Activity Level 低至少 0.4，仅删除该记录
N#Cc1cc2[nH]c(=S)n(Cc3cccnc3)c(=O)c2cc1Cl,Results_002,9634,0.2,0,1,1,参考化合物有效条目超过 8 条；该值比组内最高 Activity Level 低至少 0.4，仅删除该记录
N#Cc1cc2[nH]c(=S)n(Cc3cccnc3)c(=O)c2cc1Cl,Results_002,9636,0.2,0,1,1,参考化合物有效条目超过 8 条；该值比组内最高 Activity Level 低至少 0.4，仅删除该记录
N#Cc1cc2[nH]c(=S)n(Cc3cccnc3)c(=O)c2cc1Cl,Results_002,9638,0.2,0,1,1,参考化合物有效条目超过 8 条；该值比组内最高 Activity Level 低至少 0.4，仅删除该记录
N#Cc1cc2[nH]c(=S)n(Cc3cccnc3)c(=O)c2cc1Cl,Results_002,9640,0.2,0,1,1,参考化合物有效条目超过 8 条；该值比组内最高 Activity Level 低至少 0.4，仅删除该记录
N#Cc1cc2[nH]c(=S)n(Cc3cccnc3)c(=O)c2cc1Cl,Results_003,16153,0.2,0,1,1,参考化合物有效条目超过 8 条；该值比组内最高 Activity Level 低至少 0.4，仅删除该记录
COC(=O)c1cc2[nH]c(=S)n(Cc3cccnc3)c(=O)c2cc1Cl,Results_002,9641,0,0,0.6,0.6,参考化合物有效条目超过 8 条；该值比组内最高 Activity Level 低至少 0.4，仅删除该记录
COC(=O)c1cc2[nH]c(=S)n(Cc3cccnc3)c(=O)c2cc1Cl,Results_002,9643,0.2,0,0.6,0.6,参考化合物有效条目超过 8 条；该值比组内最高 Activity Level 低至少 0.4，仅删除该记录
COC(=O)c1cc2[nH]c(=S)n(Cc3cccnc3)c(=O)c2cc1Cl,Results_002,9645,0.2,0,0.6,0.6,参考化合物有效条目超过 8 条；该值比组内最高 Activity Level 低至少 0.4，仅删除该记录
COC(=O)c1cc2[nH]c(=S)n(Cc3cccnc3)c(=O)c2cc1Cl,Results_002,9647,0.2,0,0.6,0.6,参考化合物有效条目超过 8 条；该值比组内最高 Activity Level 低至少 0.4，仅删除该记录
COC(=O)c1cc2[nH]c(=S)n(Cc3cccnc3)c(=O)c2cc1Cl,Results_002,9649,0.2,0,0.6,0.6,参考化合物有效条目超过 8 条；该值比组内最高 Activity Level 低至少 0.4，仅删除该记录
COC(=O)c1cc2[nH]c(=S)n(Cc3cccnc3)c(=O)c2cc1Cl,Results_002,9651,0.2,0,0.6,0.6,参考化合物有效条目超过 8 条；该值比组内最高 Activity Level 低至少 0.4，仅删除该记录
COC(=O)c1cc2[nH]c(=S)n(Cc3cccnc3)c(=O)c2cc1Cl,Results_003,16157,0.2,0,0.6,0.6,参考化合物有效条目超过 8 条；该值比组内最高 Activity Level 低至少 0.4，仅删除该记录
O=c1c2ncc(Cl)cc2[nH]c(=S)n1Cc1cccnc1,Results_002,9692,0.2,0.2,0.8,0.6,参考化合物有效条目超过 8 条；该值比组内最高 Activity Level 低至少 0.4，仅删除该记录
O=c1c2ncc(Cl)cc2[nH]c(=S)n1Cc1cccnc1,Results_002,9694,0.2,0.2,0.8,0.6,参考化合物有效条目超过 8 条；该值比组内最高 Activity Level 低至少 0.4，仅删除该记录
O=c1c2ncc(Cl)cc2[nH]c(=S)n1Cc1cccnc1,Results_002,9696,0.2,0.2,0.8,0.6,参考化合物有效条目超过 8 条；该值比组内最高 Activity Level 低至少 0.4，仅删除该记录
O=c1c2ncc(Cl)cc2[nH]c(=S)n1Cc1cccnc1,Results_002,9698,0.2,0.2,0.8,0.6,参考化合物有效条目超过 8 条；该值比组内最高 Activity Level 低至少 0.4，仅删除该记录
O=c1c2ncc(Cl)cc2[nH]c(=S)n1Cc1cccnc1,Results_002,9700,0.2,0.2,0.8,0.6,参考化合物有效条目超过 8 条；该值比组内最高 Activity Level 低至少 0.4，仅删除该记录
O=c1c2ccc(Cl)nc2[nH]c(=S)n1Cc1cccnc1,Results_002,9702,0.2,0.2,1,0.8,参考化合物有效条目超过 8 条；该值比组内最高 Activity Level 低至少 0.4，仅删除该记录
O=c1c2ccc(Cl)nc2[nH]c(=S)n1Cc1cccnc1,Results_002,9704,0.2,0.2,1,0.8,参考化合物有效条目超过 8 条；该值比组内最高 Activity Level 低至少 0.4，仅删除该记录
O=c1c2ccc(Cl)nc2[nH]c(=S)n1Cc1cccnc1,Results_002,9706,0.2,0.2,1,0.8,参考化合物有效条目超过 8 条；该值比组内最高 Activity Level 低至少 0.4，仅删除该记录
O=c1c2ccc(Cl)nc2[nH]c(=S)n1Cc1cccnc1,Results_002,9708,0.2,0.2,1,0.8,参考化合物有效条目超过 8 条；该值比组内最高 Activity Level 低至少 0.4，仅删除该记录
O=c1c2ccc(Cl)nc2[nH]c(=S)n1Cc1cccnc1,Results_002,9710,0.2,0.2,1,0.8,参考化合物有效条目超过 8 条；该值比组内最高 Activity Level 低至少 0.4，仅删除该记录
O=c1c2cccnc2[nH]c(=S)n1Cc1cccnc1,Results_002,9712,0.2,0.2,0.8,0.6,参考化合物有效条目超过 8 条；该值比组内最高 Activity Level 低至少 0.4，仅删除该记录
O=c1c2cccnc2[nH]c(=S)n1Cc1cccnc1,Results_002,9714,0.2,0.2,0.8,0.6,参考化合物有效条目超过 8 条；该值比组内最高 Activity Level 低至少 0.4，仅删除该记录
O=c1c2cccnc2[nH]c(=S)n1Cc1cccnc1,Results_002,9716,0.2,0.2,0.8,0.6,参考化合物有效条目超过 8 条；该值比组内最高 Activity Level 低至少 0.4，仅删除该记录
O=c1c2cccnc2[nH]c(=S)n1Cc1cccnc1,Results_002,9718,0.2,0.2,0.8,0.6,参考化合物有效条目超过 8 条；该值比组内最高 Activity Level 低至少 0.4，仅删除该记录
O=c1c2cccnc2[nH]c(=S)n1Cc1cccnc1,Results_002,9720,0.2,0.2,0.8,0.6,参考化合物有效条目超过 8 条；该值比组内最高 Activity Level 低至少 0.4，仅删除该记录
O=c1c2cc(C(F)(F)F)cnc2[nH]c(=S)n1Cc1cccnc1,Results_002,9722,0.4,0.4,1,0.6,参考化合物有效条目超过 8 条；该值比组内最高 Activity Level 低至少 0.4，仅删除该记录
O=c1c2cc(C(F)(F)F)cnc2[nH]c(=S)n1Cc1cccnc1,Results_002,9724,0.4,0.4,1,0.6,参考化合物有效条目超过 8 条；该值比组内最高 Activity Level 低至少 0.4，仅删除该记录
O=c1c2cc(C(F)(F)F)cnc2[nH]c(=S)n1Cc1cccnc1,Results_002,9726,0.4,0.4,1,0.6,参考化合物有效条目超过 8 条；该值比组内最高 Activity Level 低至少 0.4，仅删除该记录
O=c1c2cc(C(F)(F)F)cnc2[nH]c(=S)n1Cc1cccnc1,Results_002,9728,0.4,0.4,1,0.6,参考化合物有效条目超过 8 条；该值比组内最高 Activity Level 低至少 0.4，仅删除该记录
O=c1c2cc(C(F)(F)F)cnc2[nH]c(=S)n1Cc1cccnc1,Results_002,9730,0.4,0.4,1,0.6,参考化合物有效条目超过 8 条；该值比组内最高 Activity Level 低至少 0.4，仅删除该记录
N#Cc1cnc2[nH]c(=S)n(Cc3cccnc3)c(=O)c2c1,Results_002,9732,0.2,0.2,0.6,0.4,参考化合物有效条目超过 8 条；该值比组内最高 Activity Level 低至少 0.4，仅删除该记录
N#Cc1cnc2[nH]c(=S)n(Cc3cccnc3)c(=O)c2c1,Results_002,9734,0.2,0.2,0.6,0.4,参考化合物有效条目超过 8 条；该值比组内最高 Activity Level 低至少 0.4，仅删除该记录
N#Cc1cnc2[nH]c(=S)n(Cc3cccnc3)c(=O)c2c1,Results_002,9736,0.2,0.2,0.6,0.4,参考化合物有效条目超过 8 条；该值比组内最高 Activity Level 低至少 0.4，仅删除该记录
N#Cc1cnc2[nH]c(=S)n(Cc3cccnc3)c(=O)c2c1,Results_002,9738,0.2,0.2,0.6,0.4,参考化合物有效条目超过 8 条；该值比组内最高 Activity Level 低至少 0.4，仅删除该记录
N#Cc1cnc2[nH]c(=S)n(Cc3cccnc3)c(=O)c2c1,Results_002,9740,0.2,0.2,0.6,0.4,参考化合物有效条目超过 8 条；该值比组内最高 Activity Level 低至少 0.4，仅删除该记录
Cc1cnc2[nH]c(=S)n(Cc3cccnc3)c(=O)c2c1,Results_002,9742,0.4,0.4,1,0.6,参考化合物有效条目超过 8 条；该值比组内最高 Activity Level 低至少 0.4，仅删除该记录
Cc1cnc2[nH]c(=S)n(Cc3cccnc3)c(=O)c2c1,Results_002,9744,0.4,0.4,1,0.6,参考化合物有效条目超过 8 条；该值比组内最高 Activity Level 低至少 0.4，仅删除该记录
Cc1cnc2[nH]c(=S)n(Cc3cccnc3)c(=O)c2c1,Results_002,9746,0.4,0.4,1,0.6,参考化合物有效条目超过 8 条；该值比组内最高 Activity Level 低至少 0.4，仅删除该记录
Cc1cnc2[nH]c(=S)n(Cc3cccnc3)c(=O)c2c1,Results_002,9748,0.4,0.4,1,0.6,参考化合物有效条目超过 8 条；该值比组内最高 Activity Level 低至少 0.4，仅删除该记录
Cc1cnc2[nH]c(=S)n(Cc3cccnc3)c(=O)c2c1,Results_002,9750,0.4,0.4,1,0.6,参考化合物有效条目超过 8 条；该值比组内最高 Activity Level 低至少 0.4，仅删除该记录
CN(C)Cc1cc2[nH]c(=S)n(Cc3cccnc3)c(=O)c2cc1Cl,Results_002,9762,0.2,0.2,1,0.8,参考化合物有效条目超过 8 条；该值比组内最高 Activity Level 低至少 0.4，仅删除该记录
CN(C)Cc1cc2[nH]c(=S)n(Cc3cccnc3)c(=O)c2cc1Cl,Results_002,9764,0.2,0.2,1,0.8,参考化合物有效条目超过 8 条；该值比组内最高 Activity Level 低至少 0.4，仅删除该记录
CN(C)Cc1cc2[nH]c(=S)n(Cc3cccnc3)c(=O)c2cc1Cl,Results_002,9766,0.2,0.2,1,0.8,参考化合物有效条目超过 8 条；该值比组内最高 Activity Level 低至少 0.4，仅删除该记录
CN(C)Cc1cc2[nH]c(=S)n(Cc3cccnc3)c(=O)c2cc1Cl,Results_002,9768,0.2,0.2,1,0.8,参考化合物有效条目超过 8 条；该值比组内最高 Activity Level 低至少 0.4，仅删除该记录
CN(C)Cc1cc2[nH]c(=S)n(Cc3cccnc3)c(=O)c2cc1Cl,Results_002,9770,0.2,0.2,1,0.8,参考化合物有效条目超过 8 条；该值比组内最高 Activity Level 低至少 0.4，仅删除该记录
CN(C)Cc1cc2[nH]c(=S)n(Cc3cccnc3)c(=O)c2cc1Cl,Results_003,16151,0.2,0.2,1,0.8,参考化合物有效条目超过 8 条；该值比组内最高 Activity Level 低至少 0.4，仅删除该记录
O=c1[nH]c2cc(CO)c(Cl)cc2c(=O)n1Cc1cccnc1,Results_002,9808,0.2,0.2,1,0.8,参考化合物有效条目超过 8 条；该值比组内最高 Activity Level 低至少 0.4，仅删除该记录
O=c1[nH]c2cc(CO)c(Cl)cc2c(=O)n1Cc1cccnc1,Results_002,9810,0.2,0.2,1,0.8,参考化合物有效条目超过 8 条；该值比组内最高 Activity Level 低至少 0.4，仅删除该记录
O=c1[nH]c2cc(CO)c(Cl)cc2c(=O)n1Cc1cccnc1,Results_002,9812,0.2,0.2,1,0.8,参考化合物有效条目超过 8 条；该值比组内最高 Activity Level 低至少 0.4，仅删除该记录
O=c1[nH]c2cc(CO)c(Cl)cc2c(=O)n1Cc1cccnc1,Results_002,9814,0.2,0.2,1,0.8,参考化合物有效条目超过 8 条；该值比组内最高 Activity Level 低至少 0.4，仅删除该记录
O=c1[nH]c2cc(CO)c(Cl)cc2c(=O)n1Cc1cccnc1,Results_003,16165,0.2,0.2,1,0.8,参考化合物有效条目超过 8 条；该值比组内最高 Activity Level 低至少 0.4，仅删除该记录
O=c1[nH]c2cc(CO)c(Cl)cc2c(=O)n1Cc1cncnc1,Results_002,9816,0.4,0.4,0.8,0.4,参考化合物有效条目超过 8 条；该值比组内最高 Activity Level 低至少 0.4，仅删除该记录
O=c1[nH]c2cc(CO)c(Cl)cc2c(=O)n1Cc1cncnc1,Results_002,9818,0.4,0.4,0.8,0.4,参考化合物有效条目超过 8 条；该值比组内最高 Activity Level 低至少 0.4，仅删除该记录
O=c1[nH]c2cc(CO)c(Cl)cc2c(=O)n1Cc1cncnc1,Results_002,9820,0.4,0.4,0.8,0.4,参考化合物有效条目超过 8 条；该值比组内最高 Activity Level 低至少 0.4，仅删除该记录
O=c1[nH]c2cc(CO)c(Cl)cc2c(=O)n1Cc1cncnc1,Results_002,9822,0.4,0.4,0.8,0.4,参考化合物有效条目超过 8 条；该值比组内最高 Activity Level 低至少 0.4，仅删除该记录
O=c1[nH]c2cc(CO)c(Cl)cc2c(=O)n1Cc1cncnc1,Results_003,16167,0.4,0.4,0.8,0.4,参考化合物有效条目超过 8 条；该值比组内最高 Activity Level 低至少 0.4，仅删除该记录
NC(=O)c1cncc(Cn2c(=S)[nH]c3cc(CO)c(Cl)cc3c2=O)c1,Results_002,9832,0.6,0.6,1,0.4,参考化合物有效条目超过 8 条；该值比组内最高 Activity Level 低至少 0.4，仅删除该记录
NC(=O)c1cncc(Cn2c(=S)[nH]c3cc(CO)c(Cl)cc3c2=O)c1,Results_002,9834,0.6,0.6,1,0.4,参考化合物有效条目超过 8 条；该值比组内最高 Activity Level 低至少 0.4，仅删除该记录
NC(=O)c1cncc(Cn2c(=S)[nH]c3cc(CO)c(Cl)cc3c2=O)c1,Results_002,9836,0.6,0.6,1,0.4,参考化合物有效条目超过 8 条；该值比组内最高 Activity Level 低至少 0.4，仅删除该记录
NC(=O)c1cncc(Cn2c(=S)[nH]c3cc(CO)c(Cl)cc3c2=O)c1,Results_002,9838,0.6,0.6,1,0.4,参考化合物有效条目超过 8 条；该值比组内最高 Activity Level 低至少 0.4，仅删除该记录
NC(=O)c1cncc(Cn2c(=S)[nH]c3cc(CO)c(Cl)cc3c2=O)c1,Results_003,16173,0.6,0.6,1,0.4,参考化合物有效条目超过 8 条；该值比组内最高 Activity Level 低至少 0.4，仅删除该记录
O=c1c2cc(Cl)c(CO)cc2[nH]c(=S)n1Cc1cncc(-c2nnn[nH]2)c1,Results_002,9840,0.4,0.4,1,0.6,参考化合物有效条目超过 8 条；该值比组内最高 Activity Level 低至少 0.4，仅删除该记录
O=c1c2cc(Cl)c(CO)cc2[nH]c(=S)n1Cc1cncc(-c2nnn[nH]2)c1,Results_002,9842,0.4,0.4,1,0.6,参考化合物有效条目超过 8 条；该值比组内最高 Activity Level 低至少 0.4，仅删除该记录
O=c1c2cc(Cl)c(CO)cc2[nH]c(=S)n1Cc1cncc(-c2nnn[nH]2)c1,Results_002,9844,0.4,0.4,1,0.6,参考化合物有效条目超过 8 条；该值比组内最高 Activity Level 低至少 0.4，仅删除该记录
O=c1c2cc(Cl)c(CO)cc2[nH]c(=S)n1Cc1cncc(-c2nnn[nH]2)c1,Results_002,9846,0.4,0.4,1,0.6,参考化合物有效条目超过 8 条；该值比组内最高 Activity Level 低至少 0.4，仅删除该记录
O=c1c2cc(Cl)c(CO)cc2[nH]c(=S)n1Cc1cncc(-c2nnn[nH]2)c1,Results_003,16175,0.4,0.4,1,0.6,参考化合物有效条目超过 8 条；该值比组内最高 Activity Level 低至少 0.4，仅删除该记录
O=C(OCc1ccccc1)OCc1cc2[nH]c(=S)n(Cc3cccnc3)c(=O)c2cc1Cl,Results_002,9856,0.2,0.2,1,0.8,参考化合物有效条目超过 8 条；该值比组内最高 Activity Level 低至少 0.4，仅删除该记录
O=C(OCc1ccccc1)OCc1cc2[nH]c(=S)n(Cc3cccnc3)c(=O)c2cc1Cl,Results_002,9858,0.2,0.2,1,0.8,参考化合物有效条目超过 8 条；该值比组内最高 Activity Level 低至少 0.4，仅删除该记录
O=C(OCc1ccccc1)OCc1cc2[nH]c(=S)n(Cc3cccnc3)c(=O)c2cc1Cl,Results_002,9860,0.2,0.2,1,0.8,参考化合物有效条目超过 8 条；该值比组内最高 Activity Level 低至少 0.4，仅删除该记录
O=C(OCc1ccccc1)OCc1cc2[nH]c(=S)n(Cc3cccnc3)c(=O)c2cc1Cl,Results_002,9862,0.2,0.2,1,0.8,参考化合物有效条目超过 8 条；该值比组内最高 Activity Level 低至少 0.4，仅删除该记录
O=C(OCc1ccccc1)OCc1cc2[nH]c(=S)n(Cc3cccnc3)c(=O)c2cc1Cl,Results_003,16179,0.2,0.2,1,0.8,参考化合物有效条目超过 8 条；该值比组内最高 Activity Level 低至少 0.4，仅删除该记录
CN(C)C(=O)OCc1cc2[nH]c(=S)n(Cc3cncnc3)c(=O)c2cc1Cl,Results_002,9920,0.2,0.2,0.8,0.6,参考化合物有效条目超过 8 条；该值比组内最高 Activity Level 低至少 0.4，仅删除该记录
CN(C)C(=O)OCc1cc2[nH]c(=S)n(Cc3cncnc3)c(=O)c2cc1Cl,Results_002,9922,0.2,0.2,0.8,0.6,参考化合物有效条目超过 8 条；该值比组内最高 Activity Level 低至少 0.4，仅删除该记录
CN(C)C(=O)OCc1cc2[nH]c(=S)n(Cc3cncnc3)c(=O)c2cc1Cl,Results_002,9924,0.2,0.2,0.8,0.6,参考化合物有效条目超过 8 条；该值比组内最高 Activity Level 低至少 0.4，仅删除该记录
CN(C)C(=O)OCc1cc2[nH]c(=S)n(Cc3cncnc3)c(=O)c2cc1Cl,Results_002,9926,0.2,0.2,0.8,0.6,参考化合物有效条目超过 8 条；该值比组内最高 Activity Level 低至少 0.4，仅删除该记录
CN(C)C(=O)OCc1cc2[nH]c(=S)n(Cc3cncnc3)c(=O)c2cc1Cl,Results_003,16195,0.2,0.2,0.8,0.6,参考化合物有效条目超过 8 条；该值比组内最高 Activity Level 低至少 0.4，仅删除该记录
CC(=O)OCc1cc2[nH]c(=O)n(Cc3cccnc3)c(=O)c2cc1Cl,Results_002,9928,0.2,0.2,1,0.8,参考化合物有效条目超过 8 条；该值比组内最高 Activity Level 低至少 0.4，仅删除该记录
CC(=O)OCc1cc2[nH]c(=O)n(Cc3cccnc3)c(=O)c2cc1Cl,Results_002,9930,0.2,0.2,1,0.8,参考化合物有效条目超过 8 条；该值比组内最高 Activity Level 低至少 0.4，仅删除该记录
CC(=O)OCc1cc2[nH]c(=O)n(Cc3cccnc3)c(=O)c2cc1Cl,Results_002,9932,0.2,0.2,1,0.8,参考化合物有效条目超过 8 条；该值比组内最高 Activity Level 低至少 0.4，仅删除该记录
CC(=O)OCc1cc2[nH]c(=O)n(Cc3cccnc3)c(=O)c2cc1Cl,Results_002,9934,0.2,0.2,1,0.8,参考化合物有效条目超过 8 条；该值比组内最高 Activity Level 低至少 0.4，仅删除该记录
CC(=O)OCc1cc2[nH]c(=O)n(Cc3cccnc3)c(=O)c2cc1Cl,Results_003,16197,0.2,0.2,1,0.8,参考化合物有效条目超过 8 条；该值比组内最高 Activity Level 低至少 0.4，仅删除该记录
CC(C)C(=O)OCc1cc2[nH]c(=S)n(Cc3cncc(C(N)=S)c3)c(=O)c2cc1Cl,Results_002,9944,0.6,0.6,1,0.4,参考化合物有效条目超过 8 条；该值比组内最高 Activity Level 低至少 0.4，仅删除该记录
CC(C)C(=O)OCc1cc2[nH]c(=S)n(Cc3cncc(C(N)=S)c3)c(=O)c2cc1Cl,Results_002,9946,0.6,0.6,1,0.4,参考化合物有效条目超过 8 条；该值比组内最高 Activity Level 低至少 0.4，仅删除该记录
CC(C)C(=O)OCc1cc2[nH]c(=S)n(Cc3cncc(C(N)=S)c3)c(=O)c2cc1Cl,Results_002,9948,0.6,0.6,1,0.4,参考化合物有效条目超过 8 条；该值比组内最高 Activity Level 低至少 0.4，仅删除该记录
CC(C)C(=O)OCc1cc2[nH]c(=S)n(Cc3cncc(C(N)=S)c3)c(=O)c2cc1Cl,Results_002,9950,0.6,0.6,1,0.4,参考化合物有效条目超过 8 条；该值比组内最高 Activity Level 低至少 0.4，仅删除该记录
CC(C)C(=O)OCc1cc2[nH]c(=S)n(Cc3cncc(C(N)=S)c3)c(=O)c2cc1Cl,Results_003,16201,0.6,0.6,1,0.4,参考化合物有效条目超过 8 条；该值比组内最高 Activity Level 低至少 0.4，仅删除该记录
CCC(C)(C)c1ccc(S(=O)(=O)N[C@@H](Cc2ccccc2)[C@@H](O)Cc2nc(N(C)C)no2)cc1,Results_002,10123,0,0,1,1,普通化合物当前有效条目=2，跨度≥0.6；中位数=0.5，左侧=1，右侧=1；剩余两条评分跨度达到0.6，保留高值
Cc1cc(CN2CCC3(CC2)OCCc2ccccc23)nn1-c1ccc(C(=O)O)cc1,Results_002,10227,0.4,0.4,0.8,0.4,参考化合物有效条目超过 8 条；该值比组内最高 Activity Level 低至少 0.4，仅删除该记录
Cc1cc(CN2CCC3(CC2)OCCc2ccccc23)nn1-c1ccc(C(=O)O)cc1,Results_002,10235,0.4,0.4,0.8,0.4,参考化合物有效条目超过 8 条；该值比组内最高 Activity Level 低至少 0.4，仅删除该记录
Cc1cc(CN2CCC3(CC2)OCCc2ccccc23)nn1-c1ccc(C(=O)O)cc1,Results_002,10243,0.4,0.4,0.8,0.4,参考化合物有效条目超过 8 条；该值比组内最高 Activity Level 低至少 0.4，仅删除该记录
CCCCCCc1cnc(C(=O)Nc2cccc(C(F)(F)F)c2)cn1,Results_002,10425,0.2,0.2,0.6,0.4,参考化合物有效条目超过 8 条；该值比组内最高 Activity Level 低至少 0.4，仅删除该记录
CCCCCCc1cnc(C(=O)Nc2cccc(C(F)(F)F)c2)cn1,Results_002,10429,0.2,0.2,0.6,0.4,参考化合物有效条目超过 8 条；该值比组内最高 Activity Level 低至少 0.4，仅删除该记录
CCCCCCc1cnc(C(=O)Nc2cccc(C(F)(F)F)c2)cn1,Results_002,10432,0.2,0.2,0.6,0.4,参考化合物有效条目超过 8 条；该值比组内最高 Activity Level 低至少 0.4，仅删除该记录
O=C(Nc1ncc([N+](=O)[O-])s1)c1ccccc1O[C@@H]1O[C@H](C(=O)O)[C@@H](O)[C@H](O)[C@H]1O,Results_002,10533,0,0,0.6,0.6,普通化合物当前有效条目=4，跨度≥0.6；中位数=0.6，左侧=1，右侧=0；中位数右侧为空，删除左侧最低值
O=C(Nc1ncc([N+](=O)[O-])s1)c1ccccc1,Results_002,10537,0,0,0.6,0.6,普通化合物当前有效条目=4，跨度≥0.6；中位数=0.6，左侧=1，右侧=0；中位数右侧为空，删除左侧最低值
Nc1ccccc1C(=O)Nc1ncc([N+](=O)[O-])s1,Results_002,10541,0,0,0.6,0.6,普通化合物当前有效条目=4，跨度≥0.6；中位数=0.6，左侧=1，右侧=0；中位数右侧为空，删除左侧最低值
CNc1ccccc1C(=O)Nc1ncc([N+](=O)[O-])s1,Results_002,10545,0,0,0.6,0.6,普通化合物当前有效条目=4，跨度≥0.6；中位数=0.6，左侧=1，右侧=0；中位数右侧为空，删除左侧最低值
CC(=O)Nc1ccccc1C(=O)Nc1ncc([N+](=O)[O-])s1,Results_002,10549,0,0,0.6,0.6,普通化合物当前有效条目=4，跨度≥0.6；中位数=0.6，左侧=1，右侧=0；中位数右侧为空，删除左侧最低值
Clc1nc(-c2ccco2)c2ncn(Cc3ccccc3)c2n1,Results_002,10899,0.4,0.4,1,0.6,参考化合物有效条目超过 8 条；该值比组内最高 Activity Level 低至少 0.4，仅删除该记录
Clc1nc(-c2ccco2)c2ncn(Cc3ccccc3)c2n1,Results_002,10907,0.4,0.4,1,0.6,参考化合物有效条目超过 8 条；该值比组内最高 Activity Level 低至少 0.4，仅删除该记录
Clc1ccc(COC(Cn2ccnc2)c2ccc(Cl)cc2Cl)c(Cl)c1,Results_002,11915,0,0,0.8,0.8,参考化合物有效条目超过 8 条；该值比组内最高 Activity Level 低至少 0.4，仅删除该记录
Clc1ccc(COC(Cn2ccnc2)c2ccc(Cl)cc2Cl)c(Cl)c1,Results_005,7469,0.4,0,0.8,0.8,参考化合物有效条目超过 8 条；该值比组内最高 Activity Level 低至少 0.4，仅删除该记录
Clc1ccc(COC(Cn2ccnc2)c2ccc(Cl)cc2Cl)c(Cl)c1,Results_005,7470,0.4,0,0.8,0.8,参考化合物有效条目超过 8 条；该值比组内最高 Activity Level 低至少 0.4，仅删除该记录
Clc1ccc(COC(Cn2ccnc2)c2ccc(Cl)cc2Cl)c(Cl)c1,Results_005,7471,0.2,0,0.8,0.8,参考化合物有效条目超过 8 条；该值比组内最高 Activity Level 低至少 0.4，仅删除该记录
Clc1ccc(COC(Cn2ccnc2)c2ccc(Cl)cc2Cl)c(Cl)c1,Results_005,7472,0.4,0,0.8,0.8,参考化合物有效条目超过 8 条；该值比组内最高 Activity Level 低至少 0.4，仅删除该记录
Clc1ccc(COC(Cn2ccnc2)c2ccc(Cl)cc2Cl)c(Cl)c1,Results_005,7473,0.4,0,0.8,0.8,参考化合物有效条目超过 8 条；该值比组内最高 Activity Level 低至少 0.4，仅删除该记录
Clc1ccc(COC(Cn2ccnc2)c2ccc(Cl)cc2Cl)c(Cl)c1,Results_005,7479,0.4,0,0.8,0.8,参考化合物有效条目超过 8 条；该值比组内最高 Activity Level 低至少 0.4，仅删除该记录
Clc1ccc(COC(Cn2ccnc2)c2ccc(Cl)cc2Cl)c(Cl)c1,Results_005,7480,0.4,0,0.8,0.8,参考化合物有效条目超过 8 条；该值比组内最高 Activity Level 低至少 0.4，仅删除该记录
O=C(CCCN1CCC(O)(c2ccc(Cl)cc2)CC1)c1ccc(F)cc1,Results_002,12039,0.2,0.2,1,0.8,普通化合物当前有效条目=5，跨度≥0.6；中位数=0.6，左侧=2，右侧=2；两侧数量相同，删除距中位数更远的极端值；等距时删除低值
O=C(CCCN1CCC(O)(c2ccc(Cl)cc2)CC1)c1ccc(F)cc1,Results_002,12040,0.2,0.2,1,0.8,普通化合物当前有效条目=4，跨度≥0.6；中位数=0.8，左侧=2，右侧=2；两侧数量相同，删除距中位数更远的极端值；等距时删除低值
O=C(CCCN1CCC(O)(c2ccc(Cl)cc2)CC1)c1ccc(Br)cc1,Results_004,12504,0.6,0,0.6,0.6,普通化合物当前有效条目=5，跨度≥0.6；中位数=0.2，左侧=2，右侧=1；删除记录数较少一侧的最外侧值
CC(C)c1ccc(C(=O)CCCN2CCC(O)(c3ccc(Cl)cc3)CC2)cc1,Results_002,12056,0,0,0.8,0.8,普通化合物当前有效条目=3，跨度≥0.6；中位数=0.8，左侧=1，右侧=0；中位数右侧为空，删除左侧最低值
CC(C)(C)c1ccc(C(=O)CCCN2CCC(O)(c3ccc(Cl)cc3)CC2)cc1,Results_004,12514,1,0,1,1,普通化合物当前有效条目=6，跨度≥0.6；中位数=0.2，左侧=2，右侧=2；两侧数量相同，删除距中位数更远的极端值；等距时删除低值
CC(C)(C)c1ccc(C(=O)CCCN2CCC(O)(c3ccc(Cl)cc3)CC2)cc1,Results_004,12513,0.8,0,0.8,0.8,普通化合物当前有效条目=5，跨度≥0.6；中位数=0.2，左侧=2，右侧=1；删除记录数较少一侧的最外侧值
O=C(CCCN1CCC(O)(c2ccc(F)cc2)CC1)c1ccc(F)cc1,Results_002,12061,1,0.2,1,0.8,普通化合物当前有效条目=5，跨度≥0.6；中位数=0.4，左侧=2，右侧=2；两侧数量相同，删除距中位数更远的极端值；等距时删除低值
O=C(CCCN1CCC(O)(c2ccc(F)cc2)CC1)c1ccc(F)cc1,Results_002,12062,1,0.2,1,0.8,普通化合物当前有效条目=4，跨度≥0.6；中位数=0.3，左侧=2，右侧=2；两侧数量相同，删除距中位数更远的极端值；等距时删除低值
O=C(CCCN1CCC(O)(c2ccc(Br)cc2)CC1)c1ccc(F)cc1,Results_002,12065,1,0.2,1,0.8,普通化合物当前有效条目=5，跨度≥0.6；中位数=0.4，左侧=2，右侧=2；两侧数量相同，删除距中位数更远的极端值；等距时删除低值
O=C(CCCN1CCC(O)(c2ccc(Br)cc2)CC1)c1ccc(F)cc1,Results_002,12066,1,0.2,1,0.8,普通化合物当前有效条目=4，跨度≥0.6；中位数=0.3，左侧=2，右侧=2；两侧数量相同，删除距中位数更远的极端值；等距时删除低值
CC(C)(C)c1ccc(C(=O)CCCN2CCC(O)(c3ccc(Br)cc3)CC2)cc1,Results_002,12069,0,0,0.8,0.8,普通化合物当前有效条目=5，跨度≥0.6；中位数=0.2，左侧=1，右侧=2；删除记录数较少一侧的最外侧值
CC(C)(C)c1ccc(C(=O)CCCN2CCC(O)(c3ccc(Br)cc3)CC2)cc1,Results_002,12070,0.2,0.2,0.8,0.6,普通化合物当前有效条目=4，跨度≥0.6；中位数=0.5，左侧=2，右侧=2；两侧数量相同，删除距中位数更远的极端值；等距时删除低值
CC(C)(C)c1ccc(C(=O)CCCN2CCC(O)(c3ccc(Br)cc3)CC2)cc1,Results_002,12071,0.2,0.2,0.8,0.6,普通化合物当前有效条目=3，跨度≥0.6；中位数=0.8，左侧=1，右侧=0；中位数右侧为空，删除左侧最低值
O=C(CCCN1CCC(O)(c2ccccc2)CC1)c1ccc(F)cc1,Results_002,12072,1,0.2,1,0.8,普通化合物当前有效条目=6，跨度≥0.6；中位数=0.3，左侧=3，右侧=3；两侧数量相同，删除距中位数更远的极端值；等距时删除低值
O=C(CCCN1CCC(O)(c2ccccc2)CC1)c1ccc(F)cc1,Results_002,12073,1,0.2,1,0.8,普通化合物当前有效条目=5，跨度≥0.6；中位数=0.2，左侧=0，右侧=2；中位数左侧为空，删除右侧最高值
O=C(CCCN1CCC(O)CC1)c1ccc(F)cc1,Results_002,12079,1,0.2,1,0.8,普通化合物当前有效条目=4，跨度≥0.6；中位数=0.3，左侧=2，右侧=2；两侧数量相同，删除距中位数更远的极端值；等距时删除低值
O=C(CCCN1CCCCC1)c1ccc(F)cc1,Results_002,12082,1,0.2,1,0.8,普通化合物当前有效条目=4，跨度≥0.6；中位数=0.3，左侧=2，右侧=2；两侧数量相同，删除距中位数更远的极端值；等距时删除低值
O=C(CCCN1CC=C(c2ccc(Cl)cc2)CC1)c1ccc(F)cc1,Results_002,12086,0.2,0.2,1,0.8,普通化合物当前有效条目=5，跨度≥0.6；中位数=0.6，左侧=2，右侧=2；两侧数量相同，删除距中位数更远的极端值；等距时删除低值
O=C(CCCN1CC=C(c2ccc(Cl)cc2)CC1)c1ccc(F)cc1,Results_002,12087,0.2,0.2,1,0.8,普通化合物当前有效条目=4，跨度≥0.6；中位数=0.7，左侧=2，右侧=2；两侧数量相同，删除距中位数更远的极端值；等距时删除低值
O=C(CCCN1CCC(O)(c2ccc(Br)cc2)CC1)c1ccc(Cl)cc1,Results_004,12522,0.8,0.2,0.8,0.6,普通化合物当前有效条目=3，跨度≥0.6；中位数=0.2，左侧=0，右侧=1；中位数左侧为空，删除右侧最高值
O=C(CCCN1CCC(O)(c2ccc(Br)cc2)CC1)c1ccc(Br)cc1,Results_004,12523,0.8,0.2,0.8,0.6,普通化合物当前有效条目=3，跨度≥0.6；中位数=0.2，左侧=0，右侧=1；中位数左侧为空，删除右侧最高值
C[C@@H]1CC[C@H]2[C@@H](C)C(=O)O[C@@H]3O[C@]4(C)CC[C@@H]1[C@]32OO4,Results_005,9530,0.8,0.1,0.8,0.7,普通化合物当前有效条目=4，跨度≥0.6；中位数=0.1，左侧=0，右侧=1；中位数左侧为空，删除右侧最高值
OC(c1cc(C(F)(F)F)nc2c(C(F)(F)F)cccc12)C1CCCCN1,Results_003,9433,0.4,0.4,0.8,0.4,参考化合物有效条目超过 8 条；该值比组内最高 Activity Level 低至少 0.4，仅删除该记录
OC(c1cc(C(F)(F)F)nc2c(C(F)(F)F)cccc12)C1CCCCN1,Results_003,15675,0.4,0.4,0.8,0.4,参考化合物有效条目超过 8 条；该值比组内最高 Activity Level 低至少 0.4，仅删除该记录
OC(c1cc(C(F)(F)F)nc2c(C(F)(F)F)cccc12)C1CCCCN1,Results_005,3130,0.4,0.4,0.8,0.4,参考化合物有效条目超过 8 条；该值比组内最高 Activity Level 低至少 0.4，仅删除该记录
CN(C)CCOc1ccc(C2(c3ccc(OCCN(C)C)cc3)C3CC4CC(C3)CC2C4)cc1,Results_002,12335,0,0,0.8,0.8,普通化合物当前有效条目=3，跨度≥0.6；中位数=0.6，左侧=1，右侧=1；两侧数量相同，删除距中位数更远的极端值；等距时删除低值
CCN(CC)CCOc1ccc(C2(c3ccc(OCCN(CC)CC)cc3)C3CC4CC(C3)CC2C4)cc1,Results_002,12338,0,0,0.8,0.8,普通化合物当前有效条目=3，跨度≥0.6；中位数=0.6，左侧=1，右侧=1；两侧数量相同，删除距中位数更远的极端值；等距时删除低值
c1cc(C2(c3ccc(OCCN4CCCCC4)cc3)C3CC4CC(C3)CC2C4)ccc1OCCN1CCCCC1,Results_002,12341,0,0,0.8,0.8,普通化合物当前有效条目=3，跨度≥0.6；中位数=0.8，左侧=1，右侧=0；中位数右侧为空，删除左侧最低值
c1cc(C2(c3ccc(OCCN4CCCC4)cc3)C3CC4CC(C3)CC2C4)ccc1OCCN1CCCC1,Results_002,12344,0,0,0.8,0.8,普通化合物当前有效条目=3，跨度≥0.6；中位数=0.8，左侧=1，右侧=0；中位数右侧为空，删除左侧最低值
CN(C)CCCOc1ccc(C2(c3ccc(OCCCN(C)C)cc3)C3CC4CC(C3)CC2C4)cc1,Results_002,12349,0,0,0.8,0.8,普通化合物当前有效条目=3，跨度≥0.6；中位数=0.8，左侧=1，右侧=0；中位数右侧为空，删除左侧最低值
c1cc(C2(c3ccc(OCCCN4CCCCC4)cc3)C3CC4CC(C3)CC2C4)ccc1OCCCN1CCCCC1,Results_002,12352,0.25,0.25,1,0.75,普通化合物当前有效条目=3，跨度≥0.6；中位数=0.8，左侧=1，右侧=1；两侧数量相同，删除距中位数更远的极端值；等距时删除低值
c1cc(C23CC4CC(C2)CC(c2ccc(OCCN5CCCCC5)cc2)(C4)C3)ccc1OCCN1CCCCC1,Results_002,12369,0,0,0.8,0.8,普通化合物当前有效条目=3，跨度≥0.6；中位数=0.8，左侧=1，右侧=0；中位数右侧为空，删除左侧最低值
c1cc(C23CC4CC(C2)CC(c2ccc(OCCN5CCCC5)cc2)(C4)C3)ccc1OCCN1CCCC1,Results_002,12372,0,0,0.8,0.8,普通化合物当前有效条目=3，跨度≥0.6；中位数=0.8，左侧=1，右侧=0；中位数右侧为空，删除左侧最低值
c1cc(C23CC4CC(C2)CC(c2ccc(OCCN5CCOCC5)cc2)(C4)C3)ccc1OCCN1CCOCC1,Results_002,12375,0,0,0.6,0.6,普通化合物当前有效条目=5，跨度≥0.6；中位数=0.4，左侧=1，右侧=2；删除记录数较少一侧的最外侧值
c1cc(C23CC4CC(C2)CC(c2ccc(OCCCN5CCCCC5)cc2)(C4)C3)ccc1OCCCN1CCCCC1,Results_002,12380,0,0,0.8,0.8,普通化合物当前有效条目=3，跨度≥0.6；中位数=0.8，左侧=1，右侧=0；中位数右侧为空，删除左侧最低值
O=C1NC(=O)C([N+](=O)[O-])C(C(=O)Nc2ccc(Br)cn2)N1,Results_002,12417,0.4,0.4,1,0.6,普通化合物当前有效条目=8，跨度≥0.6；中位数=0.8，左侧=2，右侧=3；删除记录数较少一侧的最外侧值
O=C1NC(=O)C([N+](=O)[O-])C(C(=O)Nc2ccc(Br)cn2)N1,Results_002,12420,0.4,0.4,1,0.6,普通化合物当前有效条目=7，跨度≥0.6；中位数=0.8，左侧=1，右侧=3；删除记录数较少一侧的最外侧值
O=C(Nc1ccc(F)c(F)c1F)NC1C2CC3CC(C2)CC1C3,Results_005,1177,0.1,0,1,1,参考化合物有效条目超过 8 条；该值比组内最高 Activity Level 低至少 0.4，仅删除该记录
O=C(Nc1ccc(F)c(F)c1F)NC1C2CC3CC(C2)CC1C3,Results_005,15369,0,0,1,1,参考化合物有效条目超过 8 条；该值比组内最高 Activity Level 低至少 0.4，仅删除该记录
CC[C@H]1OC(=O)[C@H](C)[C@@H](O[C@H]2CC(C)(OC)[C@@H](O)[C@H](C)O2)[C@H](C)[C@@H](O[C@@H]2O[C@H](C)C[C@H](N(C)C)[C@H]2O)[C@@](C)(OC)C[C@@H](C)C(=O)[C@H](C)[C@@H](O)[C@]1(C)O,Results_003,8998,0.6,0.4,1,0.6,参考化合物有效条目超过 8 条；该值比组内最高 Activity Level 低至少 0.4，仅删除该记录
CC[C@H]1OC(=O)[C@H](C)[C@@H](O[C@H]2CC(C)(OC)[C@@H](O)[C@H](C)O2)[C@H](C)[C@@H](O[C@@H]2O[C@H](C)C[C@H](N(C)C)[C@H]2O)[C@@](C)(OC)C[C@@H](C)C(=O)[C@H](C)[C@@H](O)[C@]1(C)O,Results_003,14929,0.6,0.4,1,0.6,参考化合物有效条目超过 8 条；该值比组内最高 Activity Level 低至少 0.4，仅删除该记录
CC[C@H]1OC(=O)[C@H](C)[C@@H](O[C@H]2CC(C)(OC)[C@@H](O)[C@H](C)O2)[C@H](C)[C@@H](O[C@@H]2O[C@H](C)C[C@H](N(C)C)[C@H]2O)[C@@](C)(OC)C[C@@H](C)C(=O)[C@H](C)[C@@H](O)[C@]1(C)O,Results_003,14930,0.6,0.4,1,0.6,参考化合物有效条目超过 8 条；该值比组内最高 Activity Level 低至少 0.4，仅删除该记录
CC[C@H]1OC(=O)[C@H](C)[C@@H](O[C@H]2CC(C)(OC)[C@@H](O)[C@H](C)O2)[C@H](C)[C@@H](O[C@@H]2O[C@H](C)C[C@H](N(C)C)[C@H]2O)[C@@](C)(OC)C[C@@H](C)C(=O)[C@H](C)[C@@H](O)[C@]1(C)O,Results_003,14931,0.6,0.4,1,0.6,参考化合物有效条目超过 8 条；该值比组内最高 Activity Level 低至少 0.4，仅删除该记录
CC[C@H]1OC(=O)[C@H](C)[C@@H](O[C@H]2CC(C)(OC)[C@@H](O)[C@H](C)O2)[C@H](C)[C@@H](O[C@@H]2O[C@H](C)C[C@H](N(C)C)[C@H]2O)[C@@](C)(OC)C[C@@H](C)C(=O)[C@H](C)[C@@H](O)[C@]1(C)O,Results_003,14933,0.6,0.4,1,0.6,参考化合物有效条目超过 8 条；该值比组内最高 Activity Level 低至少 0.4，仅删除该记录
CC[C@H]1OC(=O)[C@H](C)[C@@H](O[C@H]2CC(C)(OC)[C@@H](O)[C@H](C)O2)[C@H](C)[C@@H](O[C@@H]2O[C@H](C)C[C@H](N(C)C)[C@H]2O)[C@@](C)(OC)C[C@@H](C)C(=O)[C@H](C)[C@@H](O)[C@]1(C)O,Results_003,17563,0.6,0.4,1,0.6,参考化合物有效条目超过 8 条；该值比组内最高 Activity Level 低至少 0.4，仅删除该记录
CC[C@H]1OC(=O)[C@H](C)[C@@H](O[C@H]2CC(C)(OC)[C@@H](O)[C@H](C)O2)[C@H](C)[C@@H](O[C@@H]2O[C@H](C)C[C@H](N(C)C)[C@H]2O)[C@@](C)(OC)C[C@@H](C)C(=O)[C@H](C)[C@@H](O)[C@]1(C)O,Results_004,15250,0.6,0.4,1,0.6,参考化合物有效条目超过 8 条；该值比组内最高 Activity Level 低至少 0.4，仅删除该记录
CC[C@H]1OC(=O)[C@H](C)[C@@H](O[C@H]2CC(C)(OC)[C@@H](O)[C@H](C)O2)[C@H](C)[C@@H](O[C@@H]2O[C@H](C)C[C@H](N(C)C)[C@H]2O)[C@@](C)(OC)C[C@@H](C)C(=O)[C@H](C)[C@@H](O)[C@]1(C)O,Results_004,15251,0.6,0.4,1,0.6,参考化合物有效条目超过 8 条；该值比组内最高 Activity Level 低至少 0.4，仅删除该记录
CC[C@H]1OC(=O)[C@H](C)[C@@H](O[C@H]2CC(C)(OC)[C@@H](O)[C@H](C)O2)[C@H](C)[C@@H](O[C@@H]2O[C@H](C)C[C@H](N(C)C)[C@H]2O)[C@@](C)(OC)C[C@@H](C)C(=O)[C@H](C)[C@@H](O)[C@]1(C)O,Results_005,18026,0.6,0.4,1,0.6,参考化合物有效条目超过 8 条；该值比组内最高 Activity Level 低至少 0.4，仅删除该记录
CC[C@H]1OC(=O)[C@H](C)[C@@H](O[C@H]2CC(C)(OC)[C@@H](O)[C@H](C)O2)[C@H](C)[C@@H](O[C@@H]2O[C@H](C)C[C@H](N(C)C)[C@H]2O)[C@@](C)(OC)C[C@@H](C)C(=O)[C@H](C)[C@@H](O)[C@]1(C)O,Results_006,1572,0.4,0.4,1,0.6,参考化合物有效条目超过 8 条；该值比组内最高 Activity Level 低至少 0.4，仅删除该记录
CCOC(=O)c1c(C)c(C(=O)c2ccc(Br)cc2)n2ccc(C=O)cc12,Results_002,12588,0.8,0.2,0.8,0.6,普通化合物当前有效条目=6，跨度≥0.6；中位数=0.4，左侧=2，右侧=2；两侧数量相同，删除距中位数更远的极端值；等距时删除低值
CCOC(=O)c1c(C)c(C(=O)c2ccc(Br)cc2)n2ccc(C=O)cc12,Results_002,12590,0.8,0.2,0.8,0.6,普通化合物当前有效条目=5，跨度≥0.6；中位数=0.4，左侧=2，右侧=1；删除记录数较少一侧的最外侧值
CC(=NNC(=O)c1ccncc1)C(=O)Oc1cc(C)ccc1C(C)C,Results_002,12797,0.2,0.2,1,0.8,参考化合物有效条目超过 8 条；该值比组内最高 Activity Level 低至少 0.4，仅删除该记录
CC(=NNC(=O)c1ccncc1)C(=O)Oc1cc(C)ccc1C(C)C,Results_002,12798,0.6,0.2,1,0.8,参考化合物有效条目超过 8 条；该值比组内最高 Activity Level 低至少 0.4，仅删除该记录
CC(=NNC(=O)c1ccncc1)C(=O)Oc1cc(C)ccc1C(C)C,Results_002,12799,0.6,0.2,1,0.8,参考化合物有效条目超过 8 条；该值比组内最高 Activity Level 低至少 0.4，仅删除该记录
CC(=NNC(=O)c1ccncc1)C(=O)Oc1cc(C)ccc1C(C)C,Results_002,12800,0.6,0.2,1,0.8,参考化合物有效条目超过 8 条；该值比组内最高 Activity Level 低至少 0.4，仅删除该记录
CC(=NNC(=O)c1ccncc1)C(=O)Oc1cc(C)ccc1C(C)C,Results_002,12801,0.6,0.2,1,0.8,参考化合物有效条目超过 8 条；该值比组内最高 Activity Level 低至少 0.4，仅删除该记录
CC(=NNC(=O)c1ccncc1)C(=O)Oc1cc(C)ccc1C(C)C,Results_002,12802,0.6,0.2,1,0.8,参考化合物有效条目超过 8 条；该值比组内最高 Activity Level 低至少 0.4，仅删除该记录
CC(=NNC(=O)c1ccncc1)C(=O)Oc1cc(C)ccc1C(C)C,Results_002,12803,0.6,0.2,1,0.8,参考化合物有效条目超过 8 条；该值比组内最高 Activity Level 低至少 0.4，仅删除该记录
O=C(NN=Cc1ccc(F)cc1)c1cc([N+](=O)[O-])cc([N+](=O)[O-])c1,Results_002,13101,0.6,0.6,1,0.4,参考化合物有效条目超过 8 条；该值比组内最高 Activity Level 低至少 0.4，仅删除该记录
O=C(NN=Cc1ccc(F)cc1)c1cc([N+](=O)[O-])cc([N+](=O)[O-])c1,Results_002,13102,0.6,0.6,1,0.4,参考化合物有效条目超过 8 条；该值比组内最高 Activity Level 低至少 0.4，仅删除该记录
O=C(NN=Cc1ccc(Cl)cc1)c1cc([N+](=O)[O-])cc([N+](=O)[O-])c1,Results_002,13107,0.2,0.1,1,0.9,参考化合物有效条目超过 8 条；该值比组内最高 Activity Level 低至少 0.4，仅删除该记录
O=C(NN=Cc1ccc(Cl)cc1)c1cc([N+](=O)[O-])cc([N+](=O)[O-])c1,Results_002,13109,0.2,0.1,1,0.9,参考化合物有效条目超过 8 条；该值比组内最高 Activity Level 低至少 0.4，仅删除该记录
O=C(NN=Cc1ccc(Cl)cc1)c1cc([N+](=O)[O-])cc([N+](=O)[O-])c1,Results_002,13110,0.1,0.1,1,0.9,参考化合物有效条目超过 8 条；该值比组内最高 Activity Level 低至少 0.4，仅删除该记录
O=C(NN=Cc1ccc(Cl)cc1)c1cc([N+](=O)[O-])cc([N+](=O)[O-])c1,Results_002,13112,0.4,0.1,1,0.9,参考化合物有效条目超过 8 条；该值比组内最高 Activity Level 低至少 0.4，仅删除该记录
O=C1Nc2ccccc2C1=NNC(=O)c1cc([N+](=O)[O-])cc([N+](=O)[O-])c1,Results_002,13158,0.1,0.1,1,0.9,参考化合物有效条目超过 8 条；该值比组内最高 Activity Level 低至少 0.4，仅删除该记录
CCc1c(Cl)c(O)c(Cl)c(O)c1C(=O)O[C@H]1[C@H](O)[C@H](OC)[C@H](OC/C2=C\C=C\C[C@H](O)/C(C)=C/[C@H](CC)[C@@H](O[C@@H]3OC(C)(C)[C@@H](OC(=O)C(C)C)[C@H](O)[C@@H]3O)/C(C)=C/C(C)=C/C[C@@H]([C@@H](C)O)OC2=O)O[C@@H]1C,Results_002,13857,0.4,0.4,1,0.6,普通化合物当前有效条目=4，跨度≥0.6；中位数=1，左侧=1，右侧=0；中位数右侧为空，删除左侧最低值
CN1CCN(c2nc3ccccc3cc2C=Nc2ccccc2)CC1,Results_002,14209,0,0,0.8,0.8,普通化合物当前有效条目=3，跨度≥0.6；中位数=0.6，左侧=1，右侧=1；两侧数量相同，删除距中位数更远的极端值；等距时删除低值
CN1CCN(c2nc3ccccc3cc2C=Nc2ccc(F)cc2)CC1,Results_002,14212,0,0,0.6,0.6,普通化合物当前有效条目=3，跨度≥0.6；中位数=0.4，左侧=1，右侧=1；两侧数量相同，删除距中位数更远的极端值；等距时删除低值
CN1CCN(c2nc3ccccc3cc2C=Nc2ccc(F)c(Cl)c2)CC1,Results_002,14251,0,0,0.6,0.6,普通化合物当前有效条目=3，跨度≥0.6；中位数=0.4，左侧=1，右侧=1；两侧数量相同，删除距中位数更远的极端值；等距时删除低值
Clc1ccc(COC(Cn2ccnc2)c2ccc(Cl)cc2Cl)cc1,Results_003,268,0.4,0.4,0.8,0.4,参考化合物有效条目超过 8 条；该值比组内最高 Activity Level 低至少 0.4，仅删除该记录
Clc1ccc(COC(Cn2ccnc2)c2ccc(Cl)cc2Cl)cc1,Results_003,478,0.4,0.4,0.8,0.4,参考化合物有效条目超过 8 条；该值比组内最高 Activity Level 低至少 0.4，仅删除该记录
Clc1ccc(COC(Cn2ccnc2)c2ccc(Cl)cc2Cl)cc1,Results_004,2742,0.4,0.4,0.8,0.4,参考化合物有效条目超过 8 条；该值比组内最高 Activity Level 低至少 0.4，仅删除该记录
Clc1ccc(COC(Cn2ccnc2)c2ccc(Cl)cc2Cl)cc1,Results_005,7413,0.4,0.4,0.8,0.4,参考化合物有效条目超过 8 条；该值比组内最高 Activity Level 低至少 0.4，仅删除该记录
Clc1ccc(COC(Cn2ccnc2)c2ccc(Cl)cc2Cl)cc1,Results_005,7414,0.4,0.4,0.8,0.4,参考化合物有效条目超过 8 条；该值比组内最高 Activity Level 低至少 0.4，仅删除该记录
Clc1ccc(COC(Cn2ccnc2)c2ccc(Cl)cc2Cl)cc1,Results_005,7415,0.4,0.4,0.8,0.4,参考化合物有效条目超过 8 条；该值比组内最高 Activity Level 低至少 0.4，仅删除该记录
Clc1ccc(COC(Cn2ccnc2)c2ccc(Cl)cc2Cl)cc1,Results_005,18838,0.4,0.4,0.8,0.4,参考化合物有效条目超过 8 条；该值比组内最高 Activity Level 低至少 0.4，仅删除该记录
NS(=O)(=O)c1ccc(N/N=C/c2ccc(-n3ccc(-c4cc5ccccc5o4)n3)cc2)cc1,Results_002,14519,0,0,0.6,0.6,普通化合物当前有效条目=4，跨度≥0.6；中位数=0.5，左侧=2，右侧=2；两侧数量相同，删除距中位数更远的极端值；等距时删除低值
O=C(Nc1cccc(C(F)(F)F)c1)c1cnccn1,Results_002,14946,0.1,0.1,1,0.9,普通化合物当前有效条目=4，跨度≥0.6；中位数=1，左侧=1，右侧=0；中位数右侧为空，删除左侧最低值
Cc1ccc(NC(=O)c2cnccn2)cc1,Results_002,14950,0,0,0.75,0.75,普通化合物当前有效条目=3，跨度≥0.6；中位数=0.75，左侧=1，右侧=0；中位数右侧为空，删除左侧最低值
Cc1cc(O)c2c(c1)C(=O)C=C(c1c(C)cc3c(c1O)C(=O)C=CC3=O)C2=O,Results_002,14962,0.8,0.1,0.8,0.7,普通化合物当前有效条目=5，跨度≥0.6；中位数=0.4，左侧=2，右侧=2；两侧数量相同，删除距中位数更远的极端值；等距时删除低值
CC1=CC(=O)c2c(O)cccc2C1=O,Results_002,14966,0.4,0,1,1,参考化合物有效条目超过 8 条；该值比组内最高 Activity Level 低至少 0.4，仅删除该记录
CC1=CC(=O)c2c(O)cccc2C1=O,Results_002,14968,0.4,0,1,1,参考化合物有效条目超过 8 条；该值比组内最高 Activity Level 低至少 0.4，仅删除该记录
CC1=CC(=O)c2c(O)cccc2C1=O,Results_002,14970,0.6,0,1,1,参考化合物有效条目超过 8 条；该值比组内最高 Activity Level 低至少 0.4，仅删除该记录
CC1=CC(=O)c2c(O)cccc2C1=O,Results_003,11488,0.2,0,1,1,参考化合物有效条目超过 8 条；该值比组内最高 Activity Level 低至少 0.4，仅删除该记录
CC1=CC(=O)c2c(O)cccc2C1=O,Results_003,11489,0.1,0,1,1,参考化合物有效条目超过 8 条；该值比组内最高 Activity Level 低至少 0.4，仅删除该记录
CC1=CC(=O)c2c(O)cccc2C1=O,Results_004,8034,0,0,1,1,参考化合物有效条目超过 8 条；该值比组内最高 Activity Level 低至少 0.4，仅删除该记录
CC1=CC(=O)c2c(O)cccc2C1=O,Results_004,8035,0.6,0,1,1,参考化合物有效条目超过 8 条；该值比组内最高 Activity Level 低至少 0.4，仅删除该记录
CC1=CC(=O)c2c(O)cccc2C1=O,Results_004,8036,0,0,1,1,参考化合物有效条目超过 8 条；该值比组内最高 Activity Level 低至少 0.4，仅删除该记录
CC1=CC(=O)c2c(O)cccc2C1=O,Results_006,3355,0.6,0,1,1,参考化合物有效条目超过 8 条；该值比组内最高 Activity Level 低至少 0.4，仅删除该记录
CC1=CC(=O)C(C(C)C)=CC1=O,Results_002,14980,0.2,0.2,0.6,0.4,参考化合物有效条目超过 8 条；该值比组内最高 Activity Level 低至少 0.4，仅删除该记录
CC1=CC(=O)C(C(C)C)=CC1=O,Results_004,15195,0.2,0.2,0.6,0.4,参考化合物有效条目超过 8 条；该值比组内最高 Activity Level 低至少 0.4，仅删除该记录
CC1=CC(=O)C(C(C)C)=CC1=O,Results_004,15197,0.2,0.2,0.6,0.4,参考化合物有效条目超过 8 条；该值比组内最高 Activity Level 低至少 0.4，仅删除该记录
COC(=O)c1ccsc1NC(=O)[C@H]1CCCN1,Results_002,15022,1,0.4,1,0.6,普通化合物当前有效条目=8，跨度≥0.6；中位数=0.4，左侧=0，右侧=3；中位数左侧为空，删除右侧最高值
COC(=O)c1ccsc1NC(=O)[C@H]1CCCN1,Results_002,15023,1,0.4,1,0.6,普通化合物当前有效条目=7，跨度≥0.6；中位数=0.4，左侧=0，右侧=2；中位数左侧为空，删除右侧最高值
O=C(OCc1ccccc1)c1ccsc1NC(=O)[C@H]1CCCN1,Results_002,15062,0.8,0.2,0.8,0.6,普通化合物当前有效条目=6，跨度≥0.6；中位数=0.3，左侧=3，右侧=3；两侧数量相同，删除距中位数更远的极端值；等距时删除低值
O=C(OCc1ccccc1)c1ccsc1NC(=O)[C@H]1CCCN1,Results_002,15066,0.8,0.2,0.8,0.6,普通化合物当前有效条目=5，跨度≥0.6；中位数=0.2，左侧=0，右侧=2；中位数左侧为空，删除右侧最高值
C=CCOC(=O)c1ccsc1NC(=O)[C@H]1CCCN1,Results_002,15068,0.8,0.2,0.8,0.6,普通化合物当前有效条目=6，跨度≥0.6；中位数=0.2，左侧=0，右侧=2；中位数左侧为空，删除右侧最高值
CC1(C)[C@@H]2CC[C@@]1(C)C(=O)/C2=C/c1ccc(OCCOc2ccccc2)cc1,Results_002,15105,0,0,0.8,0.8,参考化合物有效条目超过 8 条；该值比组内最高 Activity Level 低至少 0.4，仅删除该记录
CC1(C)[C@@H]2CC[C@@]1(C)C(=O)/C2=C/c1ccc(OCCOc2ccccc2)cc1,Results_002,15108,0,0,0.8,0.8,参考化合物有效条目超过 8 条；该值比组内最高 Activity Level 低至少 0.4，仅删除该记录
CC1(C)[C@@H]2CC[C@@]1(C)C(=O)/C2=C/c1ccc(OCCOc2ccccc2)cc1,Results_002,15109,0,0,0.8,0.8,参考化合物有效条目超过 8 条；该值比组内最高 Activity Level 低至少 0.4，仅删除该记录
CC1(C)[C@@H]2CC[C@@]1(C)C(=O)/C2=C/c1ccc(OCCOc2ccccc2)cc1,Results_002,15110,0,0,0.8,0.8,参考化合物有效条目超过 8 条；该值比组内最高 Activity Level 低至少 0.4，仅删除该记录
CC1(C)[C@@H]2CC[C@@]1(C)C(=O)/C2=C/c1ccc(OCCOc2ccccc2)cc1,Results_002,15111,0,0,0.8,0.8,参考化合物有效条目超过 8 条；该值比组内最高 Activity Level 低至少 0.4，仅删除该记录
CC1(C)[C@@H]2CC[C@@]1(C)C(=O)/C2=C/c1ccc(OCCOc2ccccc2)cc1,Results_002,15112,0,0,0.8,0.8,参考化合物有效条目超过 8 条；该值比组内最高 Activity Level 低至少 0.4，仅删除该记录
CC1(C)[C@@H]2CC[C@@]1(C)C(=O)/C2=C/c1ccc(OCCOc2ccccc2)cc1,Results_002,15113,0,0,0.8,0.8,参考化合物有效条目超过 8 条；该值比组内最高 Activity Level 低至少 0.4，仅删除该记录
Cc1ccc2c(c1)OCCC(Cn1nnc(C(=O)/C=C/c3ccccc3O)c1C)=C2Cl,Results_002,15185,0.2,0.2,0.8,0.6,普通化合物当前有效条目=2，跨度≥0.6；中位数=0.5，左侧=1，右侧=1；剩余两条评分跨度达到0.6，保留高值
Cc1cccc2cc(/C=N/NC(=O)c3ccncc3)c(Cl)nc12,Results_002,15205,0.1,0.1,1,0.9,普通化合物当前有效条目=5，跨度≥0.6；中位数=1，左侧=1，右侧=0；中位数右侧为空，删除左侧最低值
Cc1ccc(/C=N/NC(=O)c2ccncc2)o1,Results_002,15210,0,0,1,1,普通化合物当前有效条目=5，跨度≥0.6；中位数=1，左侧=1，右侧=0；中位数右侧为空，删除左侧最低值
Cc1scnc1/C=N/NC(=O)c1ccncc1,Results_002,15215,0,0,1,1,普通化合物当前有效条目=5，跨度≥0.6；中位数=0.8，左侧=1，右侧=2；删除记录数较少一侧的最外侧值
O=C(N/N=C/c1ccc(OCc2ccccc2)cc1)c1ccncc1,Results_002,15230,1,0.4,1,0.6,普通化合物当前有效条目=5，跨度≥0.6；中位数=0.4，左侧=0，右侧=2；中位数左侧为空，删除右侧最高值
O=C(N/N=C/c1ccc(OCc2ccccc2)cc1)c1ccncc1,Results_004,2101,1,0.4,1,0.6,普通化合物当前有效条目=4，跨度≥0.6；中位数=0.4，左侧=0，右侧=1；中位数左侧为空，删除右侧最高值
O=C(O)c1ccc(/C=N/NC(=O)c2ccncc2)cc1,Results_003,13925,0.1,0.1,1,0.9,普通化合物当前有效条目=6，跨度≥0.6；中位数=0.6，左侧=3，右侧=3；两侧数量相同，删除距中位数更远的极端值；等距时删除低值
O=C(O)c1ccc(/C=N/NC(=O)c2ccncc2)cc1,Results_003,13926,0.2,0.2,1,0.8,普通化合物当前有效条目=5，跨度≥0.6；中位数=1，左侧=2，右侧=0；中位数右侧为空，删除左侧最低值
O=C(O)c1ccc(/C=N/NC(=O)c2ccncc2)cc1,Results_003,13927,0.2,0.2,1,0.8,普通化合物当前有效条目=4，跨度≥0.6；中位数=1，左侧=1，右侧=0；中位数右侧为空，删除左侧最低值
O=C(NN=C1C(=O)N(Cc2ccccc2)c2ccccc21)c1ccncc1,Results_005,2230,0.2,0.2,0.8,0.6,普通化合物当前有效条目=4，跨度≥0.6；中位数=0.5，左侧=2，右侧=2；两侧数量相同，删除距中位数更远的极端值；等距时删除低值
O=C(NN=C1C(=O)N(Cc2ccccc2)c2ccccc21)c1ccncc1,Results_005,2231,0.2,0.2,0.8,0.6,普通化合物当前有效条目=3，跨度≥0.6；中位数=0.8，左侧=1，右侧=0；中位数右侧为空，删除左侧最低值
CCOC(=O)c1cnc2ccc(Oc3ccccc3)cc2c1NCCCN(C)C,Results_002,15574,0.2,0.2,1,0.8,普通化合物当前有效条目=2，跨度≥0.6；中位数=0.6，左侧=1，右侧=1；剩余两条评分跨度达到0.6，保留高值
CCOC(=O)c1cnc2ccc(Oc3ccccc3)cc2c1NCCCN1CCCC1,Results_002,15576,0.2,0.2,1,0.8,普通化合物当前有效条目=2，跨度≥0.6；中位数=0.6，左侧=1，右侧=1；剩余两条评分跨度达到0.6，保留高值
CCOC(=O)c1cnc2ccc(Oc3ccccc3)cc2c1NCCCN1CCCC1=O,Results_002,15578,0.2,0.2,1,0.8,普通化合物当前有效条目=2，跨度≥0.6；中位数=0.6，左侧=1，右侧=1；剩余两条评分跨度达到0.6，保留高值
CCOC(=O)c1cnc2ccc(Oc3ccccc3)cc2c1NCCCN1CCCCC1,Results_002,15580,0.4,0.4,1,0.6,普通化合物当前有效条目=2，跨度≥0.6；中位数=0.7，左侧=1，右侧=1；剩余两条评分跨度达到0.6，保留高值
CC(C)OCCCNc1c(C(=O)O)cnc2ccc(Oc3ccccc3)cc12,Results_002,15586,0.2,0.2,1,0.8,普通化合物当前有效条目=2，跨度≥0.6；中位数=0.6，左侧=1，右侧=1；剩余两条评分跨度达到0.6，保留高值
COc1cc(/C=C/C(C)=O)ccc1Oc1ccc(C(F)(F)F)cc1,Results_002,15590,0.8,0.2,0.8,0.6,普通化合物当前有效条目=7，跨度≥0.6；中位数=0.6，左侧=2，右侧=1；删除记录数较少一侧的最外侧值
Cc1ccc(Nc2n[nH]c(N)c2C(=O)Nc2cccc(Cl)c2)cc1,Results_002,15694,0.1,0.1,0.8,0.7,普通化合物当前有效条目=3，跨度≥0.6；中位数=0.6，左侧=1，右侧=1；两侧数量相同，删除距中位数更远的极端值；等距时删除低值
COc1ccc(NC(=O)c2c(Nc3cccc(Cl)c3)n[nH]c2N)cc1,Results_002,15701,0,0,0.8,0.8,普通化合物当前有效条目=3，跨度≥0.6；中位数=0.8，左侧=1，右侧=0；中位数右侧为空，删除左侧最低值
Nc1[nH]nc(Nc2ccc(F)c(Cl)c2)c1C(=O)Nc1ccccc1,Results_002,15704,0.2,0.2,0.8,0.6,普通化合物当前有效条目=3，跨度≥0.6；中位数=0.6，左侧=1，右侧=1；两侧数量相同，删除距中位数更远的极端值；等距时删除低值
COc1cccc(-c2ccn(-c3ccc(C(=O)NC4C5CC6CC(C5)CC4C6)cc3)n2)c1,Results_002,15756,0.2,0.2,0.8,0.6,普通化合物当前有效条目=8，跨度≥0.6；中位数=0.8，左侧=1，右侧=0；中位数右侧为空，删除左侧最低值
O=C(NC1C2CC3CC(C2)CC1C3)c1ccc(-n2ccc(-c3cccs3)n2)cc1,Results_002,15792,0.2,0.2,0.8,0.6,普通化合物当前有效条目=8，跨度≥0.6；中位数=0.8，左侧=1，右侧=0；中位数右侧为空，删除左侧最低值
O=C(NC1C2CC3CC(C2)CC1C3)c1ccc(-n2ccc(-c3cc4ccccc4o3)n2)cc1,Results_002,15808,0.2,0.2,1,0.8,普通化合物当前有效条目=8，跨度≥0.6；中位数=0.8，左侧=1，右侧=2；删除记录数较少一侧的最外侧值
CN(C)c1ccc(O)c2c1C[C@H]1C[C@H]3[C@H](N(C)C)C(=O)C(C(N)=O)=C(O)[C@@]3(O)C(=O)C1=C2O,Results_006,1578,0.4,0.4,1,0.6,普通化合物当前有效条目=5，跨度≥0.6；中位数=0.8，左侧=1，右侧=1；两侧数量相同，删除距中位数更远的极端值；等距时删除低值
CN(C)[C@@H]1C(=O)C(C(N)=O)=C(O)[C@@]2(O)C(=O)C3=C(O)c4c(O)cccc4[C@@](C)(O)[C@H]3C[C@@H]12,Results_002,15872,1,0.2,1,0.8,普通化合物当前有效条目=5，跨度≥0.6；中位数=0.4，左侧=1，右侧=1；两侧数量相同，删除距中位数更远的极端值；等距时删除低值
COc1cc(NC(C)CCCN)c2ncccc2c1,Results_002,15875,0.8,0.2,0.8,0.6,普通化合物当前有效条目=3，跨度≥0.6；中位数=0.2，左侧=0，右侧=1；中位数左侧为空，删除右侧最高值
CN(C)CN1C(=O)C(=O)c2cc(NC(=O)N/N=C/c3ccc(Cl)cc3)ccc21,Results_002,15932,0.2,0.2,0.8,0.6,普通化合物当前有效条目=2，跨度≥0.6；中位数=0.5，左侧=1，右侧=1；剩余两条评分跨度达到0.6，保留高值
O=C(N/N=C/c1ccc(Cl)cc1)Nc1ccc2c(c1)C(=O)C(=O)N2CN1CCCC1,Results_002,15937,0.2,0.2,0.8,0.6,普通化合物当前有效条目=2，跨度≥0.6；中位数=0.5，左侧=1，右侧=1；剩余两条评分跨度达到0.6，保留高值
Cc1ccc(/C=N/NC(=O)Nc2ccc3c(c2)C(=O)C(=O)N3CN2CCCC2)cc1,Results_002,15940,0.2,0.2,0.8,0.6,普通化合物当前有效条目=2，跨度≥0.6；中位数=0.5，左侧=1，右侧=1；剩余两条评分跨度达到0.6，保留高值
Cc1ccc(/C=N/NC(=O)Nc2ccc3c(c2)C(=O)C(=O)N3CN2CCNCC2)cc1,Results_002,15945,0.2,0.2,0.8,0.6,普通化合物当前有效条目=2，跨度≥0.6；中位数=0.5，左侧=1，右侧=1；剩余两条评分跨度达到0.6，保留高值
Cc1ccc(/C=N/NC(=O)Nc2ccc3c(c2)C(=O)C(=O)N3CN2CCN(C)CC2)cc1,Results_002,15950,0.2,0.2,0.8,0.6,普通化合物当前有效条目=2，跨度≥0.6；中位数=0.5，左侧=1，右侧=1；剩余两条评分跨度达到0.6，保留高值
CCCCCCCCCC(=O)NNC(=O)c1ccncc1,Results_002,16264,0.4,0.2,1,0.8,参考化合物有效条目超过 8 条；该值比组内最高 Activity Level 低至少 0.4，仅删除该记录
CCCCCCCCCC(=O)NNC(=O)c1ccncc1,Results_004,11249,0.6,0.2,1,0.8,参考化合物有效条目超过 8 条；该值比组内最高 Activity Level 低至少 0.4，仅删除该记录
CCCCCCCCCC(=O)NNC(=O)c1ccncc1,Results_004,11250,0.2,0.2,1,0.8,参考化合物有效条目超过 8 条；该值比组内最高 Activity Level 低至少 0.4，仅删除该记录
CCCCCCNNC(=O)c1ccncc1,Results_002,16266,0.1,0.1,0.8,0.7,普通化合物当前有效条目=2，跨度≥0.6；中位数=0.45，左侧=1，右侧=1；剩余两条评分跨度达到0.6，保留高值
CCCCCCCCCCNNC(=O)c1ccncc1,Results_002,16268,0.1,0.1,1,0.9,普通化合物当前有效条目=2，跨度≥0.6；中位数=0.55，左侧=1，右侧=1；剩余两条评分跨度达到0.6，保留高值
CCCCCC=NNC(=O)c1ccncc1,Results_002,16270,0.1,0.1,1,0.9,普通化合物当前有效条目=2，跨度≥0.6；中位数=0.55，左侧=1，右侧=1；剩余两条评分跨度达到0.6，保留高值
CCCCCCCCCC=NNC(=O)c1ccncc1,Results_002,16272,0.1,0.1,1,0.9,普通化合物当前有效条目=2，跨度≥0.6；中位数=0.55，左侧=1，右侧=1；剩余两条评分跨度达到0.6，保留高值
Cc1c(CN2CCN(C)CC2)cc(-c2ccccc2)n1-c1ccc(F)cc1,Results_002,16273,1,0.4,1,0.6,普通化合物当前有效条目=5，跨度≥0.6；中位数=0.4，左侧=0，右侧=2；中位数左侧为空，删除右侧最高值
CCCCCCCCCCCCCCCCNCc1ccc(O)c(OC)c1,Results_002,16351,0.2,0.2,0.8,0.6,普通化合物当前有效条目=2，跨度≥0.6；中位数=0.5，左侧=1，右侧=1；剩余两条评分跨度达到0.6，保留高值
CCCCCCCCC=CCCCCCCCCNCc1ccccc1O,Results_002,16366,0.2,0.2,0.8,0.6,普通化合物当前有效条目=3，跨度≥0.6；中位数=0.8，左侧=1，右侧=0；中位数右侧为空，删除左侧最低值
CCCCCCCCCCCCNCc1ccc(Cl)cc1,Results_002,16371,0.2,0.2,0.8,0.6,普通化合物当前有效条目=2，跨度≥0.6；中位数=0.5，左侧=1，右侧=1；剩余两条评分跨度达到0.6，保留高值
CCCCCCCCCCCCCCCCNCc1ccncc1,Results_002,16382,0.2,0.2,0.8,0.6,普通化合物当前有效条目=3，跨度≥0.6；中位数=0.8，左侧=1，右侧=0；中位数右侧为空，删除左侧最低值
CCCCCCCCCCCCCCCCNCc1cccnc1,Results_002,16388,0.2,0.2,0.8,0.6,普通化合物当前有效条目=3，跨度≥0.6；中位数=0.8，左侧=1，右侧=0；中位数右侧为空，删除左侧最低值
CCCCCCCCC=CCCCCCCCCNCc1cccnc1,Results_002,16392,0.8,0.2,0.8,0.6,普通化合物当前有效条目=3，跨度≥0.6；中位数=0.2，左侧=0，右侧=1；中位数左侧为空，删除右侧最高值
CCCCCCCCCCCCNCc1ccccn1,Results_002,16394,0.2,0.2,0.8,0.6,普通化合物当前有效条目=2，跨度≥0.6；中位数=0.5，左侧=1，右侧=1；剩余两条评分跨度达到0.6，保留高值
Nc1ccc(-c2nncc(N3CCC(c4cccc(Cl)c4)C3)n2)cc1,Results_002,16947,0.1,0.1,0.8,0.7,普通化合物当前有效条目=2，跨度≥0.6；中位数=0.45，左侧=1，右侧=1；剩余两条评分跨度达到0.6，保留高值
Clc1ccccc1C(c1ccccc1)(c1ccccc1)n1ccnc1,Results_002,17737,0.4,0.2,1,0.8,参考化合物有效条目超过 8 条；该值比组内最高 Activity Level 低至少 0.4，仅删除该记录
Clc1ccccc1C(c1ccccc1)(c1ccccc1)n1ccnc1,Results_002,17738,0.4,0.2,1,0.8,参考化合物有效条目超过 8 条；该值比组内最高 Activity Level 低至少 0.4，仅删除该记录
Clc1ccccc1C(c1ccccc1)(c1ccccc1)n1ccnc1,Results_004,2741,0.4,0.2,1,0.8,参考化合物有效条目超过 8 条；该值比组内最高 Activity Level 低至少 0.4，仅删除该记录
Clc1ccccc1C(c1ccccc1)(c1ccccc1)n1ccnc1,Results_004,12714,0.6,0.2,1,0.8,参考化合物有效条目超过 8 条；该值比组内最高 Activity Level 低至少 0.4，仅删除该记录
Clc1ccccc1C(c1ccccc1)(c1ccccc1)n1ccnc1,Results_005,7430,0.6,0.2,1,0.8,参考化合物有效条目超过 8 条；该值比组内最高 Activity Level 低至少 0.4，仅删除该记录
Clc1ccccc1C(c1ccccc1)(c1ccccc1)n1ccnc1,Results_005,7432,0.4,0.2,1,0.8,参考化合物有效条目超过 8 条；该值比组内最高 Activity Level 低至少 0.4，仅删除该记录
Clc1ccccc1C(c1ccccc1)(c1ccccc1)n1ccnc1,Results_005,7433,0.4,0.2,1,0.8,参考化合物有效条目超过 8 条；该值比组内最高 Activity Level 低至少 0.4，仅删除该记录
Clc1ccccc1C(c1ccccc1)(c1ccccc1)n1ccnc1,Results_005,7434,0.2,0.2,1,0.8,参考化合物有效条目超过 8 条；该值比组内最高 Activity Level 低至少 0.4，仅删除该记录
Clc1ccccc1C(c1ccccc1)(c1ccccc1)n1ccnc1,Results_005,7435,0.2,0.2,1,0.8,参考化合物有效条目超过 8 条；该值比组内最高 Activity Level 低至少 0.4，仅删除该记录
Clc1ccccc1C(c1ccccc1)(c1ccccc1)n1ccnc1,Results_005,7436,0.2,0.2,1,0.8,参考化合物有效条目超过 8 条；该值比组内最高 Activity Level 低至少 0.4，仅删除该记录
Clc1ccccc1C(c1ccccc1)(c1ccccc1)n1ccnc1,Results_005,7437,0.6,0.2,1,0.8,参考化合物有效条目超过 8 条；该值比组内最高 Activity Level 低至少 0.4，仅删除该记录
Clc1ccccc1C(c1ccccc1)(c1ccccc1)n1ccnc1,Results_005,7440,0.6,0.2,1,0.8,参考化合物有效条目超过 8 条；该值比组内最高 Activity Level 低至少 0.4，仅删除该记录
Clc1ccccc1C(c1ccccc1)(c1ccccc1)n1ccnc1,Results_005,7441,0.4,0.2,1,0.8,参考化合物有效条目超过 8 条；该值比组内最高 Activity Level 低至少 0.4，仅删除该记录
Clc1ccccc1C(c1ccccc1)(c1ccccc1)n1ccnc1,Results_005,7442,0.4,0.2,1,0.8,参考化合物有效条目超过 8 条；该值比组内最高 Activity Level 低至少 0.4，仅删除该记录
Clc1ccccc1C(c1ccccc1)(c1ccccc1)n1ccnc1,Results_005,7443,0.4,0.2,1,0.8,参考化合物有效条目超过 8 条；该值比组内最高 Activity Level 低至少 0.4，仅删除该记录
Clc1ccccc1C(c1ccccc1)(c1ccccc1)n1ccnc1,Results_005,7444,0.4,0.2,1,0.8,参考化合物有效条目超过 8 条；该值比组内最高 Activity Level 低至少 0.4，仅删除该记录
Clc1ccccc1C(c1ccccc1)(c1ccccc1)n1ccnc1,Results_005,7445,0.4,0.2,1,0.8,参考化合物有效条目超过 8 条；该值比组内最高 Activity Level 低至少 0.4，仅删除该记录
Clc1ccccc1C(c1ccccc1)(c1ccccc1)n1ccnc1,Results_005,13565,0.4,0.2,1,0.8,参考化合物有效条目超过 8 条；该值比组内最高 Activity Level 低至少 0.4，仅删除该记录
Clc1ccccc1C(c1ccccc1)(c1ccccc1)n1ccnc1,Results_005,18837,0.4,0.2,1,0.8,参考化合物有效条目超过 8 条；该值比组内最高 Activity Level 低至少 0.4，仅删除该记录
CC1(C)CCC2=C(O1)c1ccccc1/C(=N/NC(=O)c1ccncc1)C2=O,Results_002,17776,0.1,0.1,0.8,0.7,普通化合物当前有效条目=3，跨度≥0.6；中位数=0.6，左侧=1，右侧=1；两侧数量相同，删除距中位数更远的极端值；等距时删除低值
CC1(C)CC2=C(O1)c1ccccc1/C(=N/NC(=O)c1ccncc1)C2=O,Results_002,17800,0.1,0.1,0.8,0.7,普通化合物当前有效条目=3，跨度≥0.6；中位数=0.6，左侧=1，右侧=1；两侧数量相同，删除距中位数更远的极端值；等距时删除低值
CC1(C)OC2=C(C(=O)/C(=N\NC(=O)c3ccncc3)c3ccccc32)C1O,Results_002,17811,0.6,0,0.6,0.6,普通化合物当前有效条目=3，跨度≥0.6；中位数=0，左侧=0，右侧=1；中位数左侧为空，删除右侧最高值
O=[N+]([O-])c1cccc2ccc(C3CCCCC3)nc12,Results_002,18100,0.2,0.2,1,0.8,参考化合物有效条目超过 8 条；该值比组内最高 Activity Level 低至少 0.4，仅删除该记录
O=[N+]([O-])c1cccc2ccc(C3CCCCC3)nc12,Results_002,18101,0.2,0.2,1,0.8,参考化合物有效条目超过 8 条；该值比组内最高 Activity Level 低至少 0.4，仅删除该记录
O=[N+]([O-])c1cccc2ccc(C3CCCCC3)nc12,Results_002,18102,0.2,0.2,1,0.8,参考化合物有效条目超过 8 条；该值比组内最高 Activity Level 低至少 0.4，仅删除该记录
O=[N+]([O-])c1cccc2ccc(C3CCCCC3)nc12,Results_002,18104,0.2,0.2,1,0.8,参考化合物有效条目超过 8 条；该值比组内最高 Activity Level 低至少 0.4，仅删除该记录
O=[N+]([O-])c1cccc2ccc(C3CCCCC3)nc12,Results_002,18105,0.2,0.2,1,0.8,参考化合物有效条目超过 8 条；该值比组内最高 Activity Level 低至少 0.4，仅删除该记录
O=[N+]([O-])c1cccc2ccc(C3CCCCC3)nc12,Results_002,18106,0.2,0.2,1,0.8,参考化合物有效条目超过 8 条；该值比组内最高 Activity Level 低至少 0.4，仅删除该记录
O=[N+]([O-])c1cccc2ccc(C3CCCCC3)nc12,Results_002,18108,0.2,0.2,1,0.8,参考化合物有效条目超过 8 条；该值比组内最高 Activity Level 低至少 0.4，仅删除该记录
O=[N+]([O-])c1cccc2ccc(C3CCCCC3)nc12,Results_002,18109,0.2,0.2,1,0.8,参考化合物有效条目超过 8 条；该值比组内最高 Activity Level 低至少 0.4，仅删除该记录
O=[N+]([O-])c1cccc2ccc(C3CCCCC3)nc12,Results_002,18110,0.2,0.2,1,0.8,参考化合物有效条目超过 8 条；该值比组内最高 Activity Level 低至少 0.4，仅删除该记录
O=[N+]([O-])c1cccc2c(C3CCCC3)cc(C3CCCC3)nc12,Results_002,18118,0.2,0.2,1,0.8,参考化合物有效条目超过 8 条；该值比组内最高 Activity Level 低至少 0.4，仅删除该记录
O=[N+]([O-])c1cccc2c(C3CCCC3)cc(C3CCCC3)nc12,Results_002,18119,0.2,0.2,1,0.8,参考化合物有效条目超过 8 条；该值比组内最高 Activity Level 低至少 0.4，仅删除该记录
O=[N+]([O-])c1cccc2c(C3CCCC3)cc(C3CCCC3)nc12,Results_002,18120,0.4,0.2,1,0.8,参考化合物有效条目超过 8 条；该值比组内最高 Activity Level 低至少 0.4，仅删除该记录
O=[N+]([O-])c1cccc2c(C3CCCC3)cc(C3CCCC3)nc12,Results_002,18122,0.2,0.2,1,0.8,参考化合物有效条目超过 8 条；该值比组内最高 Activity Level 低至少 0.4，仅删除该记录
O=[N+]([O-])c1cccc2c(C3CCCC3)cc(C3CCCC3)nc12,Results_002,18123,0.2,0.2,1,0.8,参考化合物有效条目超过 8 条；该值比组内最高 Activity Level 低至少 0.4，仅删除该记录
O=[N+]([O-])c1cccc2c(C3CCCC3)cc(C3CCCC3)nc12,Results_002,18124,0.4,0.2,1,0.8,参考化合物有效条目超过 8 条；该值比组内最高 Activity Level 低至少 0.4，仅删除该记录
O=[N+]([O-])c1cccc2c(C3CCCC3)cc(C3CCCC3)nc12,Results_002,18126,0.2,0.2,1,0.8,参考化合物有效条目超过 8 条；该值比组内最高 Activity Level 低至少 0.4，仅删除该记录
O=[N+]([O-])c1cccc2c(C3CCCC3)cc(C3CCCC3)nc12,Results_002,18127,0.2,0.2,1,0.8,参考化合物有效条目超过 8 条；该值比组内最高 Activity Level 低至少 0.4，仅删除该记录
O=[N+]([O-])c1cccc2c(C3CCCC3)cc(C3CCCC3)nc12,Results_002,18128,0.4,0.2,1,0.8,参考化合物有效条目超过 8 条；该值比组内最高 Activity Level 低至少 0.4，仅删除该记录
O=[N+]([O-])c1cccc2c(C3CCCCC3)cc(C3CCCCC3)nc12,Results_002,18130,0.6,0.6,1,0.4,参考化合物有效条目超过 8 条；该值比组内最高 Activity Level 低至少 0.4，仅删除该记录
O=[N+]([O-])c1cccc2c(C3CCCCC3)cc(C3CCCCC3)nc12,Results_002,18131,0.6,0.6,1,0.4,参考化合物有效条目超过 8 条；该值比组内最高 Activity Level 低至少 0.4，仅删除该记录
O=[N+]([O-])c1cccc2c(C3CCCCC3)cc(C3CCCCC3)nc12,Results_002,18132,0.6,0.6,1,0.4,参考化合物有效条目超过 8 条；该值比组内最高 Activity Level 低至少 0.4，仅删除该记录
O=[N+]([O-])c1cccc2c(C3CCCCC3)cc(C3CCCCC3)nc12,Results_002,18134,0.6,0.6,1,0.4,参考化合物有效条目超过 8 条；该值比组内最高 Activity Level 低至少 0.4，仅删除该记录
O=[N+]([O-])c1cccc2c(C3CCCCC3)cc(C3CCCCC3)nc12,Results_002,18135,0.6,0.6,1,0.4,参考化合物有效条目超过 8 条；该值比组内最高 Activity Level 低至少 0.4，仅删除该记录
O=[N+]([O-])c1cccc2c(C3CCCCC3)cc(C3CCCCC3)nc12,Results_002,18136,0.6,0.6,1,0.4,参考化合物有效条目超过 8 条；该值比组内最高 Activity Level 低至少 0.4，仅删除该记录
O=[N+]([O-])c1cccc2c(C3CCCCC3)cc(C3CCCCC3)nc12,Results_002,18138,0.6,0.6,1,0.4,参考化合物有效条目超过 8 条；该值比组内最高 Activity Level 低至少 0.4，仅删除该记录
O=[N+]([O-])c1cccc2c(C3CCCCC3)cc(C3CCCCC3)nc12,Results_002,18139,0.6,0.6,1,0.4,参考化合物有效条目超过 8 条；该值比组内最高 Activity Level 低至少 0.4，仅删除该记录
O=[N+]([O-])c1cccc2c(C3CCCCC3)cc(C3CCCCC3)nc12,Results_002,18140,0.6,0.6,1,0.4,参考化合物有效条目超过 8 条；该值比组内最高 Activity Level 低至少 0.4，仅删除该记录
O=C(Nc1cccc2c(C3CCCCC3)cc(C3CCCCC3)nc12)C(F)(F)F,Results_002,18163,0.2,0.2,1,0.8,参考化合物有效条目超过 8 条；该值比组内最高 Activity Level 低至少 0.4，仅删除该记录
O=C(Nc1cccc2c(C3CCCCC3)cc(C3CCCCC3)nc12)C(F)(F)F,Results_002,18164,0.2,0.2,1,0.8,参考化合物有效条目超过 8 条；该值比组内最高 Activity Level 低至少 0.4，仅删除该记录
O=C(Nc1cccc2c(C3CCCCC3)cc(C3CCCCC3)nc12)C(F)(F)F,Results_002,18166,0.2,0.2,1,0.8,参考化合物有效条目超过 8 条；该值比组内最高 Activity Level 低至少 0.4，仅删除该记录
O=C(Nc1cccc2c(C3CCCCC3)cc(C3CCCCC3)nc12)C(F)(F)F,Results_002,18167,0.2,0.2,1,0.8,参考化合物有效条目超过 8 条；该值比组内最高 Activity Level 低至少 0.4，仅删除该记录
O=C(Nc1cccc2c(C3CCCCC3)cc(C3CCCCC3)nc12)C(F)(F)F,Results_002,18169,0.2,0.2,1,0.8,参考化合物有效条目超过 8 条；该值比组内最高 Activity Level 低至少 0.4，仅删除该记录
O=C(Nc1cccc2c(C3CCCCC3)cc(C3CCCCC3)nc12)C(F)(F)F,Results_002,18170,0.2,0.2,1,0.8,参考化合物有效条目超过 8 条；该值比组内最高 Activity Level 低至少 0.4，仅删除该记录
COc1cc([N+](=O)[O-])c2nc(C(C)C)ccc2c1C(C)C,Results_002,18175,0.4,0.4,1,0.6,参考化合物有效条目超过 8 条；该值比组内最高 Activity Level 低至少 0.4，仅删除该记录
COc1cc([N+](=O)[O-])c2nc(C(C)C)ccc2c1C(C)C,Results_002,18176,0.4,0.4,1,0.6,参考化合物有效条目超过 8 条；该值比组内最高 Activity Level 低至少 0.4，仅删除该记录
COc1cc([N+](=O)[O-])c2nc(C(C)C)ccc2c1C(C)C,Results_002,18177,0.4,0.4,1,0.6,参考化合物有效条目超过 8 条；该值比组内最高 Activity Level 低至少 0.4，仅删除该记录
COc1cc([N+](=O)[O-])c2nc(C(C)C)ccc2c1C(C)C,Results_002,18179,0.4,0.4,1,0.6,参考化合物有效条目超过 8 条；该值比组内最高 Activity Level 低至少 0.4，仅删除该记录
COc1cc([N+](=O)[O-])c2nc(C(C)C)ccc2c1C(C)C,Results_002,18180,0.4,0.4,1,0.6,参考化合物有效条目超过 8 条；该值比组内最高 Activity Level 低至少 0.4，仅删除该记录
COc1cc([N+](=O)[O-])c2nc(C(C)C)ccc2c1C(C)C,Results_002,18181,0.4,0.4,1,0.6,参考化合物有效条目超过 8 条；该值比组内最高 Activity Level 低至少 0.4，仅删除该记录
COc1cc([N+](=O)[O-])c2nc(C(C)C)ccc2c1C(C)C,Results_002,18183,0.4,0.4,1,0.6,参考化合物有效条目超过 8 条；该值比组内最高 Activity Level 低至少 0.4，仅删除该记录
COc1cc([N+](=O)[O-])c2nc(C(C)C)ccc2c1C(C)C,Results_002,18184,0.4,0.4,1,0.6,参考化合物有效条目超过 8 条；该值比组内最高 Activity Level 低至少 0.4，仅删除该记录
COc1cc([N+](=O)[O-])c2nc(C(C)C)ccc2c1C(C)C,Results_002,18185,0.4,0.4,1,0.6,参考化合物有效条目超过 8 条；该值比组内最高 Activity Level 低至少 0.4，仅删除该记录
CCc1ccnc2c([N+](=O)[O-])cc(OC)c(OC(C)C)c12,Results_002,18238,0.1,0.1,1,0.9,参考化合物有效条目超过 8 条；该值比组内最高 Activity Level 低至少 0.4，仅删除该记录
CCc1ccnc2c([N+](=O)[O-])cc(OC)c(OC(C)C)c12,Results_002,18239,0.1,0.1,1,0.9,参考化合物有效条目超过 8 条；该值比组内最高 Activity Level 低至少 0.4，仅删除该记录
CCc1ccnc2c([N+](=O)[O-])cc(OC)c(OC(C)C)c12,Results_002,18240,0.1,0.1,1,0.9,参考化合物有效条目超过 8 条；该值比组内最高 Activity Level 低至少 0.4，仅删除该记录
CCc1ccnc2c([N+](=O)[O-])cc(OC)c(OC(C)C)c12,Results_002,18242,0.1,0.1,1,0.9,参考化合物有效条目超过 8 条；该值比组内最高 Activity Level 低至少 0.4，仅删除该记录
CCc1ccnc2c([N+](=O)[O-])cc(OC)c(OC(C)C)c12,Results_002,18243,0.1,0.1,1,0.9,参考化合物有效条目超过 8 条；该值比组内最高 Activity Level 低至少 0.4，仅删除该记录
CCc1ccnc2c([N+](=O)[O-])cc(OC)c(OC(C)C)c12,Results_002,18244,0.1,0.1,1,0.9,参考化合物有效条目超过 8 条；该值比组内最高 Activity Level 低至少 0.4，仅删除该记录
CCc1ccnc2c([N+](=O)[O-])cc(OC)c(OC(C)C)c12,Results_002,18246,0.1,0.1,1,0.9,参考化合物有效条目超过 8 条；该值比组内最高 Activity Level 低至少 0.4，仅删除该记录
CCc1ccnc2c([N+](=O)[O-])cc(OC)c(OC(C)C)c12,Results_002,18247,0.1,0.1,1,0.9,参考化合物有效条目超过 8 条；该值比组内最高 Activity Level 低至少 0.4，仅删除该记录
CCc1ccnc2c([N+](=O)[O-])cc(OC)c(OC(C)C)c12,Results_002,18248,0.1,0.1,1,0.9,参考化合物有效条目超过 8 条；该值比组内最高 Activity Level 低至少 0.4，仅删除该记录
CCCCCCCOc1c(OC)cc([N+](=O)[O-])c2nccc(CC)c12,Results_002,18262,0.6,0.6,1,0.4,参考化合物有效条目超过 8 条；该值比组内最高 Activity Level 低至少 0.4，仅删除该记录
CCCCCCCOc1c(OC)cc([N+](=O)[O-])c2nccc(CC)c12,Results_002,18263,0.6,0.6,1,0.4,参考化合物有效条目超过 8 条；该值比组内最高 Activity Level 低至少 0.4，仅删除该记录
CCCCCCCOc1c(OC)cc([N+](=O)[O-])c2nccc(CC)c12,Results_002,18264,0.6,0.6,1,0.4,参考化合物有效条目超过 8 条；该值比组内最高 Activity Level 低至少 0.4，仅删除该记录
CCCCCCCOc1c(OC)cc([N+](=O)[O-])c2nccc(CC)c12,Results_002,18266,0.6,0.6,1,0.4,参考化合物有效条目超过 8 条；该值比组内最高 Activity Level 低至少 0.4，仅删除该记录
CCCCCCCOc1c(OC)cc([N+](=O)[O-])c2nccc(CC)c12,Results_002,18267,0.6,0.6,1,0.4,参考化合物有效条目超过 8 条；该值比组内最高 Activity Level 低至少 0.4，仅删除该记录
CCCCCCCOc1c(OC)cc([N+](=O)[O-])c2nccc(CC)c12,Results_002,18268,0.6,0.6,1,0.4,参考化合物有效条目超过 8 条；该值比组内最高 Activity Level 低至少 0.4，仅删除该记录
CCCCCCCOc1c(OC)cc([N+](=O)[O-])c2nccc(CC)c12,Results_002,18270,0.6,0.6,1,0.4,参考化合物有效条目超过 8 条；该值比组内最高 Activity Level 低至少 0.4，仅删除该记录
CCCCCCCOc1c(OC)cc([N+](=O)[O-])c2nccc(CC)c12,Results_002,18271,0.6,0.6,1,0.4,参考化合物有效条目超过 8 条；该值比组内最高 Activity Level 低至少 0.4，仅删除该记录
CCCCCCCOc1c(OC)cc([N+](=O)[O-])c2nccc(CC)c12,Results_002,18272,0.6,0.6,1,0.4,参考化合物有效条目超过 8 条；该值比组内最高 Activity Level 低至少 0.4，仅删除该记录
CCCCOc1c(OC)cc(N)c2nccc(CC)c12,Results_002,18282,0,0,0.6,0.6,普通化合物当前有效条目=6，跨度≥0.6；中位数=0.3，左侧=3，右侧=3；两侧数量相同，删除距中位数更远的极端值；等距时删除低值
CCCCOc1c(OC)cc(N)c2nccc(CC)c12,Results_002,18283,0,0,0.6,0.6,普通化合物当前有效条目=5，跨度≥0.6；中位数=0.6，左侧=2，右侧=0；中位数右侧为空，删除左侧最低值
CCCCOc1c(OC)cc(N)c2nccc(CC)c12,Results_002,18287,0,0,0.6,0.6,普通化合物当前有效条目=4，跨度≥0.6；中位数=0.6，左侧=1，右侧=0；中位数右侧为空，删除左侧最低值
CCCCCOc1c(OC)cc(N)c2nccc(CC)c12,Results_002,18292,0.6,0.6,1,0.4,参考化合物有效条目超过 8 条；该值比组内最高 Activity Level 低至少 0.4，仅删除该记录
CCCCCOc1c(OC)cc(N)c2nccc(CC)c12,Results_002,18293,0.6,0.6,1,0.4,参考化合物有效条目超过 8 条；该值比组内最高 Activity Level 低至少 0.4，仅删除该记录
CCCCCOc1c(OC)cc(N)c2nccc(CC)c12,Results_002,18294,0.6,0.6,1,0.4,参考化合物有效条目超过 8 条；该值比组内最高 Activity Level 低至少 0.4，仅删除该记录
CCCCCOc1c(OC)cc(N)c2nccc(CC)c12,Results_002,18297,0.6,0.6,1,0.4,参考化合物有效条目超过 8 条；该值比组内最高 Activity Level 低至少 0.4，仅删除该记录
CCCCCOc1c(OC)cc(N)c2nccc(CC)c12,Results_002,18298,0.6,0.6,1,0.4,参考化合物有效条目超过 8 条；该值比组内最高 Activity Level 低至少 0.4，仅删除该记录
CCCCCOc1c(OC)cc(N)c2nccc(CC)c12,Results_002,18299,0.6,0.6,1,0.4,参考化合物有效条目超过 8 条；该值比组内最高 Activity Level 低至少 0.4，仅删除该记录
Cc1cc(C2CCCC2)nc2c(C3CCCC3)cccc12,Results_003,5741,0.1,0.1,1,0.9,参考化合物有效条目超过 8 条；该值比组内最高 Activity Level 低至少 0.4，仅删除该记录
Cc1cc(C2CCCC2)nc2c(C3CCCC3)cccc12,Results_003,5742,0.4,0.1,1,0.9,参考化合物有效条目超过 8 条；该值比组内最高 Activity Level 低至少 0.4，仅删除该记录
Cc1cc(C2CCCC2)nc2c(C3CCCC3)cccc12,Results_003,5743,0.4,0.1,1,0.9,参考化合物有效条目超过 8 条；该值比组内最高 Activity Level 低至少 0.4，仅删除该记录
Cc1cc(C2CCCC2)nc2c(C3CCCC3)cccc12,Results_003,5744,0.4,0.1,1,0.9,参考化合物有效条目超过 8 条；该值比组内最高 Activity Level 低至少 0.4，仅删除该记录
Cc1cc(C2CCCC2)nc2c(C3CCCC3)cccc12,Results_003,5745,0.2,0.1,1,0.9,参考化合物有效条目超过 8 条；该值比组内最高 Activity Level 低至少 0.4，仅删除该记录
Cc1cc(C2CCCC2)nc2c(C3CCCC3)cccc12,Results_003,5746,0.4,0.1,1,0.9,参考化合物有效条目超过 8 条；该值比组内最高 Activity Level 低至少 0.4，仅删除该记录
Cc1cc(C2CCCC2)nc2c(C3CCCC3)cccc12,Results_003,5747,0.2,0.1,1,0.9,参考化合物有效条目超过 8 条；该值比组内最高 Activity Level 低至少 0.4，仅删除该记录
CCC1(N2CCC(c3ccccc3)CC2)CCCCC1,Results_002,18848,0.2,0.2,0.8,0.6,参考化合物有效条目超过 8 条；该值比组内最高 Activity Level 低至少 0.4，仅删除该记录
CCC1(N2CCC(c3ccccc3)CC2)CCCCC1,Results_002,18850,0.2,0.2,0.8,0.6,参考化合物有效条目超过 8 条；该值比组内最高 Activity Level 低至少 0.4，仅删除该记录
CCC1(N2CCC(c3ccccc3)CC2)CCCCC1,Results_002,18854,0.2,0.2,0.8,0.6,参考化合物有效条目超过 8 条；该值比组内最高 Activity Level 低至少 0.4，仅删除该记录
CCC1(N2CCC(c3ccccc3)CC2)CCCCC1,Results_002,18855,0.2,0.2,0.8,0.6,参考化合物有效条目超过 8 条；该值比组内最高 Activity Level 低至少 0.4，仅删除该记录
CCC1(N2CCC(c3ccccc3)CC2)CCCCC1,Results_002,18857,0.2,0.2,0.8,0.6,参考化合物有效条目超过 8 条；该值比组内最高 Activity Level 低至少 0.4，仅删除该记录
CCC1(N2CCC(c3ccccc3)CC2)CCCCC1,Results_002,18859,0.2,0.2,0.8,0.6,参考化合物有效条目超过 8 条；该值比组内最高 Activity Level 低至少 0.4，仅删除该记录
CCC1(N2CCC(c3ccccc3)CC2)CCCCC1,Results_002,18860,0.2,0.2,0.8,0.6,参考化合物有效条目超过 8 条；该值比组内最高 Activity Level 低至少 0.4，仅删除该记录
CCC1(N2CCC(c3ccccc3)CC2)CCCCC1,Results_002,18862,0.2,0.2,0.8,0.6,参考化合物有效条目超过 8 条；该值比组内最高 Activity Level 低至少 0.4，仅删除该记录
CCC1(N2CCC(c3ccccc3)CC2)CCCCC1,Results_005,18065,0.2,0.2,0.8,0.6,参考化合物有效条目超过 8 条；该值比组内最高 Activity Level 低至少 0.4，仅删除该记录
CCC1(N2CCC(c3ccccc3)CC2)CCCCC1,Results_005,18068,0.2,0.2,0.8,0.6,参考化合物有效条目超过 8 条；该值比组内最高 Activity Level 低至少 0.4，仅删除该记录
CCC1(N2CCC(c3ccccc3)CC2)CCCCC1,Results_005,18069,0.2,0.2,0.8,0.6,参考化合物有效条目超过 8 条；该值比组内最高 Activity Level 低至少 0.4，仅删除该记录
CCC1(N2CCC(c3ccccc3)CC2)CCCCC1,Results_005,18071,0.2,0.2,0.8,0.6,参考化合物有效条目超过 8 条；该值比组内最高 Activity Level 低至少 0.4，仅删除该记录
O=C(NCCc1ccc(Br)cc1)NC12CC3CC(CC(C3)C1)C2,Results_002,18943,0.2,0.2,0.8,0.6,普通化合物当前有效条目=6，跨度≥0.6；中位数=0.5，左侧=3，右侧=3；两侧数量相同，删除距中位数更远的极端值；等距时删除低值
O=C(NCCc1ccc(Br)cc1)NC12CC3CC(CC(C3)C1)C2,Results_002,18945,0.2,0.2,0.8,0.6,普通化合物当前有效条目=5，跨度≥0.6；中位数=0.8，左侧=2，右侧=0；中位数右侧为空，删除左侧最低值
O=C(NCCc1ccc(Br)cc1)NC12CC3CC(CC(C3)C1)C2,Results_005,18117,0.2,0.2,0.8,0.6,普通化合物当前有效条目=4，跨度≥0.6；中位数=0.8，左侧=1，右侧=0；中位数右侧为空，删除左侧最低值
COc1ccc(-c2cc(N)nc(-n3nc(C)cc3C)n2)cc1,Results_002,18951,0.2,0.2,0.8,0.6,普通化合物当前有效条目=6，跨度≥0.6；中位数=0.5，左侧=3，右侧=3；两侧数量相同，删除距中位数更远的极端值；等距时删除低值
COc1ccc(-c2cc(N)nc(-n3nc(C)cc3C)n2)cc1,Results_002,18953,0.2,0.2,0.8,0.6,普通化合物当前有效条目=5，跨度≥0.6；中位数=0.8，左侧=2，右侧=0；中位数右侧为空，删除左侧最低值
COc1ccc(-c2cc(N)nc(-n3nc(C)cc3C)n2)cc1,Results_005,18121,0.2,0.2,0.8,0.6,普通化合物当前有效条目=4，跨度≥0.6；中位数=0.8，左侧=1，右侧=0；中位数右侧为空，删除左侧最低值
Cc1cc(C)n(-c2nc(N)cc(-c3cccc(F)c3)n2)n1,Results_002,18955,0.2,0.2,0.8,0.6,普通化合物当前有效条目=6，跨度≥0.6；中位数=0.5，左侧=3，右侧=3；两侧数量相同，删除距中位数更远的极端值；等距时删除低值
Cc1cc(C)n(-c2nc(N)cc(-c3cccc(F)c3)n2)n1,Results_002,18957,0.2,0.2,0.8,0.6,普通化合物当前有效条目=5，跨度≥0.6；中位数=0.8，左侧=2，右侧=0；中位数右侧为空，删除左侧最低值
Cc1cc(C)n(-c2nc(N)cc(-c3cccc(F)c3)n2)n1,Results_005,18123,0.2,0.2,0.8,0.6,普通化合物当前有效条目=4，跨度≥0.6；中位数=0.8，左侧=1，右侧=0；中位数右侧为空，删除左侧最低值
c1ccc2c(C3CCN(CC4CCCCC4)CC3)cccc2c1,Results_002,19092,0.4,0.4,0.8,0.4,参考化合物有效条目超过 8 条；该值比组内最高 Activity Level 低至少 0.4，仅删除该记录
c1ccc2c(C3CCN(CC4CCCCC4)CC3)cccc2c1,Results_002,19094,0.4,0.4,0.8,0.4,参考化合物有效条目超过 8 条；该值比组内最高 Activity Level 低至少 0.4，仅删除该记录
c1ccc2c(C3CCN(CC4CCCCC4)CC3)cccc2c1,Results_005,18103,0.4,0.4,0.8,0.4,参考化合物有效条目超过 8 条；该值比组内最高 Activity Level 低至少 0.4，仅删除该记录
O=C(NCCc1cccc(Br)c1)C1(c2cccc(Cl)c2)CCC1,Results_002,19318,0.2,0.2,0.8,0.6,参考化合物有效条目超过 8 条；该值比组内最高 Activity Level 低至少 0.4，仅删除该记录
O=C(NCCc1cccc(Br)c1)C1(c2cccc(Cl)c2)CCC1,Results_002,19319,0.4,0.2,0.8,0.6,参考化合物有效条目超过 8 条；该值比组内最高 Activity Level 低至少 0.4，仅删除该记录
O=C(NCCc1cccc(Br)c1)C1(c2cccc(Cl)c2)CCC1,Results_002,19320,0.4,0.2,0.8,0.6,参考化合物有效条目超过 8 条；该值比组内最高 Activity Level 低至少 0.4，仅删除该记录
O=C(NCCc1cccc(Br)c1)C1(c2cccc(Cl)c2)CCC1,Results_002,19323,0.2,0.2,0.8,0.6,参考化合物有效条目超过 8 条；该值比组内最高 Activity Level 低至少 0.4，仅删除该记录
O=C(NCCc1cccc(Br)c1)C1(c2cccc(Cl)c2)CCC1,Results_002,19324,0.4,0.2,0.8,0.6,参考化合物有效条目超过 8 条；该值比组内最高 Activity Level 低至少 0.4，仅删除该记录
O=C(NCCc1cccc(Br)c1)C1(c2cccc(Cl)c2)CCC1,Results_002,19325,0.4,0.2,0.8,0.6,参考化合物有效条目超过 8 条；该值比组内最高 Activity Level 低至少 0.4，仅删除该记录
O=C(NCCc1cccc(Br)c1)C1(c2cccc(Cl)c2)CCC1,Results_005,18191,0.2,0.2,0.8,0.6,参考化合物有效条目超过 8 条；该值比组内最高 Activity Level 低至少 0.4，仅删除该记录
O=C(NCCc1cccc(Br)c1)C1(c2cccc(Cl)c2)CCC1,Results_005,18192,0.4,0.2,0.8,0.6,参考化合物有效条目超过 8 条；该值比组内最高 Activity Level 低至少 0.4，仅删除该记录
O=C(NCCc1cccc(Br)c1)C1(c2cccc(Cl)c2)CCC1,Results_005,18193,0.4,0.2,0.8,0.6,参考化合物有效条目超过 8 条；该值比组内最高 Activity Level 低至少 0.4，仅删除该记录
O=C(NCCc1cccc(Br)c1)C1(c2ccccc2Cl)CCC1,Results_002,19331,0.6,0.2,1,0.8,参考化合物有效条目超过 8 条；该值比组内最高 Activity Level 低至少 0.4，仅删除该记录
O=C(NCCc1cccc(Br)c1)C1(c2ccccc2Cl)CCC1,Results_002,19332,0.2,0.2,1,0.8,参考化合物有效条目超过 8 条；该值比组内最高 Activity Level 低至少 0.4，仅删除该记录
O=C(NCCc1cccc(Br)c1)C1(c2ccccc2Cl)CCC1,Results_002,19333,0.2,0.2,1,0.8,参考化合物有效条目超过 8 条；该值比组内最高 Activity Level 低至少 0.4，仅删除该记录
O=C(NCCc1cccc(Br)c1)C1(c2ccccc2Cl)CCC1,Results_002,19336,0.6,0.2,1,0.8,参考化合物有效条目超过 8 条；该值比组内最高 Activity Level 低至少 0.4，仅删除该记录
O=C(NCCc1cccc(Br)c1)C1(c2ccccc2Cl)CCC1,Results_002,19337,0.2,0.2,1,0.8,参考化合物有效条目超过 8 条；该值比组内最高 Activity Level 低至少 0.4，仅删除该记录
O=C(NCCc1cccc(Br)c1)C1(c2ccccc2Cl)CCC1,Results_002,19338,0.2,0.2,1,0.8,参考化合物有效条目超过 8 条；该值比组内最高 Activity Level 低至少 0.4，仅删除该记录
O=C(NCCc1cccc(Br)c1)C1(c2ccccc2Cl)CCC1,Results_005,18198,0.6,0.2,1,0.8,参考化合物有效条目超过 8 条；该值比组内最高 Activity Level 低至少 0.4，仅删除该记录
O=C(NCCc1cccc(Br)c1)C1(c2ccccc2Cl)CCC1,Results_005,18199,0.2,0.2,1,0.8,参考化合物有效条目超过 8 条；该值比组内最高 Activity Level 低至少 0.4，仅删除该记录
O=C(NCCc1cccc(Br)c1)C1(c2ccccc2Cl)CCC1,Results_005,18200,0.2,0.2,1,0.8,参考化合物有效条目超过 8 条；该值比组内最高 Activity Level 低至少 0.4，仅删除该记录
O=C(NCCc1cccc(Br)c1)C1(c2ccc(F)cc2)CCC1,Results_002,19348,0.6,0.4,1,0.6,参考化合物有效条目超过 8 条；该值比组内最高 Activity Level 低至少 0.4，仅删除该记录
O=C(NCCc1cccc(Br)c1)C1(c2ccc(F)cc2)CCC1,Results_002,19349,0.4,0.4,1,0.6,参考化合物有效条目超过 8 条；该值比组内最高 Activity Level 低至少 0.4，仅删除该记录
O=C(NCCc1cccc(Br)c1)C1(c2ccc(F)cc2)CCC1,Results_002,19350,0.4,0.4,1,0.6,参考化合物有效条目超过 8 条；该值比组内最高 Activity Level 低至少 0.4，仅删除该记录
O=C(NCCc1cccc(Br)c1)C1(c2ccc(F)cc2)CCC1,Results_002,19353,0.6,0.4,1,0.6,参考化合物有效条目超过 8 条；该值比组内最高 Activity Level 低至少 0.4，仅删除该记录
O=C(NCCc1cccc(Br)c1)C1(c2ccc(F)cc2)CCC1,Results_002,19354,0.4,0.4,1,0.6,参考化合物有效条目超过 8 条；该值比组内最高 Activity Level 低至少 0.4，仅删除该记录
O=C(NCCc1cccc(Br)c1)C1(c2ccc(F)cc2)CCC1,Results_002,19355,0.4,0.4,1,0.6,参考化合物有效条目超过 8 条；该值比组内最高 Activity Level 低至少 0.4，仅删除该记录
O=C(NCCc1cccc(Br)c1)C1(c2ccc(F)cc2)CCC1,Results_005,18208,0.6,0.4,1,0.6,参考化合物有效条目超过 8 条；该值比组内最高 Activity Level 低至少 0.4，仅删除该记录
O=C(NCCc1cccc(Br)c1)C1(c2ccc(F)cc2)CCC1,Results_005,18209,0.4,0.4,1,0.6,参考化合物有效条目超过 8 条；该值比组内最高 Activity Level 低至少 0.4，仅删除该记录
O=C(NCCc1cccc(Br)c1)C1(c2ccc(F)cc2)CCC1,Results_005,18210,0.4,0.4,1,0.6,参考化合物有效条目超过 8 条；该值比组内最高 Activity Level 低至少 0.4，仅删除该记录
O=C(NCCc1cccc(Br)c1)C1(c2ccccc2Br)CCC1,Results_002,19364,0.6,0.2,1,0.8,参考化合物有效条目超过 8 条；该值比组内最高 Activity Level 低至少 0.4，仅删除该记录
O=C(NCCc1cccc(Br)c1)C1(c2ccccc2Br)CCC1,Results_002,19365,0.4,0.2,1,0.8,参考化合物有效条目超过 8 条；该值比组内最高 Activity Level 低至少 0.4，仅删除该记录
O=C(NCCc1cccc(Br)c1)C1(c2ccccc2Br)CCC1,Results_002,19366,0.2,0.2,1,0.8,参考化合物有效条目超过 8 条；该值比组内最高 Activity Level 低至少 0.4，仅删除该记录
O=C(NCCc1cccc(Br)c1)C1(c2ccccc2Br)CCC1,Results_002,19367,0.2,0.2,1,0.8,参考化合物有效条目超过 8 条；该值比组内最高 Activity Level 低至少 0.4，仅删除该记录
O=C(NCCc1cccc(Br)c1)C1(c2ccccc2Br)CCC1,Results_002,19369,0.6,0.2,1,0.8,参考化合物有效条目超过 8 条；该值比组内最高 Activity Level 低至少 0.4，仅删除该记录
O=C(NCCc1cccc(Br)c1)C1(c2ccccc2Br)CCC1,Results_002,19370,0.4,0.2,1,0.8,参考化合物有效条目超过 8 条；该值比组内最高 Activity Level 低至少 0.4，仅删除该记录
O=C(NCCc1cccc(Br)c1)C1(c2ccccc2Br)CCC1,Results_002,19371,0.2,0.2,1,0.8,参考化合物有效条目超过 8 条；该值比组内最高 Activity Level 低至少 0.4，仅删除该记录
O=C(NCCc1cccc(Br)c1)C1(c2ccccc2Br)CCC1,Results_002,19372,0.2,0.2,1,0.8,参考化合物有效条目超过 8 条；该值比组内最高 Activity Level 低至少 0.4，仅删除该记录
O=C(NCCc1cccc(Br)c1)C1(c2ccccc2Br)CCC1,Results_005,18217,0.6,0.2,1,0.8,参考化合物有效条目超过 8 条；该值比组内最高 Activity Level 低至少 0.4，仅删除该记录
O=C(NCCc1cccc(Br)c1)C1(c2ccccc2Br)CCC1,Results_005,18218,0.4,0.2,1,0.8,参考化合物有效条目超过 8 条；该值比组内最高 Activity Level 低至少 0.4，仅删除该记录
O=C(NCCc1cccc(Br)c1)C1(c2ccccc2Br)CCC1,Results_005,18219,0.2,0.2,1,0.8,参考化合物有效条目超过 8 条；该值比组内最高 Activity Level 低至少 0.4，仅删除该记录
O=C(NCCc1cccc(Br)c1)C1(c2ccccc2Br)CCC1,Results_005,18220,0.2,0.2,1,0.8,参考化合物有效条目超过 8 条；该值比组内最高 Activity Level 低至少 0.4，仅删除该记录
Cc1ccccc1C1(C(=O)NCCc2cccc(Br)c2)CCC1,Results_002,19382,0.6,0.2,1,0.8,参考化合物有效条目超过 8 条；该值比组内最高 Activity Level 低至少 0.4，仅删除该记录
Cc1ccccc1C1(C(=O)NCCc2cccc(Br)c2)CCC1,Results_002,19383,0.2,0.2,1,0.8,参考化合物有效条目超过 8 条；该值比组内最高 Activity Level 低至少 0.4，仅删除该记录
Cc1ccccc1C1(C(=O)NCCc2cccc(Br)c2)CCC1,Results_002,19384,0.2,0.2,1,0.8,参考化合物有效条目超过 8 条；该值比组内最高 Activity Level 低至少 0.4，仅删除该记录
Cc1ccccc1C1(C(=O)NCCc2cccc(Br)c2)CCC1,Results_002,19387,0.6,0.2,1,0.8,参考化合物有效条目超过 8 条；该值比组内最高 Activity Level 低至少 0.4，仅删除该记录
Cc1ccccc1C1(C(=O)NCCc2cccc(Br)c2)CCC1,Results_002,19388,0.2,0.2,1,0.8,参考化合物有效条目超过 8 条；该值比组内最高 Activity Level 低至少 0.4，仅删除该记录
Cc1ccccc1C1(C(=O)NCCc2cccc(Br)c2)CCC1,Results_002,19389,0.2,0.2,1,0.8,参考化合物有效条目超过 8 条；该值比组内最高 Activity Level 低至少 0.4，仅删除该记录
Cc1ccccc1C1(C(=O)NCCc2cccc(Br)c2)CCC1,Results_005,18228,0.6,0.2,1,0.8,参考化合物有效条目超过 8 条；该值比组内最高 Activity Level 低至少 0.4，仅删除该记录
Cc1ccccc1C1(C(=O)NCCc2cccc(Br)c2)CCC1,Results_005,18229,0.2,0.2,1,0.8,参考化合物有效条目超过 8 条；该值比组内最高 Activity Level 低至少 0.4，仅删除该记录
Cc1ccccc1C1(C(=O)NCCc2cccc(Br)c2)CCC1,Results_005,18230,0.2,0.2,1,0.8,参考化合物有效条目超过 8 条；该值比组内最高 Activity Level 低至少 0.4，仅删除该记录
CC(=O)NNC(=O)c1cc(C23CC4CC(CC(C4)C2)C3)c2ccccc2n1,Results_004,18788,0,0,1,1,普通化合物当前有效条目=2，跨度≥0.6；中位数=0.5，左侧=1，右侧=1；剩余两条评分跨度达到0.6，保留高值
CC(C)CCOc1ccc(NC(=S)Nc2ccc(OCCC(C)C)cc2)cc1,Results_004,13161,0.4,0.4,1,0.6,参考化合物有效条目超过 8 条；该值比组内最高 Activity Level 低至少 0.4，仅删除该记录
CC(C)CCOc1ccc(NC(=S)Nc2ccc(OCCC(C)C)cc2)cc1,Results_004,13162,0.4,0.4,1,0.6,参考化合物有效条目超过 8 条；该值比组内最高 Activity Level 低至少 0.4，仅删除该记录
CC(C)CCOc1ccc(NC(=S)Nc2ccc(OCCC(C)C)cc2)cc1,Results_004,13163,0.4,0.4,1,0.6,参考化合物有效条目超过 8 条；该值比组内最高 Activity Level 低至少 0.4，仅删除该记录
CC(C)CCOc1ccc(NC(=S)Nc2ccc(OCCC(C)C)cc2)cc1,Results_004,13164,0.4,0.4,1,0.6,参考化合物有效条目超过 8 条；该值比组内最高 Activity Level 低至少 0.4，仅删除该记录
CC(C)CCOc1ccc(NC(=S)Nc2ccc(OCCC(C)C)cc2)cc1,Results_004,13165,0.4,0.4,1,0.6,参考化合物有效条目超过 8 条；该值比组内最高 Activity Level 低至少 0.4，仅删除该记录
CC(C)CCOc1ccc(NC(=S)Nc2ccc(OCCC(C)C)cc2)cc1,Results_004,13166,0.4,0.4,1,0.6,参考化合物有效条目超过 8 条；该值比组内最高 Activity Level 低至少 0.4，仅删除该记录
CC(C)CCOc1ccc(NC(=S)Nc2ccc(OCCC(C)C)cc2)cc1,Results_004,13168,0.4,0.4,1,0.6,参考化合物有效条目超过 8 条；该值比组内最高 Activity Level 低至少 0.4，仅删除该记录
CC(=O)N[C@@H]1[C@@H](O)[C@H](O)[C@@H](CO)O[C@H]1SC(=S)N(C)C,Results_003,93,0.2,0.2,0.8,0.6,普通化合物当前有效条目=5，跨度≥0.6；中位数=0.6，左侧=2，右侧=2；两侧数量相同，删除距中位数更远的极端值；等距时删除低值
C[C@H]1[C@H](C)CC[C@]2(C(=O)O)CC[C@]3(C)C(=CC[C@@H]4[C@@]5(C)CC[C@H](O)C(C)(C)[C@@H]5CC[C@]43C)[C@@H]12,Results_003,132,0.1,0.1,0.6,0.5,参考化合物有效条目超过 8 条；该值比组内最高 Activity Level 低至少 0.4，仅删除该记录
C[C@H]1[C@H](C)CC[C@]2(C(=O)O)CC[C@]3(C)C(=CC[C@@H]4[C@@]5(C)CC[C@H](O)C(C)(C)[C@@H]5CC[C@]43C)[C@@H]12,Results_004,10318,0.2,0.1,0.6,0.5,参考化合物有效条目超过 8 条；该值比组内最高 Activity Level 低至少 0.4，仅删除该记录
O=C(/C=C/c1cccc(Cl)c1)N1N=C(c2ccncc2)OC1c1c[nH]c2ccccc12,Results_003,815,0.125,0.125,0.75,0.625,普通化合物当前有效条目=2，跨度≥0.6；中位数=0.4375，左侧=1，右侧=1；剩余两条评分跨度达到0.6，保留高值
CNC[C@@H](Cc1ccccc1)N1CCN(CCC23CC4CC(CC(C4)C2)C3)[C@H](C(C)C)C1,Results_003,1029,0,0,1,1,普通化合物当前有效条目=8，跨度≥0.6；中位数=0.55，左侧=4，右侧=4；两侧数量相同，删除距中位数更远的极端值；等距时删除低值
CNC[C@@H](Cc1ccccc1)N1CCN(CCC23CC4CC(CC(C4)C2)C3)[C@H](C(C)C)C1,Results_003,1028,1,0,1,1,普通化合物当前有效条目=7，跨度≥0.6；中位数=0.6，左侧=3，右侧=1；删除记录数较少一侧的最外侧值
CNC[C@@H](Cc1ccccc1)N1CCN(CCC23CC4CC(CC(C4)C2)C3)[C@H](C(C)C)C1,Results_003,1031,0,0,0.6,0.6,普通化合物当前有效条目=6，跨度≥0.6；中位数=0.55，左侧=3，右侧=3；两侧数量相同，删除距中位数更远的极端值；等距时删除低值
Cc1c(CN2CCSCC2)cc(-c2ccc(F)cc2)n1-c1ccccc1F,Results_003,6621,0.2,0.2,1,0.8,参考化合物有效条目超过 8 条；该值比组内最高 Activity Level 低至少 0.4，仅删除该记录
Cc1c(CN2CCSCC2)cc(-c2ccc(F)cc2)n1-c1ccccc1F,Results_004,13677,0.2,0.2,1,0.8,参考化合物有效条目超过 8 条；该值比组内最高 Activity Level 低至少 0.4，仅删除该记录
O=C(OCc1ccccc1)c1coc(-c2ccccc2)n1,Results_005,4229,0.4,0.4,1,0.6,参考化合物有效条目超过 8 条；该值比组内最高 Activity Level 低至少 0.4，仅删除该记录
Nc1ccc(-c2nc(C(=O)OCc3ccccc3)co2)cc1,Results_003,1916,0.2,0.2,1,0.8,普通化合物当前有效条目=2，跨度≥0.6；中位数=0.6，左侧=1，右侧=1；剩余两条评分跨度达到0.6，保留高值
Cc1oc(-c2ccccc2)nc1C(=O)OCc1ccccc1,Results_003,1939,0.1,0.1,0.8,0.7,普通化合物当前有效条目=2，跨度≥0.6；中位数=0.45，左侧=1，右侧=1；剩余两条评分跨度达到0.6，保留高值
CC1=C(C(=O)Nc2ccc(C)cc2)C(c2ccc[nH]2)C(C(=O)Nc2ccc(C)cc2)=C(C)N1,Results_003,2005,0,0,0.6,0.6,普通化合物当前有效条目=2，跨度≥0.6；中位数=0.3，左侧=1，右侧=1；剩余两条评分跨度达到0.6，保留高值
CCCCNc1sc(-c2ccc(OCc3c(Cl)cccc3Cl)cc2)cc1C(=O)O,Results_003,2137,0.8,0.1,0.8,0.7,普通化合物当前有效条目=3，跨度≥0.6；中位数=0.1，左侧=0，右侧=1；中位数左侧为空，删除右侧最高值
O=c1cc(COc2cccc(I)c2)c2cc(Cl)ccc2o1,Results_003,8440,0,0,0.6,0.6,普通化合物当前有效条目=4，跨度≥0.6；中位数=0.6，左侧=1，右侧=0；中位数右侧为空，删除左侧最低值
O=C(NN=C1CCCCC1)c1ccncc1,Results_003,2826,0.1,0.1,1,0.9,普通化合物当前有效条目=8，跨度≥0.6；中位数=1，左侧=2，右侧=0；中位数右侧为空，删除左侧最低值
O=C(N/N=C/c1ccc(Oc2no[n+]([O-])c2S(=O)(=O)c2ccccc2)cc1)c1ccncc1,Results_005,11459,0.6,0.4,1,0.6,参考化合物有效条目超过 8 条；该值比组内最高 Activity Level 低至少 0.4，仅删除该记录
O=C(N/N=C/c1ccc(Oc2no[n+]([O-])c2S(=O)(=O)c2ccccc2)cc1)c1ccncc1,Results_005,11460,0.6,0.4,1,0.6,参考化合物有效条目超过 8 条；该值比组内最高 Activity Level 低至少 0.4，仅删除该记录
O=C(N/N=C/c1ccc(Oc2no[n+]([O-])c2S(=O)(=O)c2ccccc2)cc1)c1ccncc1,Results_005,11462,0.4,0.4,1,0.6,参考化合物有效条目超过 8 条；该值比组内最高 Activity Level 低至少 0.4，仅删除该记录
O=C(N/N=C/c1ccc(Oc2no[n+]([O-])c2S(=O)(=O)c2ccccc2)cc1)c1ccncc1,Results_005,11463,0.6,0.4,1,0.6,参考化合物有效条目超过 8 条；该值比组内最高 Activity Level 低至少 0.4，仅删除该记录
O=C(N/N=C/c1ccc(Oc2no[n+]([O-])c2S(=O)(=O)c2ccccc2)cc1)c1ccncc1,Results_005,11467,0.6,0.4,1,0.6,参考化合物有效条目超过 8 条；该值比组内最高 Activity Level 低至少 0.4，仅删除该记录
O=C(N/N=C/c1ccc(Oc2no[n+]([O-])c2S(=O)(=O)c2ccccc2)cc1)c1ccncc1,Results_005,11468,0.6,0.4,1,0.6,参考化合物有效条目超过 8 条；该值比组内最高 Activity Level 低至少 0.4，仅删除该记录
O=C(N/N=C/c1cccc(Oc2no[n+]([O-])c2S(=O)(=O)c2ccccc2)c1)c1ccncc1,Results_003,3127,0.6,0.4,1,0.6,参考化合物有效条目超过 8 条；该值比组内最高 Activity Level 低至少 0.4，仅删除该记录
O=C(N/N=C/c1cccc(Oc2no[n+]([O-])c2S(=O)(=O)c2ccccc2)c1)c1ccncc1,Results_003,3129,0.6,0.4,1,0.6,参考化合物有效条目超过 8 条；该值比组内最高 Activity Level 低至少 0.4，仅删除该记录
O=C(N/N=C/c1cccc(Oc2no[n+]([O-])c2S(=O)(=O)c2ccccc2)c1)c1ccncc1,Results_003,3132,0.6,0.4,1,0.6,参考化合物有效条目超过 8 条；该值比组内最高 Activity Level 低至少 0.4，仅删除该记录
O=C(N/N=C/c1cccc(Oc2no[n+]([O-])c2S(=O)(=O)c2ccccc2)c1)c1ccncc1,Results_005,11442,0.6,0.4,1,0.6,参考化合物有效条目超过 8 条；该值比组内最高 Activity Level 低至少 0.4，仅删除该记录
O=C(N/N=C/c1cccc(Oc2no[n+]([O-])c2S(=O)(=O)c2ccccc2)c1)c1ccncc1,Results_005,11443,0.6,0.4,1,0.6,参考化合物有效条目超过 8 条；该值比组内最高 Activity Level 低至少 0.4，仅删除该记录
O=C(N/N=C/c1cccc(Oc2no[n+]([O-])c2S(=O)(=O)c2ccccc2)c1)c1ccncc1,Results_005,11444,0.4,0.4,1,0.6,参考化合物有效条目超过 8 条；该值比组内最高 Activity Level 低至少 0.4，仅删除该记录
O=C(N/N=C/c1cccc(Oc2no[n+]([O-])c2S(=O)(=O)c2ccccc2)c1)c1ccncc1,Results_005,11446,0.4,0.4,1,0.6,参考化合物有效条目超过 8 条；该值比组内最高 Activity Level 低至少 0.4，仅删除该记录
CCCCOc1ccc(NC(=O)Nc2ccccc2C)cc1,Results_003,3213,0,0,0.6,0.6,普通化合物当前有效条目=4，跨度≥0.6；中位数=0.3，左侧=2，右侧=2；两侧数量相同，删除距中位数更远的极端值；等距时删除低值
CCCCOc1ccc(NC(=O)Nc2ccccc2C)cc1,Results_003,3215,0,0,0.6,0.6,普通化合物当前有效条目=3，跨度≥0.6；中位数=0.6，左侧=1，右侧=0；中位数右侧为空，删除左侧最低值
CC(C)=CCOc1ccc(NC(=O)Nc2cccc(C#N)c2)cc1,Results_003,3284,0,0,0.6,0.6,普通化合物当前有效条目=4，跨度≥0.6；中位数=0.35，左侧=2，右侧=2；两侧数量相同，删除距中位数更远的极端值；等距时删除低值
CSc1ccc2c(c1)N(CCC1CCCCN1C)c1ccccc1S2,Results_003,3347,0.6,0.4,1,0.6,参考化合物有效条目超过 8 条；该值比组内最高 Activity Level 低至少 0.4，仅删除该记录
CSc1ccc2c(c1)N(CCC1CCCCN1C)c1ccccc1S2,Results_003,3348,0.6,0.4,1,0.6,参考化合物有效条目超过 8 条；该值比组内最高 Activity Level 低至少 0.4，仅删除该记录
CSc1ccc2c(c1)N(CCC1CCCCN1C)c1ccccc1S2,Results_003,3349,0.6,0.4,1,0.6,参考化合物有效条目超过 8 条；该值比组内最高 Activity Level 低至少 0.4，仅删除该记录
CSc1ccc2c(c1)N(CCC1CCCCN1C)c1ccccc1S2,Results_003,3350,0.6,0.4,1,0.6,参考化合物有效条目超过 8 条；该值比组内最高 Activity Level 低至少 0.4，仅删除该记录
CSc1ccc2c(c1)N(CCC1CCCCN1C)c1ccccc1S2,Results_003,3351,0.6,0.4,1,0.6,参考化合物有效条目超过 8 条；该值比组内最高 Activity Level 低至少 0.4，仅删除该记录
CSc1ccc2c(c1)N(CCC1CCCCN1C)c1ccccc1S2,Results_003,15657,0.6,0.4,1,0.6,参考化合物有效条目超过 8 条；该值比组内最高 Activity Level 低至少 0.4，仅删除该记录
CSc1ccc2c(c1)N(CCC1CCCCN1C)c1ccccc1S2,Results_003,15658,0.4,0.4,1,0.6,参考化合物有效条目超过 8 条；该值比组内最高 Activity Level 低至少 0.4，仅删除该记录
CSc1ccc2c(c1)N(CCC1CCCCN1C)c1ccccc1S2,Results_005,3900,0.4,0.4,1,0.6,参考化合物有效条目超过 8 条；该值比组内最高 Activity Level 低至少 0.4，仅删除该记录
CSc1ccc2c(c1)N(CCC1CCCCN1C)c1ccccc1S2,Results_006,434,0.4,0.4,1,0.6,参考化合物有效条目超过 8 条；该值比组内最高 Activity Level 低至少 0.4，仅删除该记录
CSc1ccc2c(c1)N(CCC1CCCCN1C)c1ccccc1S2,Results_006,851,0.6,0.4,1,0.6,参考化合物有效条目超过 8 条；该值比组内最高 Activity Level 低至少 0.4，仅删除该记录
CSc1ccc2c(c1)N(CCC1CCCCN1)c1ccccc1S2,Results_003,3352,0.6,0,0.6,0.6,普通化合物当前有效条目=5，跨度≥0.6；中位数=0，左侧=0，右侧=1；中位数左侧为空，删除右侧最高值
Clc1ccc2c(c1)N(CCC1CCCCN1)c1ccccc1S2,Results_003,3396,0.8,0.2,0.8,0.6,普通化合物当前有效条目=5，跨度≥0.6；中位数=0.6，左侧=2，右侧=1；删除记录数较少一侧的最外侧值
CNC1CCCN(c2c(F)cc3c(=O)c(C(=O)O)cn(C4CC4)c3c2OC)C1,Results_004,12331,1,0.4,1,0.6,普通化合物当前有效条目=3，跨度≥0.6；中位数=0.6，左侧=1，右侧=1；两侧数量相同，删除距中位数更远的极端值；等距时删除低值
CNC(=O)NNC(=O)c1ccncc1,Results_003,3681,1,0.4,1,0.6,普通化合物当前有效条目=7，跨度≥0.6；中位数=0.4，左侧=0，右侧=3；中位数左侧为空，删除右侧最高值
CCNC(=O)NNC(=O)c1ccncc1,Results_003,3688,1,0.2,1,0.8,普通化合物当前有效条目=7，跨度≥0.6；中位数=0.2，左侧=0，右侧=2；中位数左侧为空，删除右侧最高值
CCNC(=O)NNC(=O)c1ccncc1,Results_003,15249,0.8,0.2,0.8,0.6,普通化合物当前有效条目=6，跨度≥0.6；中位数=0.2，左侧=0，右侧=1；中位数左侧为空，删除右侧最高值
O=C(C1CCCCC1)N1CCN(S(=O)(=O)c2cccc3cnccc23)CC1,Results_003,4042,0.1,0.1,1,0.9,普通化合物当前有效条目=7，跨度≥0.6；中位数=1，左侧=3，右侧=0；中位数右侧为空，删除左侧最低值
O=C(C1CCCCC1)N1CCN(S(=O)(=O)c2cccc3cnccc23)CC1,Results_003,4044,0.1,0.1,1,0.9,普通化合物当前有效条目=6，跨度≥0.6；中位数=1，左侧=2，右侧=0；中位数右侧为空，删除左侧最低值
O=C(C1CCCCC1)N1CCN(S(=O)(=O)c2cccc3cnccc23)CC1,Results_003,4046,0.1,0.1,1,0.9,普通化合物当前有效条目=5，跨度≥0.6；中位数=1，左侧=1，右侧=0；中位数右侧为空，删除左侧最低值
O=C(Nc1ccc2c(c1)OCO2)N1CCN(S(=O)(=O)c2cccc3cnccc23)CC1,Results_003,4092,0.2,0.2,0.8,0.6,普通化合物当前有效条目=6，跨度≥0.6；中位数=0.5，左侧=3，右侧=3；两侧数量相同，删除距中位数更远的极端值；等距时删除低值
O=C(Nc1ccc2c(c1)OCO2)N1CCN(S(=O)(=O)c2cccc3cnccc23)CC1,Results_003,4094,0.2,0.2,0.8,0.6,普通化合物当前有效条目=5，跨度≥0.6；中位数=0.8，左侧=2，右侧=0；中位数右侧为空，删除左侧最低值
O=C(Nc1ccc2c(c1)OCO2)N1CCN(S(=O)(=O)c2cccc3cnccc23)CC1,Results_003,4096,0.2,0.2,0.8,0.6,普通化合物当前有效条目=4，跨度≥0.6；中位数=0.8，左侧=1，右侧=0；中位数右侧为空，删除左侧最低值
CC(C)(C)OC(=O)N1CCCN(C(=O)Nc2ccc3c(c2)OCO3)CC1,Results_003,4110,0.2,0.2,0.8,0.6,普通化合物当前有效条目=6，跨度≥0.6；中位数=0.5，左侧=3，右侧=3；两侧数量相同，删除距中位数更远的极端值；等距时删除低值
CC(C)(C)OC(=O)N1CCCN(C(=O)Nc2ccc3c(c2)OCO3)CC1,Results_003,4112,0.2,0.2,0.8,0.6,普通化合物当前有效条目=5，跨度≥0.6；中位数=0.8，左侧=2，右侧=0；中位数右侧为空，删除左侧最低值
CC(C)(C)OC(=O)N1CCCN(C(=O)Nc2ccc3c(c2)OCO3)CC1,Results_003,4114,0.2,0.2,0.8,0.6,普通化合物当前有效条目=4，跨度≥0.6；中位数=0.8，左侧=1，右侧=0；中位数右侧为空，删除左侧最低值
CC1CN(C(=O)OC(C)(C)C)CCN1C(=O)Nc1ccc2c(c1)OCO2,Results_003,4116,0.2,0.2,0.8,0.6,普通化合物当前有效条目=6，跨度≥0.6；中位数=0.5，左侧=3，右侧=3；两侧数量相同，删除距中位数更远的极端值；等距时删除低值
CC1CN(C(=O)OC(C)(C)C)CCN1C(=O)Nc1ccc2c(c1)OCO2,Results_003,4118,0.2,0.2,0.8,0.6,普通化合物当前有效条目=5，跨度≥0.6；中位数=0.8，左侧=2，右侧=0；中位数右侧为空，删除左侧最低值
CC1CN(C(=O)OC(C)(C)C)CCN1C(=O)Nc1ccc2c(c1)OCO2,Results_003,4120,0.2,0.2,0.8,0.6,普通化合物当前有效条目=4，跨度≥0.6；中位数=0.8，左侧=1，右侧=0；中位数右侧为空，删除左侧最低值
O=C(NCc1ccccc1)N1CCN(S(=O)(=O)c2cccc3cnccc23)CC1,Results_003,4122,0.2,0.2,0.8,0.6,普通化合物当前有效条目=6，跨度≥0.6；中位数=0.5，左侧=3，右侧=3；两侧数量相同，删除距中位数更远的极端值；等距时删除低值
O=C(NCc1ccccc1)N1CCN(S(=O)(=O)c2cccc3cnccc23)CC1,Results_003,4124,0.2,0.2,0.8,0.6,普通化合物当前有效条目=5，跨度≥0.6；中位数=0.8，左侧=2，右侧=0；中位数右侧为空，删除左侧最低值
O=C(NCc1ccccc1)N1CCN(S(=O)(=O)c2cccc3cnccc23)CC1,Results_003,4126,0.2,0.2,0.8,0.6,普通化合物当前有效条目=4，跨度≥0.6；中位数=0.8，左侧=1，右侧=0；中位数右侧为空，删除左侧最低值
COc1cccc(CNC(=O)N2CCN(S(=O)(=O)c3cccc4cnccc34)CC2)c1,Results_003,4130,0,0,0.8,0.8,普通化合物当前有效条目=6，跨度≥0.6；中位数=0.5，左侧=3，右侧=3；两侧数量相同，删除距中位数更远的极端值；等距时删除低值
COc1cccc(CNC(=O)N2CCN(S(=O)(=O)c3cccc4cnccc34)CC2)c1,Results_003,4128,0.2,0.2,0.8,0.6,普通化合物当前有效条目=5，跨度≥0.6；中位数=0.8，左侧=2，右侧=0；中位数右侧为空，删除左侧最低值
COc1cccc(CNC(=O)N2CCN(S(=O)(=O)c3cccc4cnccc34)CC2)c1,Results_003,4132,0.2,0.2,0.8,0.6,普通化合物当前有效条目=4，跨度≥0.6；中位数=0.8，左侧=1，右侧=0；中位数右侧为空，删除左侧最低值
O=C(Nc1ccc(Cl)c([N+](=O)[O-])c1)N1CCN(S(=O)(=O)c2cccc3cnccc23)CC1,Results_003,4170,0.2,0.2,0.8,0.6,普通化合物当前有效条目=2，跨度≥0.6；中位数=0.5，左侧=1，右侧=1；剩余两条评分跨度达到0.6，保留高值
CON=C1CCC(CN2CCN(c3nc(=O)c4cc(C(F)(F)F)cc([N+](=O)[O-])c4s3)CC2)CC1,Results_003,4285,0.2,0.2,1,0.8,普通化合物当前有效条目=6，跨度≥0.6；中位数=1，左侧=1，右侧=0；中位数右侧为空，删除左侧最低值
CCON=C1CCC(CN2CCN(c3nc(=O)c4cc(C(F)(F)F)cc([N+](=O)[O-])c4s3)CC2)CC1,Results_003,4290,0.4,0.4,1,0.6,普通化合物当前有效条目=5，跨度≥0.6；中位数=1，左侧=1，右侧=0；中位数右侧为空，删除左侧最低值
COc1ccc2nc(C)cc(OCC(=O)c3ccccc3)c2c1,Results_003,4422,0.4,0.4,1,0.6,普通化合物当前有效条目=7，跨度≥0.6；中位数=1，左侧=1，右侧=0；中位数右侧为空，删除左侧最低值
COc1ccc2nc(C)cc(OCc3ccc(Cl)c(Cl)c3)c2c1,Results_003,4457,0.6,0.6,1,0.4,参考化合物有效条目超过 8 条；该值比组内最高 Activity Level 低至少 0.4，仅删除该记录
CCOC(=O)c1cn(C)c2c(cc([N+](=O)[O-])c3cccnc32)c1=O,Results_003,4712,1,0.4,1,0.6,普通化合物当前有效条目=8，跨度≥0.6；中位数=0.4，左侧=0，右侧=3；中位数左侧为空，删除右侧最高值
CCOC(=O)c1cn(C)c2c(cc([N+](=O)[O-])c3cccnc32)c1=O,Results_003,4714,1,0.4,1,0.6,普通化合物当前有效条目=7，跨度≥0.6；中位数=0.4，左侧=0，右侧=2；中位数左侧为空，删除右侧最高值
CCOC(=O)c1cn(C)c2c(cc([N+](=O)[O-])c3cccnc32)c1=O,Results_003,4719,1,0.4,1,0.6,普通化合物当前有效条目=6，跨度≥0.6；中位数=0.4，左侧=0，右侧=1；中位数左侧为空，删除右侧最高值
COc1ccc(-c2c3c([nH]c(=O)c2C#N)-c2ccccc2CC3)cc1O,Results_003,4800,0.8,0.1,0.8,0.7,普通化合物当前有效条目=3，跨度≥0.6；中位数=0.4，左侧=1，右侧=1；两侧数量相同，删除距中位数更远的极端值；等距时删除低值
COc1ccc(OC)c(-c2c3c([nH]c(=O)c2C#N)-c2ccccc2CC3)c1,Results_003,4806,0.1,0.1,0.8,0.7,普通化合物当前有效条目=3，跨度≥0.6；中位数=0.6，左侧=1，右侧=1；两侧数量相同，删除距中位数更远的极端值；等距时删除低值
N#Cc1c(-c2cccc([N+](=O)[O-])c2)c2c([nH]c1=O)-c1ccccc1CC2,Results_003,4813,0.2,0.2,0.8,0.6,普通化合物当前有效条目=3，跨度≥0.6；中位数=0.6，左侧=1，右侧=1；两侧数量相同，删除距中位数更远的极端值；等距时删除低值
N#Cc1c(-c2ccc(Cl)cc2Cl)c2c([nH]c1=O)-c1ccccc1CC2,Results_003,4814,0.8,0,0.8,0.8,普通化合物当前有效条目=3，跨度≥0.6；中位数=0.2，左侧=1，右侧=1；两侧数量相同，删除距中位数更远的极端值；等距时删除低值
Cc1cccc(-c2c(O)c3scc(Br)c3[nH]c2=O)c1,Results_003,4823,1,0,1,1,普通化合物当前有效条目=6，跨度≥0.6；中位数=0.2，左侧=2，右侧=2；两侧数量相同，删除距中位数更远的极端值；等距时删除低值
Cc1cccc(-c2c(O)c3scc(Br)c3[nH]c2=O)c1,Results_003,4824,0.8,0,0.8,0.8,普通化合物当前有效条目=5，跨度≥0.6；中位数=0.2，左侧=2，右侧=1；删除记录数较少一侧的最外侧值
Cc1ccccc1NC(=O)c1cccc2nc3ccccc3nc12,Results_003,4945,0,0,1,1,普通化合物当前有效条目=4，跨度≥0.6；中位数=0.9，左侧=2，右侧=2；两侧数量相同，删除距中位数更远的极端值；等距时删除低值
O=C(Nc1ccccc1C(F)(F)F)c1cccc2nc3ccccc3nc12,Results_003,4950,0,0,1,1,普通化合物当前有效条目=3，跨度≥0.6；中位数=0.75，左侧=1，右侧=1；两侧数量相同，删除距中位数更远的极端值；等距时删除低值
O=C(Nc1ccc(C(F)(F)F)cc1)c1cccc2nc3ccccc3nc12,Results_003,4959,0,0,1,1,普通化合物当前有效条目=4，跨度≥0.6；中位数=0.5，左侧=2，右侧=2；两侧数量相同，删除距中位数更远的极端值；等距时删除低值
O=C(Nc1ccc(C(F)(F)F)cc1)c1cccc2nc3ccccc3nc12,Results_003,4960,0,0,1,1,普通化合物当前有效条目=3，跨度≥0.6；中位数=1，左侧=1，右侧=0；中位数右侧为空，删除左侧最低值
COc1cccc(NC(=O)c2cccc3nc4ccccc4nc23)c1,Results_003,4964,0,0,1,1,普通化合物当前有效条目=3，跨度≥0.6；中位数=1，左侧=1，右侧=0；中位数右侧为空，删除左侧最低值
Cc1nn(-c2ccccc2)c(Oc2ccc(Br)cc2)c1/C=N/N=c1\sc2ccccc2n1C,Results_003,5332,0.8,0,0.8,0.8,普通化合物当前有效条目=3，跨度≥0.6；中位数=0.2，左侧=1，右侧=1；两侧数量相同，删除距中位数更远的极端值；等距时删除低值
Cc1ccc(Oc2c(/C=N/N=c3\sc4ccccc4n3C)c(C)nn2-c2ccccc2)cc1,Results_003,5335,0.6,0,0.6,0.6,普通化合物当前有效条目=3，跨度≥0.6；中位数=0.1，左侧=1，右侧=1；两侧数量相同，删除距中位数更远的极端值；等距时删除低值
CC(=O)Nc1ccc(Oc2c(/C=N/N=c3\sc4ccccc4n3C)c(C)nn2-c2ccccc2)cc1,Results_003,5338,0.6,0,0.6,0.6,普通化合物当前有效条目=3，跨度≥0.6；中位数=0，左侧=0，右侧=1；中位数左侧为空，删除右侧最高值
Cc1cccc(Oc2c(/C=N/N=c3\sc4ccccc4n3C)c(C)nn2-c2ccccc2)c1,Results_003,5344,0.6,0,0.6,0.6,普通化合物当前有效条目=3，跨度≥0.6；中位数=0，左侧=0，右侧=1；中位数左侧为空，删除右侧最高值
CC(=O)Nc1cccc(Oc2c(/C=N/N=c3\sc4ccccc4n3C)c(C)nn2-c2ccccc2)c1,Results_003,5347,0.6,0,0.6,0.6,普通化合物当前有效条目=3，跨度≥0.6；中位数=0.2，左侧=1，右侧=1；两侧数量相同，删除距中位数更远的极端值；等距时删除低值
Cc1nn(-c2ccccc2)c(Oc2c(Cl)cccc2Cl)c1/C=N/N=c1\sc2ccccc2n1C,Results_003,5355,0,0,0.8,0.8,普通化合物当前有效条目=3，跨度≥0.6；中位数=0.4，左侧=1，右侧=1；两侧数量相同，删除距中位数更远的极端值；等距时删除低值
COc1cc(Cl)cc(Oc2c(/C=N/N=c3\sc4ccccc4n3C)c(C)nn2-c2ccccc2)c1,Results_003,5361,0.2,0.2,0.8,0.6,普通化合物当前有效条目=3，跨度≥0.6；中位数=0.6，左侧=1，右侧=1；两侧数量相同，删除距中位数更远的极端值；等距时删除低值
Cc1nn(-c2ccccc2)c(N2CCCCC2)c1/C=N/N=c1\sc2ccccc2n1C,Results_003,5362,0.6,0,0.6,0.6,普通化合物当前有效条目=3，跨度≥0.6；中位数=0，左侧=0，右侧=1；中位数左侧为空，删除右侧最高值
Cc1nn(-c2ccccc2)c(N2CCOCC2)c1/C=N/N=c1\sc2ccccc2n1C,Results_003,5365,0.6,0,0.6,0.6,普通化合物当前有效条目=3，跨度≥0.6；中位数=0.2，左侧=1，右侧=1；两侧数量相同，删除距中位数更远的极端值；等距时删除低值
Cc1nn(-c2ccccc2)c(N2CCN(C)CC2)c1/C=N/N=c1\sc2ccccc2n1C,Results_003,5370,0,0,0.8,0.8,普通化合物当前有效条目=3，跨度≥0.6；中位数=0.4，左侧=1，右侧=1；两侧数量相同，删除距中位数更远的极端值；等距时删除低值
Cc1nn(-c2ccccc2)c(N2CCCC2)c1/C=N/N=c1\sc2ccccc2n1C,Results_003,5371,1,0.4,1,0.6,普通化合物当前有效条目=3，跨度≥0.6；中位数=0.6，左侧=1，右侧=1；两侧数量相同，删除距中位数更远的极端值；等距时删除低值
COc1ccc(-c2cc(=O)c3c(OC)cc(OC)c(C4C(=O)c5c(OC)cc(OC)cc5OC4c4ccc(OC)cc4)c3o2)cc1,Results_003,5708,0,0,1,1,普通化合物当前有效条目=2，跨度≥0.6；中位数=0.5，左侧=1，右侧=1；剩余两条评分跨度达到0.6，保留高值
O=c1[nH]c(SCc2cc([N+](=O)[O-])cc([N+](=O)[O-])c2)nc2ccccc12,Results_003,5789,1,0.4,1,0.6,普通化合物当前有效条目=6，跨度≥0.6；中位数=0.6，左侧=3，右侧=3；两侧数量相同，删除距中位数更远的极端值；等距时删除低值
O=c1[nH]c(SCc2cc([N+](=O)[O-])cc([N+](=O)[O-])c2)nc2ccccc12,Results_003,5794,1,0.4,1,0.6,普通化合物当前有效条目=5，跨度≥0.6；中位数=0.4，左侧=0，右侧=2；中位数左侧为空，删除右侧最高值
Cc1ccc2nc(SCc3cc([N+](=O)[O-])cc([N+](=O)[O-])c3)[nH]c(=O)c2c1,Results_003,5851,1,0.4,1,0.6,普通化合物当前有效条目=6，跨度≥0.6；中位数=0.4，左侧=0，右侧=2；中位数左侧为空，删除右侧最高值
Cc1ccc2nc(SCc3cc([N+](=O)[O-])cc([N+](=O)[O-])c3)[nH]c(=O)c2c1,Results_003,5856,1,0.4,1,0.6,普通化合物当前有效条目=5，跨度≥0.6；中位数=0.4，左侧=0，右侧=1；中位数左侧为空，删除右侧最高值
O=c1[nH]c(SCc2cc([N+](=O)[O-])cc([N+](=O)[O-])c2)nc2ccc(F)cc12,Results_003,5857,1,0.4,1,0.6,普通化合物当前有效条目=6，跨度≥0.6；中位数=0.6，左侧=3，右侧=3；两侧数量相同，删除距中位数更远的极端值；等距时删除低值
O=c1[nH]c(SCc2cc([N+](=O)[O-])cc([N+](=O)[O-])c2)nc2ccc(F)cc12,Results_003,5862,1,0.4,1,0.6,普通化合物当前有效条目=5，跨度≥0.6；中位数=0.4，左侧=0，右侧=2；中位数左侧为空，删除右侧最高值
CN1CN(C2CCCC2)Cc2c(O)ccc3oc(-c4ccc(O)cc4)c(c23)C1=O,Results_003,6050,1,0.1,1,0.9,普通化合物当前有效条目=5，跨度≥0.6；中位数=0.1，左侧=0，右侧=2；中位数左侧为空，删除右侧最高值
CN1CN(CC2CC2)Cc2c(O)ccc3oc(-c4ccc(O)cc4)c(c23)C1=O,Results_003,6057,1,0.1,1,0.9,普通化合物当前有效条目=5，跨度≥0.6；中位数=0.1，左侧=0，右侧=1；中位数左侧为空，删除右侧最高值
CN1CN(CC2CCC2)Cc2c(O)ccc3oc(-c4ccc(O)cc4)c(c23)C1=O,Results_003,6063,0.1,0.1,1,0.9,普通化合物当前有效条目=7，跨度≥0.6；中位数=0.6，左侧=3，右侧=3；两侧数量相同，删除距中位数更远的极端值；等距时删除低值
CN1CN(CC2CCC2)Cc2c(O)ccc3oc(-c4ccc(O)cc4)c(c23)C1=O,Results_003,6064,0.1,0.1,1,0.9,普通化合物当前有效条目=6，跨度≥0.6；中位数=0.8，左侧=3，右侧=3；两侧数量相同，删除距中位数更远的极端值；等距时删除低值
CN1CN(CC2CCC2)Cc2c(O)ccc3oc(-c4ccc(O)cc4)c(c23)C1=O,Results_003,6065,0.1,0.1,1,0.9,普通化合物当前有效条目=5，跨度≥0.6；中位数=1，左侧=2，右侧=0；中位数右侧为空，删除左侧最低值
Cn1c(Cc2ccccc2C(F)(F)F)nc(C(=O)NCC2CCCCC2)c(O)c1=O,Results_003,6219,0.2,0.2,0.8,0.6,普通化合物当前有效条目=4，跨度≥0.6；中位数=0.5，左侧=2，右侧=2；两侧数量相同，删除距中位数更远的极端值；等距时删除低值
Cn1c(Cc2ccccc2C(F)(F)F)nc(C(=O)NCC2CCCCC2)c(O)c1=O,Results_003,6221,0.2,0.2,0.8,0.6,普通化合物当前有效条目=3，跨度≥0.6；中位数=0.8，左侧=1，右侧=0；中位数右侧为空，删除左侧最低值
Cn1c(Cc2ccccc2C(F)(F)F)nc(C(=O)CCc2ccccc2)c(O)c1=O,Results_003,6265,0.8,0,0.8,0.8,普通化合物当前有效条目=3，跨度≥0.6；中位数=0.2，左侧=1，右侧=1；两侧数量相同，删除距中位数更远的极端值；等距时删除低值
COC(=O)c1c(C)[n+]([O-])c2ccc(C)cc2[n+]1[O-],Results_006,1798,0.2,0.2,0.8,0.6,参考化合物有效条目超过 8 条；该值比组内最高 Activity Level 低至少 0.4，仅删除该记录
COC(=O)c1c(C)[n+]([O-])c2ccc(C)cc2[n+]1[O-],Results_006,1800,0.2,0.2,0.8,0.6,参考化合物有效条目超过 8 条；该值比组内最高 Activity Level 低至少 0.4，仅删除该记录
CCOC(=O)c1c(C)[n+]([O-])c2cc(C)c(C)cc2[n+]1[O-],Results_003,6513,0.6,0.4,1,0.6,参考化合物有效条目超过 8 条；该值比组内最高 Activity Level 低至少 0.4，仅删除该记录
CCOC(=O)c1c(C)[n+]([O-])c2cc(C)c(C)cc2[n+]1[O-],Results_006,1804,0.6,0.4,1,0.6,参考化合物有效条目超过 8 条；该值比组内最高 Activity Level 低至少 0.4，仅删除该记录
CCOC(=O)c1c(C)[n+]([O-])c2cc(C)c(C)cc2[n+]1[O-],Results_006,1808,0.4,0.4,1,0.6,参考化合物有效条目超过 8 条；该值比组内最高 Activity Level 低至少 0.4，仅删除该记录
CCOC(=O)c1c(C)[n+]([O-])c2cc(C)c(C)cc2[n+]1[O-],Results_006,1810,0.6,0.4,1,0.6,参考化合物有效条目超过 8 条；该值比组内最高 Activity Level 低至少 0.4，仅删除该记录
CCOC(=O)c1c(C)[n+]([O-])c2ccccc2[n+]1[O-],Results_005,9391,0.1,0.1,0.8,0.7,参考化合物有效条目超过 8 条；该值比组内最高 Activity Level 低至少 0.4，仅删除该记录
CCOC(=O)c1c(C)[n+]([O-])c2ccccc2[n+]1[O-],Results_005,9392,0.1,0.1,0.8,0.7,参考化合物有效条目超过 8 条；该值比组内最高 Activity Level 低至少 0.4，仅删除该记录
Cc1c(C(=O)OCc2ccccc2)[n+]([O-])c2cc(Cl)c(Cl)cc2[n+]1[O-],Results_003,6544,0.6,0.4,1,0.6,参考化合物有效条目超过 8 条；该值比组内最高 Activity Level 低至少 0.4，仅删除该记录
Cc1c(C(=O)OCc2ccccc2)[n+]([O-])c2cc(Cl)c(Cl)cc2[n+]1[O-],Results_003,6545,0.6,0.4,1,0.6,参考化合物有效条目超过 8 条；该值比组内最高 Activity Level 低至少 0.4，仅删除该记录
Cc1c(C(=O)OCc2ccccc2)[n+]([O-])c2cc(Cl)c(Cl)cc2[n+]1[O-],Results_003,6549,0.6,0.4,1,0.6,参考化合物有效条目超过 8 条；该值比组内最高 Activity Level 低至少 0.4，仅删除该记录
Cc1c(C(=O)OCc2ccccc2)[n+]([O-])c2cc(Cl)c(Cl)cc2[n+]1[O-],Results_003,6551,0.6,0.4,1,0.6,参考化合物有效条目超过 8 条；该值比组内最高 Activity Level 低至少 0.4，仅删除该记录
Cc1c(C(=O)OCc2ccccc2)[n+]([O-])c2cc(Cl)c(Cl)cc2[n+]1[O-],Results_003,6553,0.4,0.4,1,0.6,参考化合物有效条目超过 8 条；该值比组内最高 Activity Level 低至少 0.4，仅删除该记录
CC(C)=CCC/C(C)=C/CC/C(C)=C/CC1(C)SC(=O)C(C)=C1O,Results_003,6581,0,0,0.6,0.6,普通化合物当前有效条目=3，跨度≥0.6；中位数=0.6，左侧=1，右侧=0；中位数右侧为空，删除左侧最低值
Nc1ncnc2c1ncn2[C@@H]1O[C@H](COS(=O)(=O)NCc2ccccc2O)[C@@H](O)[C@H]1O,Results_005,14514,0,0,1,1,普通化合物当前有效条目=7，跨度≥0.6；中位数=1，左侧=2，右侧=0；中位数右侧为空，删除左侧最低值
Nc1ncnc2c1ncn2[C@@H]1O[C@H](COS(=O)(=O)NCc2ccccc2O)[C@@H](O)[C@H]1O,Results_003,6598,0.2,0.2,1,0.8,普通化合物当前有效条目=6，跨度≥0.6；中位数=1，左侧=1，右侧=0；中位数右侧为空，删除左侧最低值
CCNC(=O)Nc1nc2cc(-c3ccn(CCOC)c(=O)c3)c(O[C@@H]3CCOC3)nc2s1,Results_003,6810,0.4,0.4,1,0.6,普通化合物当前有效条目=4，跨度≥0.6；中位数=0.7，左侧=2，右侧=2；两侧数量相同，删除距中位数更远的极端值；等距时删除低值
Cc1nn(-c2ccccc2)c2[nH]c(=O)c(CNCc3cccc(C(F)(F)F)c3)cc12,Results_003,6855,0.2,0.2,1,0.8,参考化合物有效条目超过 8 条；该值比组内最高 Activity Level 低至少 0.4，仅删除该记录
Cc1nn(-c2ccccc2)c2[nH]c(=O)c(CNCc3cccc(C(F)(F)F)c3)cc12,Results_003,6858,0.4,0.2,1,0.8,参考化合物有效条目超过 8 条；该值比组内最高 Activity Level 低至少 0.4，仅删除该记录
Cc1nn(-c2ccccc2)c2[nH]c(=O)c(CNCc3cccc(C(F)(F)F)c3)cc12,Results_003,6859,0.2,0.2,1,0.8,参考化合物有效条目超过 8 条；该值比组内最高 Activity Level 低至少 0.4，仅删除该记录
Cc1nn(-c2ccccc2)c2[nH]c(=O)c(CNCc3cccc(C(F)(F)F)c3)cc12,Results_003,6860,0.6,0.2,1,0.8,参考化合物有效条目超过 8 条；该值比组内最高 Activity Level 低至少 0.4，仅删除该记录
O=c1[nH]c2c(cc1CNCc1cccc(C(F)(F)F)c1)c(C1CC1)nn2-c1ccccc1,Results_003,6874,0.2,0.2,1,0.8,参考化合物有效条目超过 8 条；该值比组内最高 Activity Level 低至少 0.4，仅删除该记录
O=c1[nH]c2c(cc1CNCc1cccc(C(F)(F)F)c1)c(C1CC1)nn2-c1ccccc1,Results_003,6877,0.4,0.2,1,0.8,参考化合物有效条目超过 8 条；该值比组内最高 Activity Level 低至少 0.4，仅删除该记录
O=c1[nH]c2c(cc1CNCc1cccc(C(F)(F)F)c1)c(C1CC1)nn2-c1ccccc1,Results_003,6878,0.2,0.2,1,0.8,参考化合物有效条目超过 8 条；该值比组内最高 Activity Level 低至少 0.4，仅删除该记录
O=c1[nH]c2c(cc1CNCc1cccc(C(F)(F)F)c1)c(C1CC1)nn2-c1ccccc1,Results_003,6879,0.6,0.2,1,0.8,参考化合物有效条目超过 8 条；该值比组内最高 Activity Level 低至少 0.4，仅删除该记录
O=c1[nH]c2c(cc1CNCc1cccc(C(F)(F)F)n1)c(C1CC1)nn2-c1ccccc1,Results_003,6881,1,0.2,1,0.8,普通化合物当前有效条目=8，跨度≥0.6；中位数=0.5，左侧=4，右侧=4；两侧数量相同，删除距中位数更远的极端值；等距时删除低值
O=c1[nH]c2c(cc1CNCc1cccc(C(F)(F)F)n1)c(C1CC1)nn2-c1ccccc1,Results_003,6883,1,0.2,1,0.8,普通化合物当前有效条目=7，跨度≥0.6；中位数=0.2，左侧=0，右侧=3；中位数左侧为空，删除右侧最高值
O=c1[nH]c2c(cc1CNCc1cccc(C(F)(F)F)n1)c(C1CC1)nn2-c1ccccc1,Results_003,6884,1,0.2,1,0.8,普通化合物当前有效条目=6，跨度≥0.6；中位数=0.2，左侧=0，右侧=2；中位数左侧为空，删除右侧最高值
O=c1[nH]c2c(cc1CNCc1cccc(C(F)(F)F)n1)c(C1CC1)nn2-c1ccccc1,Results_003,6880,0.8,0.2,0.8,0.6,普通化合物当前有效条目=5，跨度≥0.6；中位数=0.2，左侧=0，右侧=1；中位数左侧为空，删除右侧最高值
O=c1[nH]c2c(cc1CNCc1cc(C(F)(F)F)ccc1F)c(C1CC1)nn2-c1ccccc1,Results_003,6890,0.2,0.2,1,0.8,普通化合物当前有效条目=8，跨度≥0.6；中位数=0.7，左侧=4，右侧=4；两侧数量相同，删除距中位数更远的极端值；等距时删除低值
O=c1[nH]c2c(cc1CNCc1cc(C(F)(F)F)ccc1F)c(C1CC1)nn2-c1ccccc1,Results_003,6893,0.2,0.2,1,0.8,普通化合物当前有效条目=7，跨度≥0.6；中位数=1，左侧=3，右侧=0；中位数右侧为空，删除左侧最低值
O=c1[nH]c2c(cc1CNCc1cc(C(F)(F)F)ccc1F)c(C1CC1)nn2-c1ccccc1,Results_003,6894,0.2,0.2,1,0.8,普通化合物当前有效条目=6，跨度≥0.6；中位数=1，左侧=2，右侧=0；中位数右侧为空，删除左侧最低值
O=c1[nH]c2c(cc1CNCc1cc(C(F)(F)F)ccc1F)c(C1CC1)nn2-c1ccccc1,Results_003,6895,0.4,0.4,1,0.6,普通化合物当前有效条目=5，跨度≥0.6；中位数=1，左侧=1，右侧=0；中位数右侧为空，删除左侧最低值
O=c1[nH]c2c(cc1CNCc1cccc(C(F)(F)F)c1F)c(C1CC1)nn2-c1ccccc1,Results_003,6898,0.2,0.2,1,0.8,普通化合物当前有效条目=8，跨度≥0.6；中位数=0.6，左侧=4，右侧=4；两侧数量相同，删除距中位数更远的极端值；等距时删除低值
O=c1[nH]c2c(cc1CNCc1cccc(C(F)(F)F)c1F)c(C1CC1)nn2-c1ccccc1,Results_003,6901,0.2,0.2,1,0.8,普通化合物当前有效条目=7，跨度≥0.6；中位数=1，左侧=3，右侧=0；中位数右侧为空，删除左侧最低值
O=c1[nH]c2c(cc1CNCc1cccc(C(F)(F)F)c1F)c(C1CC1)nn2-c1ccccc1,Results_003,6902,0.2,0.2,1,0.8,普通化合物当前有效条目=6，跨度≥0.6；中位数=1，左侧=2，右侧=0；中位数右侧为空，删除左侧最低值
O=c1[nH]c2c(cc1CNCc1cccc(C(F)(F)F)c1F)c(C1CC1)nn2-c1ccccc1,Results_003,6903,0.2,0.2,1,0.8,普通化合物当前有效条目=5，跨度≥0.6；中位数=1，左侧=1，右侧=0；中位数右侧为空，删除左侧最低值
Cc1ccc(C(F)(F)F)cc1CNCc1cc2c(C3CC3)nn(-c3ccccc3)c2[nH]c1=O,Results_003,6907,0.2,0.2,1,0.8,普通化合物当前有效条目=8，跨度≥0.6；中位数=0.9，左侧=4，右侧=4；两侧数量相同，删除距中位数更远的极端值；等距时删除低值
Cc1ccc(C(F)(F)F)cc1CNCc1cc2c(C3CC3)nn(-c3ccccc3)c2[nH]c1=O,Results_003,6910,0.2,0.2,1,0.8,普通化合物当前有效条目=7，跨度≥0.6；中位数=1，左侧=3，右侧=0；中位数右侧为空，删除左侧最低值
Cc1ccc(C(F)(F)F)cc1CNCc1cc2c(C3CC3)nn(-c3ccccc3)c2[nH]c1=O,Results_003,6911,0.2,0.2,1,0.8,普通化合物当前有效条目=6，跨度≥0.6；中位数=1，左侧=2，右侧=0；中位数右侧为空，删除左侧最低值
Cc1c(CN2CCSCC2)cc(-c2ccc(C(C)C)cc2)n1-c1ccc(F)cc1,Results_003,6983,0.4,0.4,1,0.6,普通化合物当前有效条目=5，跨度≥0.6；中位数=1，左侧=1，右侧=0；中位数右侧为空，删除左侧最低值
Cc1ccc(-c2cc(CN3CCSCC3)c(C)n2-c2ccc(Cl)cc2)cc1,Results_003,6991,0.4,0.4,1,0.6,普通化合物当前有效条目=4，跨度≥0.6；中位数=1，左侧=1，右侧=0；中位数右侧为空，删除左侧最低值
Nc1ncnc2c1ncn2[C@@H]1O[C@H](COS(=O)(=O)NC(=O)c2cccc(O)c2O)[C@@H](O)[C@H]1O,Results_003,7206,1,0.1,1,0.9,普通化合物当前有效条目=3，跨度≥0.6；中位数=0.1，左侧=0，右侧=1；中位数左侧为空，删除右侧最高值
NC(=S)NN=Cc1ccccc1,Results_005,4107,0,0,0.8,0.8,普通化合物当前有效条目=4，跨度≥0.6；中位数=0.6，左侧=1，右侧=1；两侧数量相同，删除距中位数更远的极端值；等距时删除低值
COc1cc(C=NNC(N)=S)ccc1OCc1ccccc1,Results_003,7223,0.2,0.2,1,0.8,普通化合物当前有效条目=2，跨度≥0.6；中位数=0.6，左侧=1，右侧=1；剩余两条评分跨度达到0.6，保留高值
COc1cc(C=NNC(N)=S)ccc1OCc1ccc(Cl)cc1,Results_003,7225,0.1,0.1,0.8,0.7,普通化合物当前有效条目=2，跨度≥0.6；中位数=0.45，左侧=1，右侧=1；剩余两条评分跨度达到0.6，保留高值
COc1cc(C=NNC(N)=S)ccc1OCc1ccc(Br)cc1,Results_003,7227,0.2,0.2,0.8,0.6,普通化合物当前有效条目=2，跨度≥0.6；中位数=0.5，左侧=1，右侧=1；剩余两条评分跨度达到0.6，保留高值
COc1cc(C=NNC(N)=S)ccc1O,Results_003,7229,0.1,0.1,0.8,0.7,普通化合物当前有效条目=2，跨度≥0.6；中位数=0.45，左侧=1，右侧=1；剩余两条评分跨度达到0.6，保留高值
CN(C)c1ccc(C=NNC(N)=S)cc1,Results_003,7243,0.1,0.1,1,0.9,普通化合物当前有效条目=3，跨度≥0.6；中位数=1，左侧=1，右侧=0；中位数右侧为空，删除左侧最低值
Cc1ccc(C=NNC(N)=S)cc1,Results_003,7247,0.4,0.4,1,0.6,普通化合物当前有效条目=4，跨度≥0.6；中位数=1，左侧=1，右侧=0；中位数右侧为空，删除左侧最低值
NC(=S)NN=Cc1ccc(Br)cc1,Results_003,7248,1,0.1,1,0.9,普通化合物当前有效条目=3，跨度≥0.6；中位数=0.4，左侧=1，右侧=1；两侧数量相同，删除距中位数更远的极端值；等距时删除低值
NC(=S)NN=Cc1ccc(O)cc1,Results_003,7251,0.1,0.1,1,0.9,普通化合物当前有效条目=2，跨度≥0.6；中位数=0.55，左侧=1，右侧=1；剩余两条评分跨度达到0.6，保留高值
NC(=S)NN=Cc1ccc([N+](=O)[O-])cc1,Results_003,7253,0.1,0.1,0.8,0.7,普通化合物当前有效条目=3，跨度≥0.6；中位数=0.8，左侧=1，右侧=0；中位数右侧为空，删除左侧最低值
COc1cc(C=NNC(N)=S)ccc1OCc1cccc(C)c1,Results_003,7263,0.2,0.2,1,0.8,普通化合物当前有效条目=2，跨度≥0.6；中位数=0.6，左侧=1，右侧=1；剩余两条评分跨度达到0.6，保留高值
CCCCCCCC(=O)N1CC2=C(C(=O)O1)N1C(=O)[C@@H](NC(=O)Cc3ccccc3)[C@H]1SC2,Results_003,7318,0.2,0.2,0.8,0.6,普通化合物当前有效条目=2，跨度≥0.6；中位数=0.5，左侧=1，右侧=1；剩余两条评分跨度达到0.6，保留高值
CCCCCCCC(=O)N(O)CC1=C(C(=O)O)N2C(=O)[C@@H](NC(=O)Cc3ccccc3)[C@H]2SC1,Results_003,7330,0.2,0.2,0.8,0.6,普通化合物当前有效条目=2，跨度≥0.6；中位数=0.5，左侧=1，右侧=1；剩余两条评分跨度达到0.6，保留高值
CCCCCCNC(=O)c1cc([N+](=O)[O-])cc([N+](=O)[O-])c1,Results_003,11093,0.2,0.2,1,0.8,普通化合物当前有效条目=3，跨度≥0.6；中位数=1，左侧=1，右侧=0；中位数右侧为空，删除左侧最低值
CCCCCCCCCCCCCCCCNC(=O)c1cc([N+](=O)[O-])cc([N+](=O)[O-])c1,Results_003,11098,0,0,1,1,普通化合物当前有效条目=3，跨度≥0.6；中位数=0.8，左侧=1，右侧=1；两侧数量相同，删除距中位数更远的极端值；等距时删除低值
O=C(Nn1c(-c2ccccc2)ccc1-c1ccccc1)c1ccncc1,Results_003,7518,0,0,0.8,0.8,参考化合物有效条目超过 8 条；该值比组内最高 Activity Level 低至少 0.4，仅删除该记录
O=C(Nn1c(-c2ccccc2)ccc1-c1ccccc1)c1ccncc1,Results_003,7519,0,0,0.8,0.8,参考化合物有效条目超过 8 条；该值比组内最高 Activity Level 低至少 0.4，仅删除该记录
O=C(Nn1c(-c2ccccc2)ccc1-c1ccccc1)c1ccncc1,Results_003,7523,0,0,0.8,0.8,参考化合物有效条目超过 8 条；该值比组内最高 Activity Level 低至少 0.4，仅删除该记录
Cc1ccc(-c2ccccc2)n1NC(=O)c1ccncc1,Results_003,7557,0,0,0.75,0.75,参考化合物有效条目超过 8 条；该值比组内最高 Activity Level 低至少 0.4，仅删除该记录
Cc1ccc(-c2ccccc2)n1NC(=O)c1ccncc1,Results_003,7558,0,0,0.75,0.75,参考化合物有效条目超过 8 条；该值比组内最高 Activity Level 低至少 0.4，仅删除该记录
Cc1ccc(-c2ccccc2)n1NC(=O)c1ccncc1,Results_003,7559,0.25,0,0.75,0.75,参考化合物有效条目超过 8 条；该值比组内最高 Activity Level 低至少 0.4，仅删除该记录
Cc1ccc(-c2ccccc2)n1NC(=O)c1ccncc1,Results_003,7560,0.125,0,0.75,0.75,参考化合物有效条目超过 8 条；该值比组内最高 Activity Level 低至少 0.4，仅删除该记录
Cc1ccc(-c2ccccc2)n1NC(=O)c1ccncc1,Results_003,7561,0.125,0,0.75,0.75,参考化合物有效条目超过 8 条；该值比组内最高 Activity Level 低至少 0.4，仅删除该记录
CCOC(=O)c1cc(-c2ccccc2)sc1N,Results_003,7681,0,0,0.8,0.8,普通化合物当前有效条目=2，跨度≥0.6；中位数=0.4，左侧=1，右侧=1；剩余两条评分跨度达到0.6，保留高值
CCOC(=O)c1cc(-c2ccccc2)sc1NC(C)=O,Results_003,7716,0,0,0.8,0.8,普通化合物当前有效条目=2，跨度≥0.6；中位数=0.4，左侧=1，右侧=1；剩余两条评分跨度达到0.6，保留高值
CCOC(=O)c1cc(-c2ccccc2)sc1NC(=O)c1ccccc1,Results_003,7717,0.1,0.1,0.8,0.7,普通化合物当前有效条目=2，跨度≥0.6；中位数=0.45，左侧=1，右侧=1；剩余两条评分跨度达到0.6，保留高值
O=C(Nc1ccc(N2CCCN(C(=O)c3cnccn3)CC2)nc1)c1cnccn1,Results_003,7807,0.125,0.125,0.75,0.625,普通化合物当前有效条目=2，跨度≥0.6；中位数=0.4375，左侧=1，右侧=1；剩余两条评分跨度达到0.6，保留高值
COc1ccc(-c2ccn(-c3ccc(/C=N/NC(=O)c4ccncc4)cc3)n2)cc1F,Results_003,8301,0.1,0.1,1,0.9,普通化合物当前有效条目=5，跨度≥0.6；中位数=0.8，左侧=1，右侧=1；两侧数量相同，删除距中位数更远的极端值；等距时删除低值
COc1ccc(-c2ccn(-c3ccc(/C=N/NC(=O)c4ccncc4)cc3)n2)cc1,Results_003,8307,0.1,0.1,1,0.9,普通化合物当前有效条目=5，跨度≥0.6；中位数=1，左侧=1，右侧=0；中位数右侧为空，删除左侧最低值
COc1ccc(-c2ccn(-c3ccc(/C=N/NC(=O)c4ccncc4)cc3)n2)cc1OC,Results_003,8312,0.1,0.1,1,0.9,普通化合物当前有效条目=5，跨度≥0.6；中位数=1，左侧=1，右侧=0；中位数右侧为空，删除左侧最低值
O=C(N/N=C/c1ccc(-n2ccc(-c3ccc(F)cc3)n2)cc1)c1ccncc1,Results_003,8317,0.1,0.1,1,0.9,普通化合物当前有效条目=5，跨度≥0.6；中位数=1，左侧=1，右侧=0；中位数右侧为空，删除左侧最低值
O=C(N/N=C/c1ccc(-n2ccc(-c3ccc(Cl)s3)n2)cc1)c1ccncc1,Results_003,8322,0.1,0.1,1,0.9,普通化合物当前有效条目=5，跨度≥0.6；中位数=1，左侧=1，右侧=0；中位数右侧为空，删除左侧最低值
O=C(N/N=C/c1ccc(-n2ccc(-c3cc4ccccc4o3)n2)cc1)c1ccncc1,Results_003,8327,0.1,0.1,1,0.9,普通化合物当前有效条目=5，跨度≥0.6；中位数=1，左侧=1，右侧=0；中位数右侧为空，删除左侧最低值
O=C(N/N=C/c1ccc(-n2ccc(-c3ccc([N+](=O)[O-])cc3)n2)cc1)c1ccncc1,Results_003,8334,0.1,0.1,1,0.9,普通化合物当前有效条目=5，跨度≥0.6；中位数=1，左侧=1，右侧=0；中位数右侧为空，删除左侧最低值
O=C(N/N=C/c1ccc(-n2ccc(-c3ccc(Cl)cc3)n2)cc1)c1ccncc1,Results_003,8340,0.1,0.1,1,0.9,普通化合物当前有效条目=5，跨度≥0.6；中位数=1，左侧=1，右侧=0；中位数右侧为空，删除左侧最低值
O=C(N/N=C/c1ccc(-n2cc(Br)cn2)cc1)c1ccncc1,Results_003,8345,0.2,0.2,1,0.8,普通化合物当前有效条目=5，跨度≥0.6；中位数=1，左侧=1，右侧=0；中位数右侧为空，删除左侧最低值
Cc1ccc(N=CC=C(Cl)c2cc3ccccc3oc2=O)cc1,Results_003,8424,0,0,0.75,0.75,普通化合物当前有效条目=2，跨度≥0.6；中位数=0.375，左侧=1，右侧=1；剩余两条评分跨度达到0.6，保留高值
CC(C)=CCC/C(C)=C/CC/C(C)=C/Cc1c(O)c2ccccc2oc1=O,Results_003,8442,0,0,0.8,0.8,普通化合物当前有效条目=2，跨度≥0.6；中位数=0.4，左侧=1，右侧=1；剩余两条评分跨度达到0.6，保留高值
COC1=C(Br)[C@H](O)[C@@]2(C=C1Br)CC(C(=O)NCC(O)c1cc(Br)c(OCC(O)CNC(=O)C3=NO[C@@]4(C=C(Br)C(OC)=C(Br)[C@@H]4O)C3)c(Br)c1)=NO2,Results_003,8935,0,0,0.8,0.8,普通化合物当前有效条目=2，跨度≥0.6；中位数=0.4，左侧=1，右侧=1；剩余两条评分跨度达到0.6，保留高值
C[C@H]1COC2(CCN(c3nc(=O)c4cc(C(F)(F)F)cc(-n5cccc5)c4s3)CC2)O1,Results_003,8951,0,0,1,1,参考化合物有效条目超过 8 条；该值比组内最高 Activity Level 低至少 0.4，仅删除该记录
C[C@H]1COC2(CCN(c3nc(=O)c4cc(C(F)(F)F)cc(-n5cccc5)c4s3)CC2)O1,Results_003,8952,0.1,0,1,1,参考化合物有效条目超过 8 条；该值比组内最高 Activity Level 低至少 0.4，仅删除该记录
C[C@H]1COC2(CCN(c3nc(=O)c4cc(C(F)(F)F)cc(-n5cccc5)c4s3)CC2)O1,Results_003,8954,0.1,0,1,1,参考化合物有效条目超过 8 条；该值比组内最高 Activity Level 低至少 0.4，仅删除该记录
C[C@H]1COC2(CCN(c3nc(=O)c4cc(C(F)(F)F)cc(-n5cccc5)c4s3)CC2)O1,Results_003,8955,0.1,0,1,1,参考化合物有效条目超过 8 条；该值比组内最高 Activity Level 低至少 0.4，仅删除该记录
C[C@H]1COC2(CCN(c3nc(=O)c4cc(C(F)(F)F)cc(-n5cccc5)c4s3)CC2)O1,Results_003,8957,0,0,1,1,参考化合物有效条目超过 8 条；该值比组内最高 Activity Level 低至少 0.4，仅删除该记录
O=c1nc(N2CCN(CC3CCCCC3)CC2)sc2c(-n3cccc3)cc(C(F)(F)F)cc12,Results_003,8959,0,0,1,1,普通化合物当前有效条目=8，跨度≥0.6；中位数=0.1，左侧=2，右侧=3；删除记录数较少一侧的最外侧值
O=c1nc(N2CCN(CC3CCCCC3)CC2)sc2c(-n3cccc3)cc(C(F)(F)F)cc12,Results_003,8965,0,0,1,1,普通化合物当前有效条目=7，跨度≥0.6；中位数=0.1，左侧=1，右侧=3；删除记录数较少一侧的最外侧值
O=c1nc(N2CCN(CC3CCCCC3)CC2)sc2c(-n3cccc3)cc(C(F)(F)F)cc12,Results_003,8960,0.1,0.1,1,0.9,普通化合物当前有效条目=6，跨度≥0.6；中位数=0.55，左侧=3，右侧=3；两侧数量相同，删除距中位数更远的极端值；等距时删除低值
O=c1nc(N2CCN(CC3CCCCC3)CC2)sc2c(-n3cccc3)cc(C(F)(F)F)cc12,Results_003,8962,0.1,0.1,1,0.9,普通化合物当前有效条目=5，跨度≥0.6；中位数=1，左侧=2，右侧=0；中位数右侧为空，删除左侧最低值
O=c1nc(N2CCN(CC3CCCCC3)CC2)sc2c(-n3cccc3)cc(C(F)(F)F)cc12,Results_003,8963,0.1,0.1,1,0.9,普通化合物当前有效条目=4，跨度≥0.6；中位数=1，左侧=1，右侧=0；中位数右侧为空，删除左侧最低值
Cc1ncc(CO)c(C=NNC(=O)c2ccncc2)c1O,Results_006,329,0,0,0.8,0.8,普通化合物当前有效条目=2，跨度≥0.6；中位数=0.4，左侧=1，右侧=1；剩余两条评分跨度达到0.6，保留高值
N#Cc1ccc(C(Nc2nc3c(Cl)cccc3s2)c2c(O)ccc3ccccc23)cc1,Results_003,9466,0,0,0.6,0.6,普通化合物当前有效条目=2，跨度≥0.6；中位数=0.3，左侧=1，右侧=1；剩余两条评分跨度达到0.6，保留高值
O=C1CSC(c2ccc(O)cc2)N1c1ccc(Cl)cc1,Results_004,8153,0.125,0.125,1,0.875,普通化合物当前有效条目=3，跨度≥0.6；中位数=0.75，左侧=1，右侧=1；两侧数量相同，删除距中位数更远的极端值；等距时删除低值
COc1cc(/C=C/C(=O)CC(=O)/C=C/c2ccc(O)c(OC)c2)ccc1O,Results_004,17535,0,0,0.4,0.4,参考化合物有效条目超过 8 条；该值比组内最高 Activity Level 低至少 0.4，仅删除该记录
COc1cc(/C=C/C(=O)CC(=O)/C=C/c2ccc(O)c(OC)c2)ccc1O,Results_005,11371,0,0,0.4,0.4,参考化合物有效条目超过 8 条；该值比组内最高 Activity Level 低至少 0.4，仅删除该记录
CCOC(=O)CCC(C)=NNC(=O)c1ccncc1,Results_003,9657,0.1,0.1,1,0.9,普通化合物当前有效条目=2，跨度≥0.6；中位数=0.55，左侧=1，右侧=1；剩余两条评分跨度达到0.6，保留高值
Cc1nc2ccc(C=NNC(=O)c3ccncc3)cc2s1,Results_003,9661,0.1,0.1,1,0.9,普通化合物当前有效条目=2，跨度≥0.6；中位数=0.55，左侧=1，右侧=1；剩余两条评分跨度达到0.6，保留高值
Cc1ccc(C=NNC(=O)c2ccncc2)cc1,Results_003,9663,0.1,0.1,0.75,0.65,普通化合物当前有效条目=2，跨度≥0.6；中位数=0.425，左侧=1，右侧=1；剩余两条评分跨度达到0.6，保留高值
CC(C)(CO)NCC(O)Cn1cc(C=NNC(=O)c2ccncc2)c2ccccc21,Results_003,9665,0.1,0.1,0.75,0.65,普通化合物当前有效条目=2，跨度≥0.6；中位数=0.425，左侧=1，右侧=1；剩余两条评分跨度达到0.6，保留高值
CC(=NNC(=O)c1ccncc1)c1cccc([N+](=O)[O-])c1,Results_003,9667,0.1,0.1,0.8,0.7,普通化合物当前有效条目=4，跨度≥0.6；中位数=0.775，左侧=2，右侧=2；两侧数量相同，删除距中位数更远的极端值；等距时删除低值
O=C(NN=Cc1ccccc1[N+](=O)[O-])c1ccncc1,Results_003,9669,0.1,0.1,1,0.9,普通化合物当前有效条目=3，跨度≥0.6；中位数=0.75，左侧=1，右侧=1；两侧数量相同，删除距中位数更远的极端值；等距时删除低值
CC(=NNC(=O)c1ccncc1)c1ccc([N+](=O)[O-])cc1,Results_003,9671,0.1,0.1,0.8,0.7,普通化合物当前有效条目=4，跨度≥0.6；中位数=0.775，左侧=2，右侧=2；两侧数量相同，删除距中位数更远的极端值；等距时删除低值
CCOC(=O)c1ccc2c(c1)[n+]([O-])c(C(C)=O)c(C(F)(F)F)[n+]2[O-],Results_003,10517,0.6,0.6,1,0.4,参考化合物有效条目超过 8 条；该值比组内最高 Activity Level 低至少 0.4，仅删除该记录
CCOC(=O)c1ccc2c(c1)[n+]([O-])c(C(C)=O)c(C(F)(F)F)[n+]2[O-],Results_003,10524,0.6,0.6,1,0.4,参考化合物有效条目超过 8 条；该值比组内最高 Activity Level 低至少 0.4，仅删除该记录
CCOC(=O)c1ccc2c(c1)[n+]([O-])c(C(C)=O)c(C(F)(F)F)[n+]2[O-],Results_003,10531,0.6,0.6,1,0.4,参考化合物有效条目超过 8 条；该值比组内最高 Activity Level 低至少 0.4，仅删除该记录
CCOC(=O)c1ccc2c(c1)[n+]([O-])c(C(C)=O)c(C(F)(F)F)[n+]2[O-],Results_003,10537,0.6,0.6,1,0.4,参考化合物有效条目超过 8 条；该值比组内最高 Activity Level 低至少 0.4，仅删除该记录
CCCCNC(=O)c1cc([N+](=O)[O-])cc([N+](=O)[O-])c1,Results_003,11092,0.2,0.2,1,0.8,普通化合物当前有效条目=2，跨度≥0.6；中位数=0.6，左侧=1，右侧=1；剩余两条评分跨度达到0.6，保留高值
CCCCCCCCCCCCCCNC(=O)c1cc([N+](=O)[O-])cc([N+](=O)[O-])c1,Results_003,11097,0.4,0.4,1,0.6,普通化合物当前有效条目=2，跨度≥0.6；中位数=0.7，左侧=1，右侧=1；剩余两条评分跨度达到0.6，保留高值
O=C(N/N=C/C12CC3CC(CC(C3)C1)C2)c1ccncc1,Results_003,11196,0,0,1,1,普通化合物当前有效条目=3，跨度≥0.6；中位数=1，左侧=1，右侧=0；中位数右侧为空，删除左侧最低值
O=C(N/N=C/CC12CC3CC(CC(C3)C1)C2)c1ccncc1,Results_003,11199,0,0,1,1,普通化合物当前有效条目=2，跨度≥0.6；中位数=0.5，左侧=1，右侧=1；剩余两条评分跨度达到0.6，保留高值
O=C(N/N=C/c1ccc(C23CC4CC(CC(C4)C2)C3)cc1)c1ccncc1,Results_003,11201,0,0,1,1,普通化合物当前有效条目=2，跨度≥0.6；中位数=0.5，左侧=1，右侧=1；剩余两条评分跨度达到0.6，保留高值
O=C(N/N=C/C12CC3CC(C1)CC(c1ccccc1)(C3)C2)c1ccncc1,Results_003,11203,0,0,1,1,普通化合物当前有效条目=2，跨度≥0.6；中位数=0.5，左侧=1，右侧=1；剩余两条评分跨度达到0.6，保留高值
O=C(N/N=C/C12CC3CC(C1)CC(C1CCCC1)(C3)C2)c1ccncc1,Results_003,11205,0,0,1,1,普通化合物当前有效条目=2，跨度≥0.6；中位数=0.5，左侧=1，右侧=1；剩余两条评分跨度达到0.6，保留高值
O=C(N/N=C/C1C2CC3CC(C2)CC1C3)c1ccncc1,Results_003,11207,0,0,1,1,普通化合物当前有效条目=2，跨度≥0.6；中位数=0.5，左侧=1，右侧=1；剩余两条评分跨度达到0.6，保留高值
O=C(N/N=C/C12CC3CC(C1)CC(/C=N/NC(=O)c1ccncc1)(C3)C2)c1ccncc1,Results_003,11211,0,0,1,1,普通化合物当前有效条目=3，跨度≥0.6；中位数=1，左侧=1，右侧=0；中位数右侧为空，删除左侧最低值
N#Cc1cc(C(F)(F)F)cc2c(=O)nc(N3CCN(CC4CCCCC4)CC3)sc12,Results_005,12809,0.125,0.125,1,0.875,普通化合物当前有效条目=3，跨度≥0.6；中位数=0.75，左侧=1，右侧=1；两侧数量相同，删除距中位数更远的极端值；等距时删除低值
O=C1NC(c2cc(Br)ccc2F)Nc2ccccc21,Results_003,11526,0.1,0.1,0.8,0.7,普通化合物当前有效条目=2，跨度≥0.6；中位数=0.45，左侧=1，右侧=1；剩余两条评分跨度达到0.6，保留高值
COc1cc([N+](=O)[O-])ccc1C1NC(=O)c2ccccc2N1,Results_003,11528,0.1,0.1,0.8,0.7,普通化合物当前有效条目=2，跨度≥0.6；中位数=0.45，左侧=1，右侧=1；剩余两条评分跨度达到0.6，保留高值
CN(Cc1c2ccccc2cc2ccccc12)C(=O)C1CC(=O)N(C2CCCCC2)C1,Results_004,825,0.2,0.2,1,0.8,普通化合物当前有效条目=5，跨度≥0.6；中位数=1，左侧=1，右侧=0；中位数右侧为空，删除左侧最低值
CN(Cc1c2ccccc2cc2ccccc12)C(=O)C1CC(=O)N(C2CCCCCC2)C1,Results_004,827,0.2,0.2,1,0.8,普通化合物当前有效条目=5，跨度≥0.6；中位数=1，左侧=1，右侧=0；中位数右侧为空，删除左侧最低值
CN(Cc1c2ccccc2cc2ccccc12)C(=O)C1CC(=O)N(C2CCCCCCC2)C1,Results_004,823,0.4,0.4,1,0.6,普通化合物当前有效条目=5，跨度≥0.6；中位数=1，左侧=1，右侧=0；中位数右侧为空，删除左侧最低值
C=CCc1ccc(OC(C)=O)c(OC)c1,Results_003,17743,0,0,0.4,0.4,参考化合物有效条目超过 8 条；该值比组内最高 Activity Level 低至少 0.4，仅删除该记录
C=CCc1ccc(OC(C)=O)c(OC)c1,Results_003,17744,0,0,0.4,0.4,参考化合物有效条目超过 8 条；该值比组内最高 Activity Level 低至少 0.4，仅删除该记录
C=CCc1ccc(OC(C)=O)c(OC)c1,Results_003,17745,0,0,0.4,0.4,参考化合物有效条目超过 8 条；该值比组内最高 Activity Level 低至少 0.4，仅删除该记录
C=CCc1ccc(OC(C)=O)c(OC)c1,Results_003,17748,0,0,0.4,0.4,参考化合物有效条目超过 8 条；该值比组内最高 Activity Level 低至少 0.4，仅删除该记录
C=CCc1ccc(OC(C)=O)c(OC)c1,Results_003,17750,0,0,0.4,0.4,参考化合物有效条目超过 8 条；该值比组内最高 Activity Level 低至少 0.4，仅删除该记录
CC(C)(C)c1cc2c(OCCCNC(=N)N)c(c1)Cc1cc(C(C)(C)C)cc(c1OCCCNC(=N)N)Cc1cc(C(C)(C)C)cc(c1OCCCNC(=N)N)Cc1cc(C(C)(C)C)cc(c1OCCCNC(=N)N)C2,Results_003,12252,1,0.2,1,0.8,普通化合物当前有效条目=8，跨度≥0.6；中位数=0.8，左侧=3，右侧=1；删除记录数较少一侧的最外侧值
CC(C)(C)c1cc2c(OCCCNC(=N)N)c(c1)Cc1cc(C(C)(C)C)cc(c1OCCCNC(=N)N)Cc1cc(C(C)(C)C)cc(c1OCCCNC(=N)N)Cc1cc(C(C)(C)C)cc(c1OCCCNC(=N)N)C2,Results_003,12245,0.2,0.2,0.8,0.6,普通化合物当前有效条目=7，跨度≥0.6；中位数=0.8，左侧=3，右侧=0；中位数右侧为空，删除左侧最低值
C=CCN1CCN(/N=C\c2cc(C(F)(F)F)nc3c(C(F)(F)F)cccc23)CC1,Results_003,12276,0.2,0.2,0.8,0.6,普通化合物当前有效条目=2，跨度≥0.6；中位数=0.5，左侧=1，右侧=1；剩余两条评分跨度达到0.6，保留高值
CCOC(=O)C1=C(COc2ccc(/C=N/NC(=O)c3ccncc3)cc2)NC(=O)NC1c1cc(OC)c(OC)c(OC)c1,Results_003,12395,0.8,0,0.8,0.8,普通化合物当前有效条目=4，跨度≥0.6；中位数=0，左侧=0，右侧=1；中位数左侧为空，删除右侧最高值
CCOC(=O)C1=C(COc2ccc(/C=N/NC(=O)c3ccncc3)cc2)NC(=O)NC1c1ccc(Cl)cc1,Results_003,12399,0.8,0,0.8,0.8,普通化合物当前有效条目=4，跨度≥0.6；中位数=0，左侧=0，右侧=1；中位数左侧为空，删除右侧最高值
CCOC(=O)C1=C(COc2ccc(/C=N/NC(=O)c3ccncc3)cc2)NC(=O)NC1c1ccc(Br)cc1,Results_003,12405,1,0,1,1,普通化合物当前有效条目=4，跨度≥0.6；中位数=0，左侧=0，右侧=1；中位数左侧为空，删除右侧最高值
CCOC(=O)C1=C(COc2ccc(/C=N/NC(=O)c3ccncc3)cc2)NC(=O)NC1c1cccc(Br)c1,Results_003,12409,0.8,0.1,0.8,0.7,普通化合物当前有效条目=4，跨度≥0.6；中位数=0.1，左侧=0，右侧=1；中位数左侧为空，删除右侧最高值
CCOC(=O)C1=C(COc2ccc(/C=N/NC(=O)c3ccncc3)cc2)NC(=O)NC1c1ccc(F)cc1F,Results_003,12414,1,0.1,1,0.9,普通化合物当前有效条目=4，跨度≥0.6；中位数=0.1，左侧=0，右侧=1；中位数左侧为空，删除右侧最高值
COc1ccc(S(=O)(=O)Nc2ccc(C(C)=O)cc2)cc1,Results_003,12443,0.1,0.1,0.8,0.7,普通化合物当前有效条目=2，跨度≥0.6；中位数=0.45，左侧=1，右侧=1；剩余两条评分跨度达到0.6，保留高值
C/C(=N/NC(=O)c1ccncc1)c1cccc(NS(=O)(=O)c2ccc([N+](=O)[O-])cc2)c1,Results_003,12448,1,0.4,1,0.6,普通化合物当前有效条目=4，跨度≥0.6；中位数=0.4，左侧=0，右侧=1；中位数左侧为空，删除右侧最高值
C/C(=N/NC(=O)c1ccncc1)c1cccc(NS(=O)(=O)c2ccc(C)cc2)c1,Results_003,12452,1,0.4,1,0.6,普通化合物当前有效条目=4，跨度≥0.6；中位数=0.4，左侧=0，右侧=1；中位数左侧为空，删除右侧最高值
C/C(=N/NC(=O)c1ccncc1)c1cccc(NS(=O)(=O)c2ccc(F)cc2)c1,Results_003,12456,1,0.2,1,0.8,普通化合物当前有效条目=5，跨度≥0.6；中位数=0.4，左侧=1，右侧=1；两侧数量相同，删除距中位数更远的极端值；等距时删除低值
C/C(=N/NC(=O)c1ccncc1)c1cccc(NS(=O)(=O)Cc2ccccc2)c1,Results_003,12462,0.2,0.2,1,0.8,普通化合物当前有效条目=2，跨度≥0.6；中位数=0.6，左侧=1，右侧=1；剩余两条评分跨度达到0.6，保留高值
C/C(=N/NC(=O)c1ccncc1)c1ccc(NS(=O)(=O)c2ccc([N+](=O)[O-])cc2)cc1,Results_003,12469,0.2,0.2,1,0.8,普通化合物当前有效条目=2，跨度≥0.6；中位数=0.6，左侧=1，右侧=1；剩余两条评分跨度达到0.6，保留高值
C/C(=N/NC(=O)c1ccncc1)c1ccc(NS(=O)(=O)c2ccc(C)cc2)cc1,Results_003,12471,0.2,0.2,1,0.8,普通化合物当前有效条目=2，跨度≥0.6；中位数=0.6，左侧=1，右侧=1；剩余两条评分跨度达到0.6，保留高值
C/C(=N/NC(=O)c1ccncc1)c1ccc(NS(=O)(=O)c2ccc(F)cc2)cc1,Results_003,12473,0.2,0.2,1,0.8,普通化合物当前有效条目=2，跨度≥0.6；中位数=0.6，左侧=1，右侧=1；剩余两条评分跨度达到0.6，保留高值
C/C(=N/NC(=O)c1ccncc1)c1ccc(NS(=O)(=O)Cc2ccccc2)cc1,Results_003,12475,0.2,0.2,1,0.8,普通化合物当前有效条目=2，跨度≥0.6；中位数=0.6，左侧=1，右侧=1；剩余两条评分跨度达到0.6，保留高值
COc1ccc(S(=O)(=O)Nc2ccc(/C(C)=N\NC(=O)c3ccncc3)cc2)cc1,Results_003,12477,0.2,0.2,1,0.8,普通化合物当前有效条目=2，跨度≥0.6；中位数=0.6，左侧=1，右侧=1；剩余两条评分跨度达到0.6，保留高值
CC1CCN(c2n[nH]c3ncnc(N)c23)CC1,Results_003,12564,0.2,0.2,0.8,0.6,普通化合物当前有效条目=3，跨度≥0.6；中位数=0.8，左侧=1，右侧=0；中位数右侧为空，删除左侧最低值
Nc1ncnc2[nH]nc(N3CCOCC3)c12,Results_003,12567,0.2,0.2,0.8,0.6,普通化合物当前有效条目=3，跨度≥0.6；中位数=0.8，左侧=1，右侧=0；中位数右侧为空，删除左侧最低值
COc1ccc(-c2nc3cc(N)ccc3o2)cc1,Results_003,12999,0,0,0.8,0.8,普通化合物当前有效条目=3，跨度≥0.6；中位数=0.4，左侧=1，右侧=1；两侧数量相同，删除距中位数更远的极端值；等距时删除低值
COC(=O)c1cc(-c2cccc(NC(=O)Nc3cccc(Cl)c3)c2)on1,Results_003,13242,0.2,0.2,1,0.8,普通化合物当前有效条目=5，跨度≥0.6；中位数=0.6，左侧=1，右侧=2；删除记录数较少一侧的最外侧值
COC(=O)c1cc(-c2cccc(NC(=O)Nc3cccc(Br)c3)c2)on1,Results_003,13247,0.1,0.1,1,0.9,普通化合物当前有效条目=5，跨度≥0.6；中位数=0.2，左侧=1，右侧=2；删除记录数较少一侧的最外侧值
COC(=O)c1cc(-c2cccc(NC(=O)Nc3cccc(Br)c3)c2)on1,Results_003,13244,1,0.2,1,0.8,普通化合物当前有效条目=4，跨度≥0.6；中位数=0.4，左侧=2，右侧=2；两侧数量相同，删除距中位数更远的极端值；等距时删除低值
COC(=O)c1cc(-c2cccc(NC(=O)Nc3ccc(F)cc3)c2)on1,Results_003,13251,1,0.1,1,0.9,普通化合物当前有效条目=5，跨度≥0.6；中位数=0.4，左侧=2，右侧=2；两侧数量相同，删除距中位数更远的极端值；等距时删除低值
COC(=O)c1cc(-c2cccc(NC(=O)Nc3ccc(C)cc3)c2)on1,Results_003,13257,1,0.1,1,0.9,普通化合物当前有效条目=5，跨度≥0.6；中位数=0.4，左侧=2，右侧=2；两侧数量相同，删除距中位数更远的极端值；等距时删除低值
COC(=O)c1cc(-c2cccc(NC(=O)Nc3ccc(C(F)(F)F)cc3)c2)on1,Results_003,13263,1,0.1,1,0.9,普通化合物当前有效条目=5，跨度≥0.6；中位数=0.4，左侧=2，右侧=2；两侧数量相同，删除距中位数更远的极端值；等距时删除低值
COC(=O)c1cc(-c2cccc(NC(=O)Nc3ccc(F)c(F)c3)c2)on1,Results_003,13276,0.4,0.4,1,0.6,普通化合物当前有效条目=5，跨度≥0.6；中位数=0.8，左侧=1，右侧=1；两侧数量相同，删除距中位数更远的极端值；等距时删除低值
COC(=O)c1cc(-c2cccc(NC(=O)Nc3cccc(Cl)c3Cl)c2)on1,Results_003,13278,1,0.1,1,0.9,普通化合物当前有效条目=5，跨度≥0.6；中位数=0.8，左侧=2，右侧=1；删除记录数较少一侧的最外侧值
COC(=O)c1cc(-c2cccc(NC(=O)Nc3cccc(Cl)c3Cl)c2)on1,Results_003,13281,0.1,0.1,0.8,0.7,普通化合物当前有效条目=4，跨度≥0.6；中位数=0.6，左侧=2，右侧=2；两侧数量相同，删除距中位数更远的极端值；等距时删除低值
COC(=O)c1cc(-c2cccc(NC(=O)Nc3ccc(Cl)cc3Cl)c2)on1,Results_003,13286,0.4,0.4,1,0.6,普通化合物当前有效条目=5，跨度≥0.6；中位数=0.6，左侧=1，右侧=2；删除记录数较少一侧的最外侧值
COC(=O)c1cc(-c2cccc(NC(=O)Nc3cc(OC)ccc3OC)c2)on1,Results_003,13297,0.4,0.4,1,0.6,普通化合物当前有效条目=5，跨度≥0.6；中位数=0.8，左侧=1，右侧=1；两侧数量相同，删除距中位数更远的极端值；等距时删除低值
COc1ccc(/C=C2\SC(=S)NC2=O)cc1,Results_003,13467,0.25,0.25,1,0.75,普通化合物当前有效条目=3，跨度≥0.6；中位数=1，左侧=1，右侧=0；中位数右侧为空，删除左侧最低值
O=C1NC(=S)S/C1=C\c1ccc(Cl)cc1,Results_005,122,0.1,0.1,0.75,0.65,普通化合物当前有效条目=2，跨度≥0.6；中位数=0.425，左侧=1，右侧=1；剩余两条评分跨度达到0.6，保留高值
O=C1NC(=S)S/C1=C\c1ccc([N+](=O)[O-])cc1,Results_005,127,0.1,0.1,0.75,0.65,普通化合物当前有效条目=3，跨度≥0.6；中位数=0.6，左侧=1，右侧=1；两侧数量相同，删除距中位数更远的极端值；等距时删除低值
O=C(N/N=C/c1ccc(C(=O)Nc2ccccc2)cc1)c1ccncc1,Results_003,13892,1,0.1,1,0.9,普通化合物当前有效条目=4，跨度≥0.6；中位数=0.15，左侧=2，右侧=2；两侧数量相同，删除距中位数更远的极端值；等距时删除低值
Cc1ccc(NC(=O)c2ccc(/C=N/NC(=O)c3ccncc3)cc2)cc1,Results_003,13896,1,0.1,1,0.9,普通化合物当前有效条目=4，跨度≥0.6；中位数=0.15，左侧=2，右侧=2；两侧数量相同，删除距中位数更远的极端值；等距时删除低值
COc1ccc(NC(=O)c2ccc(/C=N/NC(=O)c3ccncc3)cc2)cc1,Results_003,13901,0.1,0.1,1,0.9,普通化合物当前有效条目=8，跨度≥0.6；中位数=0.8，左侧=3，右侧=3；两侧数量相同，删除距中位数更远的极端值；等距时删除低值
COc1ccc(NC(=O)c2ccc(/C=N/NC(=O)c3ccncc3)cc2)cc1,Results_003,13902,0.1,0.1,1,0.9,普通化合物当前有效条目=7，跨度≥0.6；中位数=0.8，左侧=2，右侧=3；删除记录数较少一侧的最外侧值
COc1ccc(NC(=O)c2ccc(/C=N/NC(=O)c3ccncc3)cc2)cc1,Results_003,13903,0.1,0.1,1,0.9,普通化合物当前有效条目=6，跨度≥0.6；中位数=0.9，左侧=3，右侧=3；两侧数量相同，删除距中位数更远的极端值；等距时删除低值
O=C(N/N=C/c1ccc(C(=O)Nc2ccc(F)cc2)cc1)c1ccncc1,Results_003,13908,1,0.1,1,0.9,普通化合物当前有效条目=4，跨度≥0.6；中位数=0.1，左侧=0，右侧=1；中位数左侧为空，删除右侧最高值
O=C(N/N=C/c1ccc(C(=O)Nc2ccc(Cl)cc2)cc1)c1ccncc1,Results_003,13912,1,0.1,1,0.9,普通化合物当前有效条目=4，跨度≥0.6；中位数=0.1，左侧=0，右侧=1；中位数左侧为空，删除右侧最高值
O=C(N/N=C/c1ccc(C(=O)Nc2ccc(Br)cc2)cc1)c1ccncc1,Results_003,13916,1,0.1,1,0.9,普通化合物当前有效条目=4，跨度≥0.6；中位数=0.1，左侧=0，右侧=1；中位数左侧为空，删除右侧最高值
O=C(N/N=C/c1ccc(C(=O)Nc2ccc(I)cc2)cc1)c1ccncc1,Results_003,13920,1,0.1,1,0.9,普通化合物当前有效条目=4，跨度≥0.6；中位数=0.15，左侧=2，右侧=2；两侧数量相同，删除距中位数更远的极端值；等距时删除低值
CCCc1cc(=O)oc2c3c(c4c(c12)OC(C)(C)C=C4)O[C@H](C)[C@@H](C)[C@@H]3O,Results_003,14044,0.4,0.4,1,0.6,参考化合物有效条目超过 8 条；该值比组内最高 Activity Level 低至少 0.4，仅删除该记录
CCCc1cc(=O)oc2c3c(c4c(c12)OC(C)(C)C=C4)O[C@H](C)[C@@H](C)[C@@H]3O,Results_003,14045,0.6,0.4,1,0.6,参考化合物有效条目超过 8 条；该值比组内最高 Activity Level 低至少 0.4，仅删除该记录
CCCc1cc(=O)oc2c3c(c4c(c12)OC(C)(C)C=C4)O[C@H](C)[C@@H](C)[C@@H]3O,Results_003,14046,0.4,0.4,1,0.6,参考化合物有效条目超过 8 条；该值比组内最高 Activity Level 低至少 0.4，仅删除该记录
CCCc1cc(=O)oc2c3c(c4c(c12)OC(C)(C)C=C4)O[C@H](C)[C@@H](C)[C@@H]3O,Results_003,14047,0.4,0.4,1,0.6,参考化合物有效条目超过 8 条；该值比组内最高 Activity Level 低至少 0.4，仅删除该记录
CCCc1cc(=O)oc2c3c(c4c(c12)OC(C)(C)C=C4)O[C@H](C)[C@@H](C)[C@@H]3O,Results_003,14048,0.6,0.4,1,0.6,参考化合物有效条目超过 8 条；该值比组内最高 Activity Level 低至少 0.4，仅删除该记录
CCCc1cc(=O)oc2c3c(c4c(c12)OC(C)(C)C=C4)O[C@H](C)[C@@H](C)[C@@H]3O,Results_003,14049,0.6,0.4,1,0.6,参考化合物有效条目超过 8 条；该值比组内最高 Activity Level 低至少 0.4，仅删除该记录
CCCc1cc(=O)oc2c3c(c4c(c12)OC(C)(C)C=C4)O[C@H](C)[C@@H](C)[C@@H]3O,Results_003,14050,0.6,0.4,1,0.6,参考化合物有效条目超过 8 条；该值比组内最高 Activity Level 低至少 0.4，仅删除该记录
CCCc1cc(=O)oc2c3c(c4c(c12)OC(C)(C)C=C4)O[C@H](C)[C@@H](C)[C@@H]3O,Results_003,14051,0.6,0.4,1,0.6,参考化合物有效条目超过 8 条；该值比组内最高 Activity Level 低至少 0.4，仅删除该记录
CC1(C)C=Cc2c(ccc3oc4ccccc4c23)O1,Results_004,3760,0.2,0.2,0.8,0.6,普通化合物当前有效条目=8，跨度≥0.6；中位数=0.5，左侧=4，右侧=4；两侧数量相同，删除距中位数更远的极端值；等距时删除低值
CSc1ccc(-c2cc(CN3CCSCC3)c(C)n2-c2ccc(F)cc2)cc1,Results_003,14463,0.4,0.4,1,0.6,普通化合物当前有效条目=4，跨度≥0.6；中位数=1，左侧=1，右侧=0；中位数右侧为空，删除左侧最低值
COc1ccc(Cn2cnc3c(-c4ccco4)nccc32)cc1,Results_003,14523,0.2,0.2,1,0.8,普通化合物当前有效条目=2，跨度≥0.6；中位数=0.6，左侧=1，右侧=1；剩余两条评分跨度达到0.6，保留高值
COc1ccc(Cn2cnc3c(-c4ccco4)nc(Cl)cc32)cc1,Results_003,14525,0.4,0.4,1,0.6,普通化合物当前有效条目=2，跨度≥0.6；中位数=0.7，左侧=1，右侧=1；剩余两条评分跨度达到0.6，保留高值
COc1ccc(Cn2ccc3c(-c4ccco4)nc(Cl)cc32)cc1,Results_003,14531,0.1,0.1,1,0.9,普通化合物当前有效条目=2，跨度≥0.6；中位数=0.55，左侧=1，右侧=1；剩余两条评分跨度达到0.6，保留高值
COC(=O)c1nc(N)sc1-c1cccc(Cl)c1,Results_003,17409,0,0,0.6,0.6,普通化合物当前有效条目=2，跨度≥0.6；中位数=0.3，左侧=1，右侧=1；剩余两条评分跨度达到0.6，保留高值
COC(=O)c1nc(NC(=O)CBr)sc1Cc1ccccc1,Results_003,17416,0,0,0.6,0.6,普通化合物当前有效条目=2，跨度≥0.6；中位数=0.3，左侧=1，右侧=1；剩余两条评分跨度达到0.6，保留高值
O=C(CBr)Nc1nc(C(=O)O)c(-c2cccc(Cl)c2)s1,Results_003,17419,0,0,0.6,0.6,普通化合物当前有效条目=2，跨度≥0.6；中位数=0.3，左侧=1，右侧=1；剩余两条评分跨度达到0.6，保留高值
Cc1cccc(NC(=O)c2ccc3ccccc3c2O)c1,Results_006,2250,0,0,0.6,0.6,普通化合物当前有效条目=2，跨度≥0.6；中位数=0.3，左侧=1，右侧=1；剩余两条评分跨度达到0.6，保留高值
C=C1CC2CCC3C1C2(C)CCC3(C)C,Results_003,14961,0.6,0,0.6,0.6,普通化合物当前有效条目=6，跨度≥0.6；中位数=0，左侧=0，右侧=2；中位数左侧为空，删除右侧最高值
CC1=NN(c2ccc(C(F)(F)F)cc2)C(=O)C1C(C1=C(O)C(=O)c2cc(F)ccc2C1=O)c1ccccc1,Results_003,15259,0.2,0.2,0.8,0.6,普通化合物当前有效条目=2，跨度≥0.6；中位数=0.5，左侧=1，右侧=1；剩余两条评分跨度达到0.6，保留高值
CC1=NN(c2ccc(C(F)(F)F)cc2)C(=O)C1C(C1=C(O)C(=O)c2cc(F)ccc2C1=O)c1ccc(C)cc1,Results_003,15261,0.2,0.2,0.8,0.6,普通化合物当前有效条目=2，跨度≥0.6；中位数=0.5，左侧=1，右侧=1；剩余两条评分跨度达到0.6，保留高值
COc1ccc(C(C2=C(O)C(=O)c3cc(F)ccc3C2=O)C2C(=O)N(c3ccc(C(F)(F)F)cc3)N=C2C)cc1,Results_003,15263,0.2,0.2,0.8,0.6,普通化合物当前有效条目=2，跨度≥0.6；中位数=0.5，左侧=1，右侧=1；剩余两条评分跨度达到0.6，保留高值
CC1=NN(c2ccc(C(F)(F)F)cc2)C(=O)C1C(C1=C(O)C(=O)c2cc(F)ccc2C1=O)c1ccc(O)cc1,Results_003,15265,0.2,0.2,0.8,0.6,普通化合物当前有效条目=2，跨度≥0.6；中位数=0.5，左侧=1，右侧=1；剩余两条评分跨度达到0.6，保留高值
CC1=NN(c2ccc(C(F)(F)F)cc2)C(=O)C1C(C1=C(O)C(=O)c2cc(F)ccc2C1=O)c1ccc(F)cc1,Results_003,15267,0.4,0.4,1,0.6,普通化合物当前有效条目=2，跨度≥0.6；中位数=0.7，左侧=1，右侧=1；剩余两条评分跨度达到0.6，保留高值
CC1=NN(c2ccc(C(F)(F)F)cc2)C(=O)C1C(C1=C(O)C(=O)c2cc(F)ccc2C1=O)c1ccc(Cl)cc1,Results_003,15269,0.2,0.2,1,0.8,普通化合物当前有效条目=2，跨度≥0.6；中位数=0.6，左侧=1，右侧=1；剩余两条评分跨度达到0.6，保留高值
CC1=NN(c2ccc(C(F)(F)F)cc2)C(=O)C1C(C1=C(O)C(=O)c2cc(F)ccc2C1=O)c1ccc(Br)cc1,Results_003,15271,0.2,0.2,1,0.8,普通化合物当前有效条目=2，跨度≥0.6；中位数=0.6，左侧=1，右侧=1；剩余两条评分跨度达到0.6，保留高值
CC1=NN(c2ccc(C(F)(F)F)cc2)C(=O)C1C(C1=C(O)C(=O)c2cc(F)ccc2C1=O)c1ccc(OC(F)(F)F)cc1,Results_003,15277,0.4,0.4,1,0.6,普通化合物当前有效条目=2，跨度≥0.6；中位数=0.7，左侧=1，右侧=1；剩余两条评分跨度达到0.6，保留高值
COc1ccc2c(c1)OC1(CCCCC1)C/C2=N\N=C(/O)c1ccc(N)cc1,Results_003,15319,0,0,0.8,0.8,普通化合物当前有效条目=3，跨度≥0.6；中位数=0.4，左侧=1，右侧=1；两侧数量相同，删除距中位数更远的极端值；等距时删除低值
COc1ccc2c(c1)OC1(CCCCC1)CC2=Nn1c(C)cc(C)c(C#N)c1=O,Results_003,15323,0.8,0,0.8,0.8,普通化合物当前有效条目=3，跨度≥0.6；中位数=0，左侧=0，右侧=1；中位数左侧为空，删除右侧最高值
COc1ccc2c(c1)OC1(CCCCC1)C/C2=N\NC(=O)c1sc(=S)n(-c2ccccc2)c1N,Results_003,15329,0.8,0,0.8,0.8,普通化合物当前有效条目=3，跨度≥0.6；中位数=0，左侧=0，右侧=1；中位数左侧为空，删除右侧最高值
COc1ccc2c(c1)OC1(CCCCC1)C/C2=N\NC(=O)c1c(N)sc2c1CCCC2,Results_003,15332,0.8,0.1,0.8,0.7,普通化合物当前有效条目=3，跨度≥0.6；中位数=0.2，左侧=1，右侧=1；两侧数量相同，删除距中位数更远的极端值；等距时删除低值
COc1ccc2c(c1)OC1(CCCCC1)C/C2=N\NC(=O)/C(C#N)=N/Nc1ccccc1,Results_003,15335,0.8,0,0.8,0.8,普通化合物当前有效条目=3，跨度≥0.6；中位数=0.1，左侧=1，右侧=1；两侧数量相同，删除距中位数更远的极端值；等距时删除低值
COc1ccc2c(c1)OC1(CCCCC1)C/C2=N\NC(=O)/C(C#N)=C(/Nc1ccccc1)SC,Results_003,15338,0.8,0,0.8,0.8,普通化合物当前有效条目=3，跨度≥0.6；中位数=0，左侧=0，右侧=1；中位数左侧为空，删除右侧最高值
C/C=C/c1ccc2oc(-c3ccc(O)c(OC)c3)c(C)c2c1,Results_004,14612,0,0,0.8,0.8,参考化合物有效条目超过 8 条；该值比组内最高 Activity Level 低至少 0.4，仅删除该记录
C/C=C/c1ccc2oc(-c3ccc(O)c(OC)c3)c(C)c2c1,Results_004,14613,0,0,0.8,0.8,参考化合物有效条目超过 8 条；该值比组内最高 Activity Level 低至少 0.4，仅删除该记录
C/C=C/c1ccc2oc(-c3ccc(OC)c(OC)c3)c(C)c2c1,Results_003,15408,0,0,0.8,0.8,参考化合物有效条目超过 8 条；该值比组内最高 Activity Level 低至少 0.4，仅删除该记录
C/C=C/c1ccc2oc(-c3ccc(OC)c(OC)c3)c(C)c2c1,Results_003,15409,0,0,0.8,0.8,参考化合物有效条目超过 8 条；该值比组内最高 Activity Level 低至少 0.4，仅删除该记录
C/C=C/c1ccc2oc(-c3ccc(OC)c(OC)c3)c(C)c2c1,Results_003,15414,0,0,0.8,0.8,参考化合物有效条目超过 8 条；该值比组内最高 Activity Level 低至少 0.4，仅删除该记录
COc1ccc2nc3cc(Cl)ccc3c(Nc3cc(CN4CCCC4)c(O)c(CN4CCCC4)c3)c2n1,Results_003,15670,0,0,0.8,0.8,普通化合物当前有效条目=6，跨度≥0.6；中位数=0.5，左侧=3，右侧=3；两侧数量相同，删除距中位数更远的极端值；等距时删除低值
COc1ccc2nc3cc(Cl)ccc3c(Nc3cc(CN4CCCC4)c(O)c(CN4CCCC4)c3)c2n1,Results_003,15671,0.1,0.1,0.8,0.7,普通化合物当前有效条目=5，跨度≥0.6；中位数=0.6，左侧=2，右侧=2；两侧数量相同，删除距中位数更远的极端值；等距时删除低值
CCN(CC)CCCC(C)Nc1ccnc2cc(Cl)ccc12,Results_005,11674,0.6,0,0.6,0.6,普通化合物当前有效条目=4，跨度≥0.6；中位数=0.25，左侧=2，右侧=2；两侧数量相同，删除距中位数更远的极端值；等距时删除低值
COc1ccc(Oc2cc(NC(=O)c3ccc(F)cc3Cl)ccc2OC)cc1,Results_003,16008,0.1,0.1,0.8,0.7,普通化合物当前有效条目=4，跨度≥0.6；中位数=0.5，左侧=2，右侧=2；两侧数量相同，删除距中位数更远的极端值；等距时删除低值
COc1ccc(Oc2cc(NC(=O)c3ccc(F)cc3Cl)ccc2OC)cc1,Results_003,16009,0.2,0.2,0.8,0.6,普通化合物当前有效条目=3，跨度≥0.6；中位数=0.8，左侧=1，右侧=0；中位数右侧为空，删除左侧最低值
O=c1c2cc(Cl)cnc2[nH]c(=S)n1Cc1cccnc1,Results_003,16129,0.2,0.2,0.8,0.6,普通化合物当前有效条目=2，跨度≥0.6；中位数=0.5，左侧=1，右侧=1；剩余两条评分跨度达到0.6，保留高值
O=c1c2nc(Cl)ccc2[nH]c(=S)n1Cc1cccnc1,Results_003,16131,0.2,0.2,0.8,0.6,普通化合物当前有效条目=2，跨度≥0.6；中位数=0.5，左侧=1，右侧=1；剩余两条评分跨度达到0.6，保留高值
O=c1c2ccncc2[nH]c(=S)n1Cc1cccnc1,Results_003,16135,0.2,0.2,0.8,0.6,普通化合物当前有效条目=2，跨度≥0.6；中位数=0.5，左侧=1，右侧=1；剩余两条评分跨度达到0.6，保留高值
O=c1c2cc(C(F)(F)F)ncc2[nH]c(=S)n1Cc1cccnc1,Results_003,16137,0.4,0.4,1,0.6,普通化合物当前有效条目=2，跨度≥0.6；中位数=0.7，左侧=1，右侧=1；剩余两条评分跨度达到0.6，保留高值
Cc1cc2c(=O)n(Cc3cccnc3)c(=S)[nH]c2cn1,Results_003,16141,0.4,0.4,1,0.6,普通化合物当前有效条目=2，跨度≥0.6；中位数=0.7，左侧=1，右侧=1；剩余两条评分跨度达到0.6，保留高值
CC/C(C)=C1\OC(=O)[C@H](C)[C@H](O)[C@H](Cc2cccnc2)NC(=O)[C@@H](NC(=O)c2cccc(F)c2O)[C@@H](C)OC1=O,Results_003,16242,0.2,0.2,0.8,0.6,普通化合物当前有效条目=4，跨度≥0.6；中位数=0.5，左侧=2，右侧=2；两侧数量相同，删除距中位数更远的极端值；等距时删除低值
CC/C(C)=C1\OC(=O)[C@H](C)[C@H](O)[C@H](Cc2cccnc2)NC(=O)[C@@H](NC(=O)c2cccc(F)c2O)[C@@H](C)OC1=O,Results_003,16244,0.2,0.2,0.8,0.6,普通化合物当前有效条目=3，跨度≥0.6；中位数=0.8，左侧=1，右侧=0；中位数右侧为空，删除左侧最低值
CC/C(C)=C1\OC(=O)[C@H](C)[C@H](O)[C@H](Cc2cccnc2)NC(=O)[C@@H](NC(=O)c2ncc[nH]c2=O)[C@@H](C)OC1=O,Results_003,16254,0.2,0.2,1,0.8,普通化合物当前有效条目=4，跨度≥0.6；中位数=0.7，左侧=2，右侧=2；两侧数量相同，删除距中位数更远的极端值；等距时删除低值
CC/C(C)=C1\OC(=O)[C@H](C)[C@H](O)[C@H](Cc2cccnc2)NC(=O)[C@@H](NC(=O)c2ncc[nH]c2=O)[C@@H](C)OC1=O,Results_003,16256,0.4,0.4,1,0.6,普通化合物当前有效条目=3，跨度≥0.6；中位数=1，左侧=1，右侧=0；中位数右侧为空，删除左侧最低值
CC/C(C)=C1\OC(=O)[C@H](C)[C@H](O)[C@H](Cc2cccnc2)NC(=O)[C@@H](NC(=O)c2nsnc2O)[C@@H](C)OC1=O,Results_003,16258,0.2,0.2,1,0.8,普通化合物当前有效条目=4，跨度≥0.6；中位数=0.7，左侧=2，右侧=2；两侧数量相同，删除距中位数更远的极端值；等距时删除低值
CC/C(C)=C1\OC(=O)[C@H](C)[C@H](O)[C@H](Cc2cccnc2)NC(=O)[C@@H](NC(=O)c2nsnc2O)[C@@H](C)OC1=O,Results_003,16260,0.4,0.4,1,0.6,普通化合物当前有效条目=3，跨度≥0.6；中位数=1，左侧=1，右侧=0；中位数右侧为空，删除左侧最低值
NC(=O)c1sc(N2CCOCC2)cc1OCCc1ccccc1,Results_003,16267,0.4,0.4,1,0.6,普通化合物当前有效条目=4，跨度≥0.6；中位数=0.8，左侧=2，右侧=2；两侧数量相同，删除距中位数更远的极端值；等距时删除低值
NC(=O)c1sc(N2CCOCC2)cc1OCCc1cccc(F)c1,Results_003,16298,0.4,0.4,1,0.6,普通化合物当前有效条目=3，跨度≥0.6；中位数=0.8，左侧=1，右侧=1；两侧数量相同，删除距中位数更远的极端值；等距时删除低值
COc1ccc(S(=O)(=O)N2CCCCCC2)cc1NC(=O)Cc1c[nH]c2ccccc12,Results_003,16310,0.2,0.2,0.8,0.6,参考化合物有效条目超过 8 条；该值比组内最高 Activity Level 低至少 0.4，仅删除该记录
COc1ccc(S(=O)(=O)N2CCCCCC2)cc1NC(=O)Cc1c[nH]c2ccccc12,Results_003,16311,0.2,0.2,0.8,0.6,参考化合物有效条目超过 8 条；该值比组内最高 Activity Level 低至少 0.4，仅删除该记录
COc1ccc(S(=O)(=O)N2CCCCCC2)cc1NC(=O)Cc1c[nH]c2ccccc12,Results_003,16312,0.2,0.2,0.8,0.6,参考化合物有效条目超过 8 条；该值比组内最高 Activity Level 低至少 0.4，仅删除该记录
COc1ccc(S(=O)(=O)N2CCCCCC2)cc1NC(=O)Cc1c[nH]c2ccccc12,Results_003,16316,0.2,0.2,0.8,0.6,参考化合物有效条目超过 8 条；该值比组内最高 Activity Level 低至少 0.4，仅删除该记录
COc1ccc(S(=O)(=O)N2CCCCCC2)cc1NC(=O)Cc1c[nH]c2ccccc12,Results_003,16317,0.2,0.2,0.8,0.6,参考化合物有效条目超过 8 条；该值比组内最高 Activity Level 低至少 0.4，仅删除该记录
COc1ccc(S(=O)(=O)N2CCCCCC2)cc1NC(=O)Cc1c[nH]c2ccccc12,Results_003,16318,0.2,0.2,0.8,0.6,参考化合物有效条目超过 8 条；该值比组内最高 Activity Level 低至少 0.4，仅删除该记录
COc1ccc2[nH]cc(CC(=O)Nc3cc(S(=O)(=O)N4CCCCCC4)ccc3OC)c2c1,Results_003,16320,0.2,0.2,0.8,0.6,参考化合物有效条目超过 8 条；该值比组内最高 Activity Level 低至少 0.4，仅删除该记录
COc1ccc2[nH]cc(CC(=O)Nc3cc(S(=O)(=O)N4CCCCCC4)ccc3OC)c2c1,Results_003,16321,0.2,0.2,0.8,0.6,参考化合物有效条目超过 8 条；该值比组内最高 Activity Level 低至少 0.4，仅删除该记录
COc1ccc2[nH]cc(CC(=O)Nc3cc(S(=O)(=O)N4CCCCCC4)ccc3OC)c2c1,Results_003,16322,0.2,0.2,0.8,0.6,参考化合物有效条目超过 8 条；该值比组内最高 Activity Level 低至少 0.4，仅删除该记录
COc1ccc2[nH]cc(CC(=O)Nc3cc(S(=O)(=O)N4CCCCCC4)ccc3OC)c2c1,Results_003,16326,0.2,0.2,0.8,0.6,参考化合物有效条目超过 8 条；该值比组内最高 Activity Level 低至少 0.4，仅删除该记录
COc1ccc2[nH]cc(CC(=O)Nc3cc(S(=O)(=O)N4CCCCCC4)ccc3OC)c2c1,Results_003,16327,0.2,0.2,0.8,0.6,参考化合物有效条目超过 8 条；该值比组内最高 Activity Level 低至少 0.4，仅删除该记录
COc1ccc2[nH]cc(CC(=O)Nc3cc(S(=O)(=O)N4CCCCCC4)ccc3OC)c2c1,Results_003,16328,0.2,0.2,0.8,0.6,参考化合物有效条目超过 8 条；该值比组内最高 Activity Level 低至少 0.4，仅删除该记录
COc1ccc(S(=O)(=O)N2CCCCCC2)cc1NC(=O)CCc1c[nH]c2ccccc12,Results_003,16330,0.2,0.2,0.8,0.6,参考化合物有效条目超过 8 条；该值比组内最高 Activity Level 低至少 0.4，仅删除该记录
COc1ccc(S(=O)(=O)N2CCCCCC2)cc1NC(=O)CCc1c[nH]c2ccccc12,Results_003,16331,0.2,0.2,0.8,0.6,参考化合物有效条目超过 8 条；该值比组内最高 Activity Level 低至少 0.4，仅删除该记录
COc1ccc(S(=O)(=O)N2CCCCCC2)cc1NC(=O)CCc1c[nH]c2ccccc12,Results_003,16336,0.2,0.2,0.8,0.6,参考化合物有效条目超过 8 条；该值比组内最高 Activity Level 低至少 0.4，仅删除该记录
COc1ccc(S(=O)(=O)N2CCCCCC2)cc1NC(=O)CCc1c[nH]c2ccccc12,Results_003,16337,0.2,0.2,0.8,0.6,参考化合物有效条目超过 8 条；该值比组内最高 Activity Level 低至少 0.4，仅删除该记录
COc1ccc(S(=O)(=O)N2CCCCCC2)cc1NC(=O)Cc1coc2ccccc12,Results_003,16340,0.2,0.2,0.8,0.6,参考化合物有效条目超过 8 条；该值比组内最高 Activity Level 低至少 0.4，仅删除该记录
COc1ccc(S(=O)(=O)N2CCCCCC2)cc1NC(=O)Cc1coc2ccccc12,Results_003,16341,0.2,0.2,0.8,0.6,参考化合物有效条目超过 8 条；该值比组内最高 Activity Level 低至少 0.4，仅删除该记录
COc1ccc(S(=O)(=O)N2CCCCCC2)cc1NC(=O)Cc1coc2ccccc12,Results_003,16346,0.2,0.2,0.8,0.6,参考化合物有效条目超过 8 条；该值比组内最高 Activity Level 低至少 0.4，仅删除该记录
COc1ccc(S(=O)(=O)N2CCCCCC2)cc1NC(=O)Cc1coc2ccccc12,Results_003,16347,0.2,0.2,0.8,0.6,参考化合物有效条目超过 8 条；该值比组内最高 Activity Level 低至少 0.4，仅删除该记录
COc1ccc(S(=O)(=O)N2CCCCCCC2)cc1NC(=O)Cc1n[nH]c(=O)c2ccccc12,Results_003,16350,0.2,0.2,0.6,0.4,参考化合物有效条目超过 8 条；该值比组内最高 Activity Level 低至少 0.4，仅删除该记录
COc1ccc(S(=O)(=O)N2CCCCCCC2)cc1NC(=O)Cc1n[nH]c(=O)c2ccccc12,Results_003,16351,0.2,0.2,0.6,0.4,参考化合物有效条目超过 8 条；该值比组内最高 Activity Level 低至少 0.4，仅删除该记录
COc1ccc(S(=O)(=O)N2CCCCCCC2)cc1NC(=O)Cc1n[nH]c(=O)c2ccccc12,Results_003,16356,0.2,0.2,0.6,0.4,参考化合物有效条目超过 8 条；该值比组内最高 Activity Level 低至少 0.4，仅删除该记录
COc1ccc(S(=O)(=O)N2CCCCCCC2)cc1NC(=O)Cc1n[nH]c(=O)c2ccccc12,Results_003,16357,0.2,0.2,0.6,0.4,参考化合物有效条目超过 8 条；该值比组内最高 Activity Level 低至少 0.4，仅删除该记录
Cc1cn2c(C(=O)NCc3ccccc3)c(C)nc2s1,Results_003,16488,0.2,0.2,1,0.8,普通化合物当前有效条目=3，跨度≥0.6；中位数=1，左侧=1，右侧=0；中位数右侧为空，删除左侧最低值
Cc1cn2c(C(=O)NCc3ccc(C(F)(F)F)cc3)c(C)nc2s1,Results_003,16497,0.6,0.6,1,0.4,参考化合物有效条目超过 8 条；该值比组内最高 Activity Level 低至少 0.4，仅删除该记录
Cc1cn2c(C(=O)NCc3ccc(-c4ccc(C(F)(F)F)cc4)cc3)c(C)nc2s1,Results_003,16512,0.2,0.2,1,0.8,普通化合物当前有效条目=6，跨度≥0.6；中位数=1，左侧=2，右侧=0；中位数右侧为空，删除左侧最低值
Cc1cn2c(C(=O)NCc3ccc(-c4ccc(C(F)(F)F)cc4)cc3)c(C)nc2s1,Results_003,16521,0.2,0.2,1,0.8,普通化合物当前有效条目=5，跨度≥0.6；中位数=1，左侧=1，右侧=0；中位数右侧为空，删除左侧最低值
O=C(Nc1ccc(Oc2ccc(C(F)(F)F)cc2)cc1)c1cnc2sccn12,Results_003,16524,0.2,0.2,1,0.8,普通化合物当前有效条目=3，跨度≥0.6；中位数=1，左侧=1，右侧=0；中位数右侧为空，删除左侧最低值
Cc1ccn2c(C(=O)Nc3ccc(Oc4ccc(C(F)(F)F)cc4)cc3)c(C)nc2c1,Results_003,16527,0.2,0.2,1,0.8,普通化合物当前有效条目=3，跨度≥0.6；中位数=1，左侧=1，右侧=0；中位数右侧为空，删除左侧最低值
Cc1cn2c(C(=O)NCc3ccc(N4CCOCC4)cc3)c(C)nc2s1,Results_003,16536,0.4,0.4,1,0.6,普通化合物当前有效条目=3，跨度≥0.6；中位数=1，左侧=1，右侧=0；中位数右侧为空，删除左侧最低值
Cc1cn2c(C(=O)NCc3ccc(N4CCOCC4)c(F)c3)c(C)nc2s1,Results_003,16539,0.2,0.2,1,0.8,参考化合物有效条目超过 8 条；该值比组内最高 Activity Level 低至少 0.4，仅删除该记录
Cc1cn2c(C(=O)NCc3ccc(N4CCN(c5ccc(C(F)(F)F)cn5)CC4)c(F)c3)c(C)nc2s1,Results_003,16554,0.6,0.6,1,0.4,参考化合物有效条目超过 8 条；该值比组内最高 Activity Level 低至少 0.4，仅删除该记录
Cc1ccc(C2=CS(=O)(=O)CCCS2(=O)=O)cc1,Results_003,16648,0.125,0.125,0.75,0.625,普通化合物当前有效条目=4，跨度≥0.6；中位数=0.5，左侧=2，右侧=2；两侧数量相同，删除距中位数更远的极端值；等距时删除低值
O=C(Cc1ccccc1)Nc1cc(-c2ccccn2)nc2nncn12,Results_003,16692,0.2,0.2,1,0.8,普通化合物当前有效条目=2，跨度≥0.6；中位数=0.6，左侧=1，右侧=1；剩余两条评分跨度达到0.6，保留高值
O=C(CC(=O)c1ccccc1O)c1cc2ccccc2s1,Results_003,16815,0.2,0.2,0.8,0.6,普通化合物当前有效条目=6，跨度≥0.6；中位数=0.8，左侧=2，右侧=0；中位数右侧为空，删除左侧最低值
Cc1ccc(C(=O)CC(=O)c2cc3ccccc3s2)c(O)c1,Results_003,16817,0.2,0.2,0.8,0.6,普通化合物当前有效条目=6，跨度≥0.6；中位数=0.6，左侧=1，右侧=1；两侧数量相同，删除距中位数更远的极端值；等距时删除低值
O=c1cc(-c2cc3ccccc3s2)oc2ccc(F)cc12,Results_003,16824,0.8,0.2,0.8,0.6,普通化合物当前有效条目=6，跨度≥0.6；中位数=0.4，左侧=3，右侧=3；两侧数量相同，删除距中位数更远的极端值；等距时删除低值
Cc1cc2oc(-c3cc4ccccc4s3)cc(=O)c2cc1Cl,Results_003,16830,0.8,0.2,0.8,0.6,普通化合物当前有效条目=6，跨度≥0.6；中位数=0.6，左侧=2，右侧=1；删除记录数较少一侧的最外侧值
CCOC(=O)c1nc2ccc(C(F)(F)F)cc2nc1NCc1ccc(OCC)cc1,Results_003,16910,0.2,0.2,0.8,0.6,普通化合物当前有效条目=6，跨度≥0.6；中位数=0.8，左侧=2，右侧=0；中位数右侧为空，删除左侧最低值
CCOC(=O)c1nc2ccc(C(F)(F)F)cc2nc1NCc1ccc(OCC)cc1,Results_003,16913,0.2,0.2,0.8,0.6,普通化合物当前有效条目=5，跨度≥0.6；中位数=0.8，左侧=1，右侧=0；中位数右侧为空，删除左侧最低值
COc1nc2ccc(Br)cc2cc1[C@@H](c1ccccc1)[C@@](O)(CCN(C)C)c1cccc2ccccc12,Results_003,17111,0.6,0.6,1,0.4,参考化合物有效条目超过 8 条；该值比组内最高 Activity Level 低至少 0.4，仅删除该记录
COc1nc2ccc(Br)cc2cc1[C@@H](c1ccccc1)[C@@](O)(CCN(C)C)c1cccc2ccccc12,Results_003,17114,0.6,0.6,1,0.4,参考化合物有效条目超过 8 条；该值比组内最高 Activity Level 低至少 0.4，仅删除该记录
COc1nc2ccc(Br)cc2cc1[C@@H](c1ccccc1)[C@@](O)(CCN(C)C)c1cccc2ccccc12,Results_003,17118,0.6,0.6,1,0.4,参考化合物有效条目超过 8 条；该值比组内最高 Activity Level 低至少 0.4，仅删除该记录
COc1nc2ccc(Br)cc2cc1[C@@H](c1ccccc1)[C@@](O)(CCN(C)C)c1cccc2ccccc12,Results_003,17120,0.6,0.6,1,0.4,参考化合物有效条目超过 8 条；该值比组内最高 Activity Level 低至少 0.4，仅删除该记录
N[C@H]1CONC1=O,Results_003,17841,0.1,0,0.6,0.6,参考化合物有效条目超过 8 条；该值比组内最高 Activity Level 低至少 0.4，仅删除该记录
N[C@H]1CONC1=O,Results_004,1249,0.2,0,0.6,0.6,参考化合物有效条目超过 8 条；该值比组内最高 Activity Level 低至少 0.4，仅删除该记录
N[C@H]1CONC1=O,Results_004,1250,0,0,0.6,0.6,参考化合物有效条目超过 8 条；该值比组内最高 Activity Level 低至少 0.4，仅删除该记录
N[C@H]1CONC1=O,Results_004,5344,0.2,0,0.6,0.6,参考化合物有效条目超过 8 条；该值比组内最高 Activity Level 低至少 0.4，仅删除该记录
N[C@H]1CONC1=O,Results_005,10207,0.2,0,0.6,0.6,参考化合物有效条目超过 8 条；该值比组内最高 Activity Level 低至少 0.4，仅删除该记录
CCOc1ccc(NC(=S)NC)cc1,Results_003,17203,0.125,0.125,0.75,0.625,普通化合物当前有效条目=2，跨度≥0.6；中位数=0.4375，左侧=1，右侧=1；剩余两条评分跨度达到0.6，保留高值
CCOc1ccc2nc(NC(=S)Nc3ccccc3)sc2c1,Results_003,17208,0.25,0.25,1,0.75,普通化合物当前有效条目=3，跨度≥0.6；中位数=0.75，左侧=1，右侧=1；两侧数量相同，删除距中位数更远的极端值；等距时删除低值
O=C(NC(=S)Nc1ccc2oc(-c3ccccc3)nc2c1)c1ccccc1,Results_003,17218,0,0,1,1,普通化合物当前有效条目=2，跨度≥0.6；中位数=0.5，左侧=1，右侧=1；剩余两条评分跨度达到0.6，保留高值
O=C(Nc1ccc(Br)c(O)c1)c1ccc(OC(F)(F)F)cc1,Results_003,17349,0.6,0.6,1,0.4,参考化合物有效条目超过 8 条；该值比组内最高 Activity Level 低至少 0.4，仅删除该记录
O=C(Nc1ccc(Br)c(O)c1)c1ccc(OC(F)(F)F)cc1,Results_003,17350,0.6,0.6,1,0.4,参考化合物有效条目超过 8 条；该值比组内最高 Activity Level 低至少 0.4，仅删除该记录
O=C(Nc1ccc(Br)c(O)c1)c1ccc(OC(F)(F)F)cc1,Results_003,17351,0.6,0.6,1,0.4,参考化合物有效条目超过 8 条；该值比组内最高 Activity Level 低至少 0.4，仅删除该记录
O=C(Nc1ccc(Br)c(O)c1)c1ccc(OC(F)(F)F)cc1,Results_003,17352,0.6,0.6,1,0.4,参考化合物有效条目超过 8 条；该值比组内最高 Activity Level 低至少 0.4，仅删除该记录
O=C(Nc1ccc(Br)c(O)c1)c1ccc(OC(F)(F)F)cc1,Results_003,17354,0.6,0.6,1,0.4,参考化合物有效条目超过 8 条；该值比组内最高 Activity Level 低至少 0.4，仅删除该记录
O=C(Nc1ccc(Br)c(O)c1)c1ccc(OC(F)(F)F)cc1,Results_003,17355,0.6,0.6,1,0.4,参考化合物有效条目超过 8 条；该值比组内最高 Activity Level 低至少 0.4，仅删除该记录
O=C(Nc1ccc(Br)c(O)c1)c1ccc(C(F)(F)F)cc1,Results_003,17362,0.4,0.4,1,0.6,参考化合物有效条目超过 8 条；该值比组内最高 Activity Level 低至少 0.4，仅删除该记录
O=C(Nc1ccc(Br)c(O)c1)c1ccc(C(F)(F)F)cc1,Results_003,17363,0.4,0.4,1,0.6,参考化合物有效条目超过 8 条；该值比组内最高 Activity Level 低至少 0.4，仅删除该记录
O=C(Nc1ccc(Br)c(O)c1)c1ccc(C(F)(F)F)cc1,Results_003,17364,0.4,0.4,1,0.6,参考化合物有效条目超过 8 条；该值比组内最高 Activity Level 低至少 0.4，仅删除该记录
O=C(Nc1ccc(Br)c(O)c1)c1ccc(C(F)(F)F)cc1,Results_003,17365,0.4,0.4,1,0.6,参考化合物有效条目超过 8 条；该值比组内最高 Activity Level 低至少 0.4，仅删除该记录
O=C(Nc1ccc(Br)c(O)c1)c1ccc(C(F)(F)F)cc1,Results_003,17366,0.6,0.4,1,0.6,参考化合物有效条目超过 8 条；该值比组内最高 Activity Level 低至少 0.4，仅删除该记录
O=C(Nc1ccc(Br)c(O)c1)c1ccc(C(F)(F)F)cc1,Results_003,17367,0.4,0.4,1,0.6,参考化合物有效条目超过 8 条；该值比组内最高 Activity Level 低至少 0.4，仅删除该记录
O=C(Nc1ccc(Br)c(O)c1)c1ccc(C(F)(F)F)cc1,Results_003,17368,0.4,0.4,1,0.6,参考化合物有效条目超过 8 条；该值比组内最高 Activity Level 低至少 0.4，仅删除该记录
COc1cccc(CNC(=O)c2c(C)nc3cc(C)ccn23)c1,Results_006,1448,0.6,0.6,1,0.4,参考化合物有效条目超过 8 条；该值比组内最高 Activity Level 低至少 0.4，仅删除该记录
CCSc1nc(NC)c2ccccc2n1,Results_003,17463,0,0,1,1,普通化合物当前有效条目=7，跨度≥0.6；中位数=1，左侧=1，右侧=0；中位数右侧为空，删除左侧最低值
CCNc1nc(SCC)nc2ccccc12,Results_003,17470,0,0,1,1,普通化合物当前有效条目=7，跨度≥0.6；中位数=1，左侧=1，右侧=0；中位数右侧为空，删除左侧最低值
CCSc1nc(NC)c2cccc(F)c2n1,Results_003,17479,0,0,1,1,普通化合物当前有效条目=7，跨度≥0.6；中位数=1，左侧=1，右侧=0；中位数右侧为空，删除左侧最低值
COc1cc(C=NNC(=O)c2cc3ccccc3oc2=O)cc(OC)c1OC,Results_003,17678,0.1,0.1,0.8,0.7,普通化合物当前有效条目=4，跨度≥0.6；中位数=0.5，左侧=2，右侧=2；两侧数量相同，删除距中位数更远的极端值；等距时删除低值
O=C(COc1ccc([N+](=O)[O-])c(F)c1)Nc1ccccc1[N+](=O)[O-],Results_003,18003,0.2,0.2,0.8,0.6,普通化合物当前有效条目=3，跨度≥0.6；中位数=0.8，左侧=1，右侧=0；中位数右侧为空，删除左侧最低值
CCOC(=O)c1ccc(N2CCN(CCn3c(-c4ccccc4)nc4cc(C(=O)OCC)ccc43)CC2)c(N)c1,Results_003,18437,0.2,0.2,0.8,0.6,普通化合物当前有效条目=2，跨度≥0.6；中位数=0.5，左侧=1，右侧=1；剩余两条评分跨度达到0.6，保留高值
CC(C)=CCC/C(C)=C/COc1cccc(Nc2nc3ccccc3c(=O)o2)c1,Results_003,18526,0.6,0,0.6,0.6,普通化合物当前有效条目=6，跨度≥0.6；中位数=0，左侧=0，右侧=2；中位数左侧为空，删除右侧最高值
CC(C)=CCC/C(C)=C/COc1cccc(Nc2nc3ccccc3c(=O)o2)c1,Results_003,18529,0.6,0,0.6,0.6,普通化合物当前有效条目=5，跨度≥0.6；中位数=0，左侧=0，右侧=1；中位数左侧为空，删除右侧最高值
CC(C)=CCC/C(C)=C/CC/C(C)=C/COc1cccc(Nc2nc3ccccc3c(=O)o2)c1,Results_003,18532,0.8,0.1,0.8,0.7,普通化合物当前有效条目=6，跨度≥0.6；中位数=0.1，左侧=0，右侧=2；中位数左侧为空，删除右侧最高值
CC(C)=CCC/C(C)=C/CC/C(C)=C/COc1cccc(Nc2nc3ccccc3c(=O)o2)c1,Results_003,18535,0.8,0.1,0.8,0.7,普通化合物当前有效条目=5，跨度≥0.6；中位数=0.1，左侧=0，右侧=1；中位数左侧为空，删除右侧最高值
COc1ccc(OC)c(S(=O)(=O)n2c(COc3ccc([N+](=O)[O-])cc3)nc3ccc(Br)cc32)c1,Results_003,18590,0.2,0.2,1,0.8,普通化合物当前有效条目=2，跨度≥0.6；中位数=0.6，左侧=1，右侧=1；剩余两条评分跨度达到0.6，保留高值
O=[N+]([O-])c1ccc(OCc2nc3ccc(Br)cc3n2S(=O)(=O)c2ccc(Cl)cc2Cl)cc1,Results_003,18594,0.2,0.2,0.8,0.6,普通化合物当前有效条目=2，跨度≥0.6；中位数=0.5，左侧=1，右侧=1；剩余两条评分跨度达到0.6，保留高值
O=[N+]([O-])c1ccc(OCc2nc3ccc(Br)cc3n2S(=O)(=O)c2cc(Cl)ccc2Cl)cc1,Results_003,18596,0.2,0.2,0.8,0.6,普通化合物当前有效条目=2，跨度≥0.6；中位数=0.5，左侧=1，右侧=1；剩余两条评分跨度达到0.6，保留高值
N#Cc1cccc(S(=O)(=O)n2c(COc3ccc([N+](=O)[O-])cc3)nc3ccc(Br)cc32)c1,Results_003,18600,0.2,0.2,0.8,0.6,普通化合物当前有效条目=2，跨度≥0.6；中位数=0.5，左侧=1，右侧=1；剩余两条评分跨度达到0.6，保留高值
COc1ccc(S(=O)(=O)n2c(COc3ccc([N+](=O)[O-])cc3)nc3ccc(Br)cc32)c(OC)c1,Results_003,18606,0.2,0.2,0.8,0.6,普通化合物当前有效条目=2，跨度≥0.6；中位数=0.5，左侧=1，右侧=1；剩余两条评分跨度达到0.6，保留高值
Cc1cccc(S(=O)(=O)n2c(COc3ccc([N+](=O)[O-])cc3)nc3ccc(Br)cc32)c1,Results_003,18608,0.2,0.2,0.8,0.6,普通化合物当前有效条目=2，跨度≥0.6；中位数=0.5，左侧=1，右侧=1；剩余两条评分跨度达到0.6，保留高值
O=[N+]([O-])c1ccc(OCc2nc3cc(Br)ccc3n2S(=O)(=O)c2cc(F)ccc2F)cc1,Results_003,18612,0.2,0.2,0.8,0.6,普通化合物当前有效条目=2，跨度≥0.6；中位数=0.5，左侧=1，右侧=1；剩余两条评分跨度达到0.6，保留高值
O=[N+]([O-])c1ccc(OCc2nc3cc(Br)ccc3n2S(=O)(=O)c2ccccc2[N+](=O)[O-])cc1,Results_003,18617,0.2,0.2,0.8,0.6,普通化合物当前有效条目=2，跨度≥0.6；中位数=0.5，左侧=1，右侧=1；剩余两条评分跨度达到0.6，保留高值
N#Cc1cccc(S(=O)(=O)n2c(COc3ccc([N+](=O)[O-])cc3)nc3cc(Br)ccc32)c1,Results_003,18619,0.2,0.2,0.8,0.6,普通化合物当前有效条目=2，跨度≥0.6；中位数=0.5，左侧=1，右侧=1；剩余两条评分跨度达到0.6，保留高值
Cc1c(F)cccc1S(=O)(=O)n1c(COc2ccc([N+](=O)[O-])cc2)nc2cc(Br)ccc21,Results_003,18621,0.2,0.2,0.8,0.6,普通化合物当前有效条目=2，跨度≥0.6；中位数=0.5，左侧=1，右侧=1；剩余两条评分跨度达到0.6，保留高值
Cc1cccc(S(=O)(=O)n2c(COc3ccc([N+](=O)[O-])cc3)nc3cc(Br)ccc32)c1,Results_003,18626,0.2,0.2,0.8,0.6,普通化合物当前有效条目=2，跨度≥0.6；中位数=0.5，左侧=1，右侧=1；剩余两条评分跨度达到0.6，保留高值
CC(=O)c1c(C)[n+]([O-])c2ccc(Cl)cc2[n+]1[O-],Results_005,9295,0.6,0.6,1,0.4,参考化合物有效条目超过 8 条；该值比组内最高 Activity Level 低至少 0.4，仅删除该记录
CC(=O)c1c(C)[n+]([O-])c2ccc(Cl)cc2[n+]1[O-],Results_005,9296,0.6,0.6,1,0.4,参考化合物有效条目超过 8 条；该值比组内最高 Activity Level 低至少 0.4，仅删除该记录
CC(=O)c1c(C)[n+]([O-])c2ccccc2[n+]1[O-],Results_005,15018,0.6,0.6,1,0.4,参考化合物有效条目超过 8 条；该值比组内最高 Activity Level 低至少 0.4，仅删除该记录
CC(=O)c1c(C)[n+]([O-])c2ccccc2[n+]1[O-],Results_005,15019,0.6,0.6,1,0.4,参考化合物有效条目超过 8 条；该值比组内最高 Activity Level 低至少 0.4，仅删除该记录
CC(=O)c1c(C)[n+]([O-])c2ccccc2[n+]1[O-],Results_005,15020,0.6,0.6,1,0.4,参考化合物有效条目超过 8 条；该值比组内最高 Activity Level 低至少 0.4，仅删除该记录
CC(=O)c1c(C)[n+]([O-])c2ccccc2[n+]1[O-],Results_005,15021,0.6,0.6,1,0.4,参考化合物有效条目超过 8 条；该值比组内最高 Activity Level 低至少 0.4，仅删除该记录
CC(=O)c1c(C)[n+]([O-])c2ccccc2[n+]1[O-],Results_005,15022,0.6,0.6,1,0.4,参考化合物有效条目超过 8 条；该值比组内最高 Activity Level 低至少 0.4，仅删除该记录
CC(=O)c1c(C)[n+]([O-])c2ccccc2[n+]1[O-],Results_005,15023,0.6,0.6,1,0.4,参考化合物有效条目超过 8 条；该值比组内最高 Activity Level 低至少 0.4，仅删除该记录
CC(=O)c1c(C)[n+]([O-])c2ccccc2[n+]1[O-],Results_005,15024,0.6,0.6,1,0.4,参考化合物有效条目超过 8 条；该值比组内最高 Activity Level 低至少 0.4，仅删除该记录
CC(=O)c1c(C)[n+]([O-])c2ccccc2[n+]1[O-],Results_005,15025,0.6,0.6,1,0.4,参考化合物有效条目超过 8 条；该值比组内最高 Activity Level 低至少 0.4，仅删除该记录
Cc1ccc2c(c1)[n+]([O-])c(C(=O)c1ccccc1)c(C)[n+]2[O-],Results_003,18909,1,0.1,1,0.9,普通化合物当前有效条目=3，跨度≥0.6；中位数=0.1，左侧=0，右侧=1；中位数左侧为空，删除右侧最高值
C/C(=N\NC(=O)c1ccncc1)C(=O)Nc1ccc(F)cc1,Results_004,260,1,0.4,1,0.6,普通化合物当前有效条目=8，跨度≥0.6；中位数=0.5，左侧=4，右侧=4；两侧数量相同，删除距中位数更远的极端值；等距时删除低值
C/C(=N\NC(=O)c1ccncc1)C(=O)Nc1ccc(C(F)(F)F)cc1,Results_004,270,1,0.4,1,0.6,普通化合物当前有效条目=8，跨度≥0.6；中位数=0.6，左侧=1，右侧=1；两侧数量相同，删除距中位数更远的极端值；等距时删除低值
C/C(=N\NC(=O)c1ccncc1)C(=O)Nc1ccc(OC(F)(F)F)cc1,Results_004,282,0.4,0.4,1,0.6,参考化合物有效条目超过 8 条；该值比组内最高 Activity Level 低至少 0.4，仅删除该记录
C/C(=N\NC(=O)c1ccncc1)C(=O)Nc1ccc(OC(F)(F)F)cc1,Results_004,283,0.4,0.4,1,0.6,参考化合物有效条目超过 8 条；该值比组内最高 Activity Level 低至少 0.4，仅删除该记录
C/C(=N\NC(=O)c1ccncc1)C(=O)Nc1ccc(OC(F)(F)F)cc1,Results_004,284,0.4,0.4,1,0.6,参考化合物有效条目超过 8 条；该值比组内最高 Activity Level 低至少 0.4，仅删除该记录
C/C(=N\NC(=O)c1ccncc1)C(=O)Nc1ccc(OC(F)(F)F)cc1,Results_004,285,0.6,0.4,1,0.6,参考化合物有效条目超过 8 条；该值比组内最高 Activity Level 低至少 0.4，仅删除该记录
C/C(=N\NC(=O)c1ccncc1)C(=O)Nc1ccc(OC(F)(F)F)cc1,Results_004,286,0.6,0.4,1,0.6,参考化合物有效条目超过 8 条；该值比组内最高 Activity Level 低至少 0.4，仅删除该记录
C/C(=N\NC(=O)c1ccncc1)C(=O)Nc1ccc(OC(F)(F)F)cc1,Results_004,287,0.6,0.4,1,0.6,参考化合物有效条目超过 8 条；该值比组内最高 Activity Level 低至少 0.4，仅删除该记录
C/C(=N\NC(=O)c1ccncc1)C(=O)Nc1ccc(OC(F)(F)F)cc1,Results_004,288,0.6,0.4,1,0.6,参考化合物有效条目超过 8 条；该值比组内最高 Activity Level 低至少 0.4，仅删除该记录
C/C(=N\NC(=O)c1ccncc1)C(=O)Nc1cccc(Cl)c1,Results_004,294,1,0.4,1,0.6,普通化合物当前有效条目=8，跨度≥0.6；中位数=0.6，左侧=1，右侧=1；两侧数量相同，删除距中位数更远的极端值；等距时删除低值
C/C(=N\NC(=O)c1ccncc1)C(=O)Nc1ccc(Cl)c(Cl)c1,Results_004,310,1,0.4,1,0.6,普通化合物当前有效条目=8，跨度≥0.6；中位数=0.5，左侧=4，右侧=4；两侧数量相同，删除距中位数更远的极端值；等距时删除低值
C/C(=N\NC(=O)c1ccncc1)C(=O)Nc1ccc(I)cc1,Results_004,331,0.6,0.6,1,0.4,参考化合物有效条目超过 8 条；该值比组内最高 Activity Level 低至少 0.4，仅删除该记录
C/C(=N\NC(=O)c1ccncc1)C(=O)Nc1ccc(I)cc1,Results_004,332,0.6,0.6,1,0.4,参考化合物有效条目超过 8 条；该值比组内最高 Activity Level 低至少 0.4，仅删除该记录
C/C(=N\NC(=O)c1ccncc1)C(=O)Nc1ccc(I)cc1,Results_004,334,0.6,0.6,1,0.4,参考化合物有效条目超过 8 条；该值比组内最高 Activity Level 低至少 0.4，仅删除该记录
C/C(=N\NC(=O)c1ccncc1)C(=O)Nc1ccc(I)cc1,Results_004,336,0.6,0.6,1,0.4,参考化合物有效条目超过 8 条；该值比组内最高 Activity Level 低至少 0.4，仅删除该记录
Cc1cc(CNCC2CCCCC2)c(C)n1-c1nc2ccccc2s1,Results_004,448,0.2,0.2,1,0.8,普通化合物当前有效条目=7，跨度≥0.6；中位数=0.4，左侧=1，右侧=3；删除记录数较少一侧的最外侧值
Cc1cc(CNCC2CCCCC2)c(C)n1-c1nc2ccccc2s1,Results_004,445,1,0.4,1,0.6,普通化合物当前有效条目=6，跨度≥0.6；中位数=0.5，左侧=3，右侧=3；两侧数量相同，删除距中位数更远的极端值；等距时删除低值
Cc1cc(CNCC2CCCCC2)c(C)n1-c1nc2ccccc2s1,Results_004,446,1,0.4,1,0.6,普通化合物当前有效条目=5，跨度≥0.6；中位数=0.4，左侧=0，右侧=2；中位数左侧为空，删除右侧最高值
Cc1cc(CNNC(=O)c2ccncc2)c(C)n1-c1ccc(Cl)cc1,Results_004,452,1,0.2,1,0.8,普通化合物当前有效条目=7，跨度≥0.6；中位数=0.2，左侧=0，右侧=2；中位数左侧为空，删除右侧最高值
Cc1cc(CNNC(=O)c2ccncc2)c(C)n1-c1ccc(Cl)cc1,Results_004,453,1,0.2,1,0.8,普通化合物当前有效条目=6，跨度≥0.6；中位数=0.2，左侧=0，右侧=1；中位数左侧为空，删除右侧最高值
O=C(COc1ncnc2ccccc12)Nc1ccccc1,Results_004,494,0.1,0.1,0.8,0.7,普通化合物当前有效条目=2，跨度≥0.6；中位数=0.45，左侧=1，右侧=1；剩余两条评分跨度达到0.6，保留高值
O=C(COc1ncnc2ccccc12)Nc1ccc(Cl)cc1,Results_004,506,0,0,0.6,0.6,普通化合物当前有效条目=2，跨度≥0.6；中位数=0.3，左侧=1，右侧=1；剩余两条评分跨度达到0.6，保留高值
NNC(=O)c1c[nH]c2c([N+](=O)[O-])cc(C(F)(F)F)cc2c1=O,Results_004,631,0.2,0.2,1,0.8,普通化合物当前有效条目=2，跨度≥0.6；中位数=0.6，左侧=1，右侧=1；剩余两条评分跨度达到0.6，保留高值
O=C(NCc1cccc(Cl)c1)c1c[nH]c2c([N+](=O)[O-])cc(C(F)(F)F)cc2c1=O,Results_004,634,0.2,0.2,0.8,0.6,普通化合物当前有效条目=2，跨度≥0.6；中位数=0.5，左侧=1，右侧=1；剩余两条评分跨度达到0.6，保留高值
O=C(NCc1ccc(Cl)cc1)c1c[nH]c2c([N+](=O)[O-])cc(C(F)(F)F)cc2c1=O,Results_004,636,0.2,0.2,0.8,0.6,普通化合物当前有效条目=2，跨度≥0.6；中位数=0.5，左侧=1，右侧=1；剩余两条评分跨度达到0.6，保留高值
O=C(NCc1ccc(F)cc1)c1c[nH]c2c([N+](=O)[O-])cc(C(F)(F)F)cc2c1=O,Results_004,640,0.2,0.2,0.8,0.6,普通化合物当前有效条目=2，跨度≥0.6；中位数=0.5，左侧=1，右侧=1；剩余两条评分跨度达到0.6，保留高值
O=C(NCCc1ccc(F)cc1)c1c[nH]c2c([N+](=O)[O-])cc(C(F)(F)F)cc2c1=O,Results_004,651,0.4,0.4,1,0.6,普通化合物当前有效条目=6，跨度≥0.6；中位数=1，左侧=1，右侧=0；中位数右侧为空，删除左侧最低值
O=C(NCCc1ccc(C(F)(F)F)cc1)c1c[nH]c2c([N+](=O)[O-])cc(C(F)(F)F)cc2c1=O,Results_004,657,0.4,0.4,1,0.6,普通化合物当前有效条目=6，跨度≥0.6；中位数=1，左侧=1，右侧=0；中位数右侧为空，删除左侧最低值
O=C(NCCc1ccc(Cl)cc1)c1c[nH]c2c([N+](=O)[O-])cc(C(F)(F)F)cc2c1=O,Results_004,663,0.4,0.4,1,0.6,普通化合物当前有效条目=6，跨度≥0.6；中位数=1，左侧=2，右侧=0；中位数右侧为空，删除左侧最低值
Cc1ccc(CCNC(=O)c2c[nH]c3c([N+](=O)[O-])cc(C(F)(F)F)cc3c2=O)cc1,Results_004,664,0.2,0.2,1,0.8,普通化合物当前有效条目=2，跨度≥0.6；中位数=0.6，左侧=1，右侧=1；剩余两条评分跨度达到0.6，保留高值
O=C(Nc1cc(Br)cc(C(F)(F)F)c1)C1CC(=O)N(C2CCCCC2)C1,Results_004,822,0.4,0.4,1,0.6,普通化合物当前有效条目=2，跨度≥0.6；中位数=0.7，左侧=1，右侧=1；剩余两条评分跨度达到0.6，保留高值
CO[C@@H]1[C@@H](O)[C@H](n2ccc(=O)[nH]c2=O)O[C@H]1[C@@H](O[C@H]1OC(C(=O)Nc2ccc(F)c(F)c2)=C[C@H](O)[C@@H]1O)C(N)=O,Results_004,1219,0.1,0.1,0.8,0.7,普通化合物当前有效条目=2，跨度≥0.6；中位数=0.45，左侧=1，右侧=1；剩余两条评分跨度达到0.6，保留高值
CO[C@H]1[C@@H](O)[C@H](n2ccc(=O)[nH]c2=O)O[C@@H]1[C@@H](O[C@H]1OC(C(=O)N[C@@H]2N=C(c3ccccc3)c3ccccc3NC2=O)=C[C@H](O)[C@@H]1O)C(N)=O,Results_004,1226,0.1,0.1,0.8,0.7,普通化合物当前有效条目=2，跨度≥0.6；中位数=0.45，左侧=1，右侧=1；剩余两条评分跨度达到0.6，保留高值
CCOC(=O)c1cc(C(=O)c2ccc(Cl)cc2)n2ccccc12,Results_004,1820,0,0,0.6,0.6,普通化合物当前有效条目=2，跨度≥0.6；中位数=0.3，左侧=1，右侧=1；剩余两条评分跨度达到0.6，保留高值
CCOC(=O)c1c(C)c(C(=O)c2ccc(F)cc2)n2ccccc12,Results_004,1830,0.2,0.2,0.8,0.6,普通化合物当前有效条目=3，跨度≥0.6；中位数=0.8，左侧=1，右侧=0；中位数右侧为空，删除左侧最低值
CCOC(=O)c1c(C)c(C(=O)c2ccc([N+](=O)[O-])cc2)n2ccccc12,Results_004,1836,0,0,0.6,0.6,普通化合物当前有效条目=2，跨度≥0.6；中位数=0.3，左侧=1，右侧=1；剩余两条评分跨度达到0.6，保留高值
Cc1cc(/C=N/Nc2ccc(S(N)(=O)=O)cc2)cc(C)c1O,Results_004,1899,0,0,0.6,0.6,普通化合物当前有效条目=4，跨度≥0.6；中位数=0.4，左侧=1，右侧=1；两侧数量相同，删除距中位数更远的极端值；等距时删除低值
O=C(N/N=C/c1ccc(OS(=O)(=O)c2ccccc2)cc1)c1ccncc1,Results_004,2086,1,0.4,1,0.6,普通化合物当前有效条目=4，跨度≥0.6；中位数=0.4，左侧=0，右侧=1；中位数左侧为空，删除右侧最高值
O=C(N/N=C/c1ccc(OS(=O)(=O)c2ccc(Br)cc2)cc1)c1ccncc1,Results_004,2090,1,0.4,1,0.6,普通化合物当前有效条目=4，跨度≥0.6；中位数=0.4，左侧=0，右侧=1；中位数左侧为空，删除右侧最高值
O=C(N/N=C/c1ccc(OCc2ccc(Br)cc2)cc1)c1ccncc1,Results_004,2105,1,0.4,1,0.6,普通化合物当前有效条目=4，跨度≥0.6；中位数=0.4，左侧=0，右侧=1；中位数左侧为空，删除右侧最高值
O=C(N/N=C/c1ccc(OCc2ccc(Cl)cc2)cc1)c1ccncc1,Results_004,2109,1,0.4,1,0.6,普通化合物当前有效条目=4，跨度≥0.6；中位数=0.4，左侧=0，右侧=1；中位数左侧为空，删除右侧最高值
O=C(N/N=C/c1ccc(OCc2cccc(Br)c2)cc1)c1ccncc1,Results_004,2120,1,0.4,1,0.6,普通化合物当前有效条目=4，跨度≥0.6；中位数=0.4，左侧=0，右侧=1；中位数左侧为空，删除右侧最高值
O=C(N/N=C/c1ccc(C2OCCO2)cc1)c1ccncc1,Results_004,2129,0,0,0.6,0.6,普通化合物当前有效条目=2，跨度≥0.6；中位数=0.3，左侧=1，右侧=1；剩余两条评分跨度达到0.6，保留高值
O=Cc1ccc(/C=N/NC(=O)c2ccncc2)cc1,Results_004,2131,0,0,0.6,0.6,普通化合物当前有效条目=2，跨度≥0.6；中位数=0.3，左侧=1，右侧=1；剩余两条评分跨度达到0.6，保留高值
CCCCS(=O)(=O)N1CCN(c2nc(=O)c3cc(C(F)(F)F)cc([N+](=O)[O-])c3s2)CC1,Results_004,2300,0.1,0.1,1,0.9,普通化合物当前有效条目=3，跨度≥0.6；中位数=1，左侧=1，右侧=0；中位数右侧为空，删除左侧最低值
CCS(=O)(=O)N1CCN(c2nc(=O)c3cc(C(F)(F)F)cc([N+](=O)[O-])c3s2)CC1,Results_004,2306,0.4,0.4,1,0.6,普通化合物当前有效条目=3，跨度≥0.6；中位数=1，左侧=1，右侧=0；中位数右侧为空，删除左侧最低值
O=c1nc(N2CCN(S(=O)(=O)c3cccs3)CC2)sc2c([N+](=O)[O-])cc(C(F)(F)F)cc12,Results_004,2309,0.1,0.1,1,0.9,普通化合物当前有效条目=3，跨度≥0.6；中位数=1，左侧=1，右侧=0；中位数右侧为空，删除左侧最低值
O=c1nc(N2CCN(S(=O)(=O)C3CCCCC3)CC2)sc2c([N+](=O)[O-])cc(C(F)(F)F)cc12,Results_004,2312,0.1,0.1,1,0.9,普通化合物当前有效条目=3，跨度≥0.6；中位数=1，左侧=1，右侧=0；中位数右侧为空，删除左侧最低值
O=c1nc(N2CCN(S(=O)(=O)c3cccc4cnccc34)CC2)sc2c([N+](=O)[O-])cc(C(F)(F)F)cc12,Results_004,2315,0.1,0.1,1,0.9,普通化合物当前有效条目=3，跨度≥0.6；中位数=1，左侧=1，右侧=0；中位数右侧为空，删除左侧最低值
CS(=O)(=O)N1CCN(c2nc(=O)c3cc(C(F)(F)F)cc([N+](=O)[O-])c3s2)CC1,Results_004,2318,0.1,0.1,1,0.9,普通化合物当前有效条目=3，跨度≥0.6；中位数=1，左侧=1，右侧=0；中位数右侧为空，删除左侧最低值
CC(NNC(=O)c1ccncc1)c1ccccc1,Results_004,2370,0.2,0.2,1,0.8,普通化合物当前有效条目=2，跨度≥0.6；中位数=0.6，左侧=1，右侧=1；剩余两条评分跨度达到0.6，保留高值
N#C[BH2-][n+]1ccc(C(=O)NNCC(F)(F)F)cc1,Results_004,2539,0.8,0.2,0.8,0.6,普通化合物当前有效条目=7，跨度≥0.6；中位数=0.4，左侧=3，右侧=2；删除记录数较少一侧的最外侧值
N#C[BH2-][n+]1ccc(C(=O)NNCc2ccccc2)cc1,Results_004,2547,1,0.2,1,0.8,普通化合物当前有效条目=7，跨度≥0.6；中位数=0.4，左侧=3，右侧=3；两侧数量相同，删除距中位数更远的极端值；等距时删除低值
N#C[BH2-][n+]1ccc(C(=O)NNCc2ccccc2)cc1,Results_004,2546,0.8,0.2,0.8,0.6,普通化合物当前有效条目=6，跨度≥0.6；中位数=0.3，左侧=3，右侧=3；两侧数量相同，删除距中位数更远的极端值；等距时删除低值
O=C(O)c1cc(COc2cc(C(F)(F)F)nc3c(C(F)(F)F)cccc23)on1,Results_004,2781,0.8,0.1,0.8,0.7,普通化合物当前有效条目=3，跨度≥0.6；中位数=0.1，左侧=0，右侧=1；中位数左侧为空，删除右侧最高值
O=C(N/N=C\c1c[nH]c2ccccc12)c1ccncc1,Results_004,3061,0.4,0.4,1,0.6,普通化合物当前有效条目=2，跨度≥0.6；中位数=0.7，左侧=1，右侧=1；剩余两条评分跨度达到0.6，保留高值
O=C(NNCc1c[nH]c2ccccc12)c1ccncc1,Results_004,3075,0.4,0.4,1,0.6,普通化合物当前有效条目=2，跨度≥0.6；中位数=0.7，左侧=1，右侧=1；剩余两条评分跨度达到0.6，保留高值
O=C(Nc1cc(Cl)cc(Cl)c1)C1CC(=O)N(C2CCCCC2)C1,Results_004,3388,0.4,0.4,1,0.6,普通化合物当前有效条目=2，跨度≥0.6；中位数=0.7，左侧=1，右侧=1；剩余两条评分跨度达到0.6，保留高值
CC(C)CCc1c2[nH]c3ccccc3nc-2c2c(c1=O)CCCC2,Results_004,3796,0,0,0.8,0.8,普通化合物当前有效条目=3，跨度≥0.6；中位数=0.4，左侧=1，右侧=1；两侧数量相同，删除距中位数更远的极端值；等距时删除低值
CC(C)=CC1=C(O)C(=O)c2ccccc2C1=O,Results_004,3804,0.6,0,0.6,0.6,普通化合物当前有效条目=3，跨度≥0.6；中位数=0.1，左侧=1，右侧=1；两侧数量相同，删除距中位数更远的极端值；等距时删除低值
Cc1cnc(C)n1C1CCN(C(=O)c2ccc([N+](=O)[O-])o2)C1,Results_004,4669,0.8,0.2,0.8,0.6,普通化合物当前有效条目=4，跨度≥0.6；中位数=0.3，左侧=2，右侧=2；两侧数量相同，删除距中位数更远的极端值；等距时删除低值
Cc1cc(Br)c2[nH]c(-c3ccccc3)c(Nc3cc(Cl)cc(Cl)c3)c2c1,Results_004,4725,0.2,0.2,0.8,0.6,普通化合物当前有效条目=2，跨度≥0.6；中位数=0.5，左侧=1，右侧=1；剩余两条评分跨度达到0.6，保留高值
COc1ccc(Nc2c(-c3ccccc3)[nH]c3cc(F)ccc23)cc1,Results_004,4740,0.2,0.2,0.8,0.6,普通化合物当前有效条目=2，跨度≥0.6；中位数=0.5，左侧=1，右侧=1；剩余两条评分跨度达到0.6，保留高值
CC(C)(C)c1ccc(NC(=O)c2cc(Cl)ccc2O)cc1,Results_004,4965,0,0,0.6,0.6,普通化合物当前有效条目=2，跨度≥0.6；中位数=0.3，左侧=1，右侧=1；剩余两条评分跨度达到0.6，保留高值
COc1cccc2c1CCC(CN1CCCCC1)C2=O,Results_004,5076,0.8,0.1,0.8,0.7,普通化合物当前有效条目=3，跨度≥0.6；中位数=0.2，左侧=1，右侧=1；两侧数量相同，删除距中位数更远的极端值；等距时删除低值
O=C1c2ccccc2CCCC1CN1CCCCC1,Results_004,5088,0.8,0.2,0.8,0.6,普通化合物当前有效条目=3，跨度≥0.6；中位数=0.4，左侧=1，右侧=1；两侧数量相同，删除距中位数更远的极端值；等距时删除低值
O=C1c2ccccc2CCCC1CN1CCOCC1,Results_004,5091,0.8,0.2,0.8,0.6,普通化合物当前有效条目=3，跨度≥0.6；中位数=0.4，左侧=1，右侧=1；两侧数量相同，删除距中位数更远的极端值；等距时删除低值
CCOC(=O)c1c[nH]c2ccc(/C(C)=N/NC(=N)N)cc2c1=O,Results_004,5128,0.2,0.2,0.8,0.6,普通化合物当前有效条目=2，跨度≥0.6；中位数=0.5，左侧=1，右侧=1；剩余两条评分跨度达到0.6，保留高值
CCOC(=O)c1cn(Cc2ccc(C#N)cc2)c2ccc(/C(C)=N/NC(=N)N)cc2c1=O,Results_004,5132,0.2,0.2,0.8,0.6,普通化合物当前有效条目=2，跨度≥0.6；中位数=0.5，左侧=1，右侧=1；剩余两条评分跨度达到0.6，保留高值
C/C(=N\NC(=N)N)c1ccc2c(c1)c(=O)c(C(=O)NCCOCCO)cn2Cc1ccc(C)cc1,Results_004,5134,0.2,0.2,1,0.8,普通化合物当前有效条目=2，跨度≥0.6；中位数=0.6，左侧=1，右侧=1；剩余两条评分跨度达到0.6，保留高值
COCCNC(=O)c1cn(Cc2ccc(C)cc2)c2ccc(/C(C)=N/NC(=N)N)cc2c1=O,Results_004,5136,0.2,0.2,1,0.8,普通化合物当前有效条目=2，跨度≥0.6；中位数=0.6，左侧=1，右侧=1；剩余两条评分跨度达到0.6，保留高值
C/C(=N\NC(=N)N)c1ccc2c(c1)c(=O)c(C(=O)NCCOCCO)cn2Cc1ccccc1,Results_004,5138,0.2,0.2,1,0.8,普通化合物当前有效条目=2，跨度≥0.6；中位数=0.6，左侧=1，右侧=1；剩余两条评分跨度达到0.6，保留高值
C/C(=N\NC(=N)N)c1ccc2c(c1)c(=O)c(C(=O)NCCOCCO)cn2Cc1cccc(C)c1,Results_004,5140,0.2,0.2,1,0.8,普通化合物当前有效条目=2，跨度≥0.6；中位数=0.6，左侧=1，右侧=1；剩余两条评分跨度达到0.6，保留高值
C/C(=N\NC(=N)N)c1ccc2c(c1)c(=O)c(C(=O)NCCNCCO)cn2Cc1ccc(C)cc1,Results_004,5142,0.4,0.4,1,0.6,普通化合物当前有效条目=2，跨度≥0.6；中位数=0.7，左侧=1，右侧=1；剩余两条评分跨度达到0.6，保留高值
COCCNC(=O)c1cn(Cc2ccccc2)c2ccc(/C(C)=N/NC(=N)N)cc2c1=O,Results_004,5146,0.2,0.2,1,0.8,普通化合物当前有效条目=2，跨度≥0.6；中位数=0.6，左侧=1，右侧=1；剩余两条评分跨度达到0.6，保留高值
C/C(=N\NC(=N)N)c1ccc2c(c1)c(=O)c(C(=O)O)cn2Cc1ccccc1,Results_004,5150,0.2,0.2,1,0.8,普通化合物当前有效条目=2，跨度≥0.6；中位数=0.6，左侧=1，右侧=1；剩余两条评分跨度达到0.6，保留高值
C/C(=N\NC(=N)N)c1ccc2c(c1)c(=O)c(C(=O)O)cn2Cc1ccc(Br)cc1,Results_004,5154,0.4,0.4,1,0.6,普通化合物当前有效条目=2，跨度≥0.6；中位数=0.7，左侧=1，右侧=1；剩余两条评分跨度达到0.6，保留高值
C/C(=N\NC(=N)N)c1ccc2c(c1)c(=O)c(C(=O)O)cn2Cc1ccc(C(F)(F)F)cc1,Results_004,5156,0.4,0.4,1,0.6,普通化合物当前有效条目=2，跨度≥0.6；中位数=0.7，左侧=1，右侧=1；剩余两条评分跨度达到0.6，保留高值
C/C(=N\NC(=N)N)c1ccc2c(c1)c(=O)c(C(=O)O)cn2CCc1ccccc1,Results_004,5160,0.2,0.2,0.8,0.6,普通化合物当前有效条目=2，跨度≥0.6；中位数=0.5，左侧=1，右侧=1；剩余两条评分跨度达到0.6，保留高值
C/C(=N\NC(=N)N)c1ccc2c(c1)c(=O)c(C(=O)O)cn2CCc1ccc(C)cc1,Results_004,5162,0.2,0.2,0.8,0.6,普通化合物当前有效条目=2，跨度≥0.6；中位数=0.5，左侧=1，右侧=1；剩余两条评分跨度达到0.6，保留高值
C/C(=N\NC(=N)N)c1ccc2c(c1)c(=O)c(C(=O)O)cn2CCc1cccc(Cl)c1,Results_004,5164,0.2,0.2,0.8,0.6,普通化合物当前有效条目=2，跨度≥0.6；中位数=0.5，左侧=1，右侧=1；剩余两条评分跨度达到0.6，保留高值
O=C(N/N=C/c1ccccc1Cl)NNc1nc2ccccc2o1,Results_004,5181,0.4,0.4,1,0.6,普通化合物当前有效条目=3，跨度≥0.6；中位数=0.8，左侧=1，右侧=1；两侧数量相同，删除距中位数更远的极端值；等距时删除低值
O=C(N/N=C/c1cccc([N+](=O)[O-])c1)NNc1nc2ccccc2o1,Results_004,5185,0.6,0,0.6,0.6,普通化合物当前有效条目=3，跨度≥0.6；中位数=0.1，左侧=1，右侧=1；两侧数量相同，删除距中位数更远的极端值；等距时删除低值
O=C(N/N=C/c1ccc(O)cc1)NNc1nc2ccccc2o1,Results_004,5203,0.6,0,0.6,0.6,普通化合物当前有效条目=3，跨度≥0.6；中位数=0，左侧=0，右侧=1；中位数左侧为空，删除右侧最高值
O=C(N/N=C/c1ccc(Cl)cc1Cl)NNc1nc2ccccc2o1,Results_004,5211,0.2,0.2,0.8,0.6,普通化合物当前有效条目=3，跨度≥0.6；中位数=0.6，左侧=1，右侧=1；两侧数量相同，删除距中位数更远的极端值；等距时删除低值
COc1cc(C=NNC(=O)NNc2nc3ccccc3o2)cc(OC)c1OC,Results_004,5215,0.8,0,0.8,0.8,普通化合物当前有效条目=3，跨度≥0.6；中位数=0.1，左侧=1，右侧=1；两侧数量相同，删除距中位数更远的极端值；等距时删除低值
Cc1ccc(Cl)cc1,Results_004,5285,0.1,0.1,1,0.9,普通化合物当前有效条目=5，跨度≥0.6；中位数=0.6，左侧=2，右侧=2；两侧数量相同，删除距中位数更远的极端值；等距时删除低值
Cc1ccc(Cl)cc1,Results_006,2310,0.2,0.2,1,0.8,普通化合物当前有效条目=4，跨度≥0.6；中位数=0.7，左侧=2，右侧=2；两侧数量相同，删除距中位数更远的极端值；等距时删除低值
Cc1ccc(Br)cc1,Results_004,5446,0,0,1,1,普通化合物当前有效条目=7，跨度≥0.6；中位数=0.6，左侧=3，右侧=3；两侧数量相同，删除距中位数更远的极端值；等距时删除低值
Cc1ccc(Br)cc1,Results_004,5447,0,0,1,1,普通化合物当前有效条目=6，跨度≥0.6；中位数=0.7，左侧=3，右侧=3；两侧数量相同，删除距中位数更远的极端值；等距时删除低值
Cc1ccc(Br)cc1,Results_006,2305,1,0,1,1,普通化合物当前有效条目=5，跨度≥0.6；中位数=0.8，左侧=2，右侧=1；删除记录数较少一侧的最外侧值
Cc1ccc(Br)cc1,Results_004,5448,0,0,0.8,0.8,普通化合物当前有效条目=4，跨度≥0.6；中位数=0.7，左侧=2，右侧=2；两侧数量相同，删除距中位数更远的极端值；等距时删除低值
CC(=O)N1N=C(c2ccc3oc(S)nc3c2)CC1c1ccccc1Cl,Results_004,5712,0,0,0.6,0.6,普通化合物当前有效条目=3，跨度≥0.6；中位数=0.4，左侧=1，右侧=1；两侧数量相同，删除距中位数更远的极端值；等距时删除低值
CC(=O)N1N=C(c2ccc3oc(S)nc3c2)CC1c1ccc(Cl)cc1,Results_004,5716,0.8,0.1,0.8,0.7,普通化合物当前有效条目=3，跨度≥0.6；中位数=0.2，左侧=1，右侧=1；两侧数量相同，删除距中位数更远的极端值；等距时删除低值
COc1cc(C2=NN(C(C)=O)C(c3ccc(Cl)cc3)C2)cc2nc(S)oc12,Results_004,5731,0.8,0.2,0.8,0.6,普通化合物当前有效条目=3，跨度≥0.6；中位数=0.4，左侧=1，右侧=1；两侧数量相同，删除距中位数更远的极端值；等距时删除低值
[Br-].c1ccc(Cn2cc(-c3ccccc3C[P+](c3ccccc3)(c3ccccc3)c3ccccc3)nn2)cc1,Results_004,5751,0.1,0.1,0.8,0.7,普通化合物当前有效条目=3，跨度≥0.6；中位数=0.8，左侧=1，右侧=0；中位数右侧为空，删除左侧最低值
Cc1ccc([P+](Cc2ccccc2-c2cn(Cc3ccc(Cl)cc3)nn2)(c2ccc(C)cc2)c2ccc(C)cc2)cc1.[Br-],Results_004,5756,0.8,0.1,0.8,0.7,普通化合物当前有效条目=3，跨度≥0.6；中位数=0.4，左侧=1，右侧=1；两侧数量相同，删除距中位数更远的极端值；等距时删除低值
Cc1ccc(-n2sc(=O)n(Cc3ccc(F)cc3)c2=O)cc1,Results_004,6390,0.2,0.2,0.8,0.6,普通化合物当前有效条目=7，跨度≥0.6；中位数=0.8，左侧=2，右侧=0；中位数右侧为空，删除左侧最低值
CCCc1nc2ccc(Br)cc2c2nc3ccccc3n12,Results_004,6460,0.2,0.2,0.8,0.6,普通化合物当前有效条目=2，跨度≥0.6；中位数=0.5，左侧=1，右侧=1；剩余两条评分跨度达到0.6，保留高值
CCCc1nc2ccc(C)cc2c2nc3ccccc3n12,Results_004,6468,0.4,0.4,1,0.6,普通化合物当前有效条目=2，跨度≥0.6；中位数=0.7，左侧=1，右侧=1；剩余两条评分跨度达到0.6，保留高值
CN(C)/C=N/NC(=O)c1ccncc1,Results_004,6831,0,0,0.6,0.6,普通化合物当前有效条目=2，跨度≥0.6；中位数=0.3，左侧=1，右侧=1；剩余两条评分跨度达到0.6，保留高值
O=C(Nc1ccc(C(F)(F)F)c(C(F)(F)F)c1)c1cc(Cl)ccc1O,Results_005,787,0.4,0.4,1,0.6,普通化合物当前有效条目=3，跨度≥0.6；中位数=1，左侧=1，右侧=0；中位数右侧为空，删除左侧最低值
Fc1ccc(CNc2cc(N3CCCCC3)nc3ccccc23)cc1,Results_004,7156,1,0.4,1,0.6,普通化合物当前有效条目=3，跨度≥0.6；中位数=0.6，左侧=1，右侧=1；两侧数量相同，删除距中位数更远的极端值；等距时删除低值
O=C(Nc1cc(Cl)cc(Cl)c1O)c1c(O)c(Cl)cc(Cl)c1Cl,Results_004,7578,1,0.2,1,0.8,普通化合物当前有效条目=3，跨度≥0.6；中位数=0.4，左侧=1，右侧=1；两侧数量相同，删除距中位数更远的极端值；等距时删除低值
Cc1ccc(C=NNC(=O)c2ccc([N+](=O)[O-])o2)cc1,Results_004,7843,0.2,0.2,0.8,0.6,普通化合物当前有效条目=2，跨度≥0.6；中位数=0.5，左侧=1，右侧=1；剩余两条评分跨度达到0.6，保留高值
Cc1cc(C2=NN(C(=S)Nc3ccccc3C)C(c3ccc(N(C)C)cc3)C2)ccc1O,Results_004,8359,0,0,0.8,0.8,普通化合物当前有效条目=3，跨度≥0.6；中位数=0.6，左侧=1，右侧=1；两侧数量相同，删除距中位数更远的极端值；等距时删除低值
Cc1cc(C2=NN(C(=S)Nc3ccccc3C)C(c3ccc(F)cc3)C2)ccc1O,Results_004,8363,0,0,0.8,0.8,普通化合物当前有效条目=3，跨度≥0.6；中位数=0.6，左侧=1，右侧=1；两侧数量相同，删除距中位数更远的极端值；等距时删除低值
Cc1cc(C2=NN(C(=S)Nc3ccccc3C)C(c3ccccc3Cl)C2)ccc1O,Results_004,8364,0,0,0.8,0.8,普通化合物当前有效条目=3，跨度≥0.6；中位数=0.6，左侧=1，右侧=1；两侧数量相同，删除距中位数更远的极端值；等距时删除低值
Cc1cc(C2=NN(C(=S)Nc3ccccc3C)C(c3cccc([N+](=O)[O-])c3)C2)ccc1O,Results_004,8366,0,0,0.8,0.8,普通化合物当前有效条目=3，跨度≥0.6；中位数=0.6，左侧=1，右侧=1；两侧数量相同，删除距中位数更远的极端值；等距时删除低值
COc1ccccc1NC(=S)N1N=C(c2ccc(O)c(C)c2)CC1c1ccc(Cl)cc1,Results_004,8369,0,0,0.8,0.8,普通化合物当前有效条目=3，跨度≥0.6；中位数=0.6，左侧=1，右侧=1；两侧数量相同，删除距中位数更远的极端值；等距时删除低值
COc1ccccc1NC(=S)N1N=C(c2ccc(O)c(C)c2)CC1c1ccc(N(C)C)cc1,Results_004,8370,0,0,0.8,0.8,普通化合物当前有效条目=3，跨度≥0.6；中位数=0.6，左侧=1，右侧=1；两侧数量相同，删除距中位数更远的极端值；等距时删除低值
COc1ccccc1NC(=S)N1N=C(c2ccc(O)c(C)c2)CC1c1ccccc1,Results_004,8371,0,0,0.8,0.8,普通化合物当前有效条目=3，跨度≥0.6；中位数=0.6，左侧=1，右侧=1；两侧数量相同，删除距中位数更远的极端值；等距时删除低值
OC(COC(c1ccccc1)c1cccc2ccccc12)CN1CCN(c2ccccn2)CC1,Results_004,8482,0,0,1,1,普通化合物当前有效条目=2，跨度≥0.6；中位数=0.5，左侧=1，右侧=1；剩余两条评分跨度达到0.6，保留高值
CCn1cc(C(=O)O)c(=O)c2cc(F)c(N3CCN(CN4C(=O)C(=NNC(=S)NOC)c5cc(Cl)ccc54)CC3)cc21,Results_004,8627,0.4,0.4,1,0.6,普通化合物当前有效条目=3，跨度≥0.6；中位数=1，左侧=1，右侧=0；中位数右侧为空，删除左侧最低值
CONC(=S)N/N=C1\C(=O)N(CN2CCN(c3cc4c(cc3F)c(=O)c(C(=O)O)cn4C3CC3)CC2)c2ccc(Cl)cc21,Results_004,8639,0.4,0.4,1,0.6,普通化合物当前有效条目=2，跨度≥0.6；中位数=0.7，左侧=1，右侧=1；剩余两条评分跨度达到0.6，保留高值
Cc1ccc2c(c1)C(=NNC(=S)NO)C(=O)N2CN1CCN(c2cc3c(cc2F)c(=O)c(C(=O)O)cn3C2CC2)CC1,Results_004,8644,0.4,0.4,1,0.6,普通化合物当前有效条目=2，跨度≥0.6；中位数=0.7，左侧=1，右侧=1；剩余两条评分跨度达到0.6，保留高值
CCC(C)Cn1c(-c2ccc([N+](=O)[O-])o2)nc2cc3[nH]c(=O)cnc3cc21,Results_004,8839,0.1,0.1,0.8,0.7,普通化合物当前有效条目=4，跨度≥0.6；中位数=0.45，左侧=2，右侧=2；两侧数量相同，删除距中位数更远的极端值；等距时删除低值
CCC(C)Cn1c(-c2ccc([N+](=O)[O-])o2)nc2cc3[nH]c(=O)cnc3cc21,Results_004,8841,0.1,0.1,0.8,0.7,普通化合物当前有效条目=3，跨度≥0.6；中位数=0.8，左侧=1，右侧=0；中位数右侧为空，删除左侧最低值
COCCCn1c(-c2ccc([N+](=O)[O-])o2)nc2cc(NC(=O)c3cccc(C#N)c3)c(N3CCOCC3)cc21,Results_004,8926,0.2,0.2,0.8,0.6,普通化合物当前有效条目=2，跨度≥0.6；中位数=0.5，左侧=1，右侧=1；剩余两条评分跨度达到0.6，保留高值
COCCCn1c(-c2ccc([N+](=O)[O-])o2)nc2cc(NC(=O)Nc3ccc(F)cc3)c(N3CCN(C)CC3)cc21,Results_004,8942,0.2,0.2,0.8,0.6,普通化合物当前有效条目=2，跨度≥0.6；中位数=0.5，左侧=1，右侧=1；剩余两条评分跨度达到0.6，保留高值
CC(=O)Nc1ccccc1C(F)(F)C(=O)NNC(=O)c1ccncc1,Results_004,9259,0.8,0,0.8,0.8,普通化合物当前有效条目=5，跨度≥0.6；中位数=0.1，左侧=2，右侧=2；两侧数量相同，删除距中位数更远的极端值；等距时删除低值
CC(=O)Nc1ccccc1C(F)(F)C(=O)NNC(=O)c1ccncc1,Results_004,10272,0.8,0,0.8,0.8,普通化合物当前有效条目=4，跨度≥0.6；中位数=0.05，左侧=2，右侧=2；两侧数量相同，删除距中位数更远的极端值；等距时删除低值
CC(=O)Nc1ccc(C)cc1C(F)(F)C(=O)NNC(=O)c1ccncc1,Results_004,9265,0,0,0.8,0.8,普通化合物当前有效条目=6，跨度≥0.6；中位数=0.45，左侧=3，右侧=3；两侧数量相同，删除距中位数更远的极端值；等距时删除低值
CC(=O)Nc1ccc(C)cc1C(F)(F)C(=O)NNC(=O)c1ccncc1,Results_004,9266,0,0,0.8,0.8,普通化合物当前有效条目=5，跨度≥0.6；中位数=0.8，左侧=2，右侧=0；中位数右侧为空，删除左侧最低值
CC(=O)Nc1ccc(C)cc1C(F)(F)C(=O)NNC(=O)c1ccncc1,Results_004,9264,0.1,0.1,0.8,0.7,普通化合物当前有效条目=4，跨度≥0.6；中位数=0.8，左侧=1，右侧=0；中位数右侧为空，删除左侧最低值
CC(=O)Nc1ccccc1C(=O)C(=O)NNC(=O)c1ccncc1,Results_004,9275,0.4,0.4,1,0.6,普通化合物当前有效条目=6，跨度≥0.6；中位数=0.8，左侧=3，右侧=3；两侧数量相同，删除距中位数更远的极端值；等距时删除低值
CC(=O)Nc1ccccc1C(=O)C(=O)NNC(=O)c1ccncc1,Results_004,9276,0.4,0.4,1,0.6,普通化合物当前有效条目=5，跨度≥0.6；中位数=1，左侧=2，右侧=0；中位数右侧为空，删除左侧最低值
CC(=O)Nc1ccc(C)cc1C(=O)C(=O)NNC(=O)c1ccncc1,Results_004,9279,0.4,0.4,1,0.6,普通化合物当前有效条目=5，跨度≥0.6；中位数=1，左侧=2，右侧=0；中位数右侧为空，删除左侧最低值
CC(=O)Nc1ccc(C)cc1C(=O)C(=O)NNC(=O)c1ccncc1,Results_004,9280,0.4,0.4,1,0.6,普通化合物当前有效条目=4，跨度≥0.6；中位数=1，左侧=1，右侧=0；中位数右侧为空，删除左侧最低值
O=C(CCl)Nc1ccccc1C(=O)C(=O)NNC(=O)c1ccncc1,Results_004,9283,0.2,0.2,1,0.8,普通化合物当前有效条目=5，跨度≥0.6；中位数=1，左侧=2，右侧=0；中位数右侧为空，删除左侧最低值
O=C(CCl)Nc1ccccc1C(=O)C(=O)NNC(=O)c1ccncc1,Results_004,9284,0.4,0.4,1,0.6,普通化合物当前有效条目=4，跨度≥0.6；中位数=1，左侧=1，右侧=0；中位数右侧为空，删除左侧最低值
Cc1cn(C2CCN(Cc3cccc(-c4ccccn4)n3)CC2)c(=O)[nH]c1=O,Results_004,9615,0.2,0.2,0.8,0.6,普通化合物当前有效条目=4，跨度≥0.6；中位数=0.5，左侧=2，右侧=2；两侧数量相同，删除距中位数更远的极端值；等距时删除低值
Cc1cn(C2CCN(Cc3cccc(-c4ccccn4)n3)CC2)c(=O)[nH]c1=O,Results_004,9616,0.2,0.2,0.8,0.6,普通化合物当前有效条目=3，跨度≥0.6；中位数=0.8，左侧=1，右侧=0；中位数右侧为空，删除左侧最低值
Cc1cn(C2CCN(Cc3cc(=O)c4ccccc4[nH]3)CC2)c(=O)[nH]c1=O,Results_004,9706,1,0.2,1,0.8,普通化合物当前有效条目=4，跨度≥0.6；中位数=0.2，左侧=0，右侧=1；中位数左侧为空，删除右侧最高值
Cc1nnsc1C(=O)Nc1nc2c(ccc3cccnc32)o1,Results_004,9815,0.2,0.2,0.8,0.6,普通化合物当前有效条目=3，跨度≥0.6；中位数=0.6，左侧=1，右侧=1；两侧数量相同，删除距中位数更远的极端值；等距时删除低值
CN1CCN(c2nccc(CCc3c[nH]c4ccc(Br)cc34)n2)CC1,Results_004,9845,0.2,0.2,0.8,0.6,普通化合物当前有效条目=6，跨度≥0.6；中位数=0.6，左侧=2，右侧=2；两侧数量相同，删除距中位数更远的极端值；等距时删除低值
CN1CCN(c2nccc(CCc3c[nH]c4ccc(Br)cc34)n2)CC1,Results_004,9848,0.2,0.2,0.8,0.6,普通化合物当前有效条目=5，跨度≥0.6；中位数=0.6，左侧=1，右侧=2；删除记录数较少一侧的最外侧值
FC(F)(F)Oc1ccc(-c2nccc(CCc3c[nH]c4ccccc34)n2)cc1,Results_004,9871,0.8,0.2,0.8,0.6,普通化合物当前有效条目=6，跨度≥0.6；中位数=0.2，左侧=0，右侧=2；中位数左侧为空，删除右侧最高值
FC(F)(F)Oc1ccc(-c2nccc(CCc3c[nH]c4ccccc34)n2)cc1,Results_004,9874,0.8,0.2,0.8,0.6,普通化合物当前有效条目=5，跨度≥0.6；中位数=0.2，左侧=0，右侧=1；中位数左侧为空，删除右侧最高值
CC1(COc2ccc(N3CCC(Oc4ccc(OC(F)(F)F)cc4)CC3)cc2)Cn2cc([N+](=O)[O-])nc2O1,Results_006,3460,0.6,0.6,1,0.4,参考化合物有效条目超过 8 条；该值比组内最高 Activity Level 低至少 0.4，仅删除该记录
CC1(COc2ccc(N3CCC(Oc4ccc(OC(F)(F)F)cc4)CC3)cc2)Cn2cc([N+](=O)[O-])nc2O1,Results_006,3474,0.6,0.6,1,0.4,参考化合物有效条目超过 8 条；该值比组内最高 Activity Level 低至少 0.4，仅删除该记录
CC1(COc2ccc(N3CCC(Oc4ccc(OC(F)(F)F)cc4)CC3)cc2)Cn2cc([N+](=O)[O-])nc2O1,Results_006,3475,0.6,0.6,1,0.4,参考化合物有效条目超过 8 条；该值比组内最高 Activity Level 低至少 0.4，仅删除该记录
CC1(COc2ccc(N3CCC(Oc4ccc(OC(F)(F)F)cc4)CC3)cc2)Cn2cc([N+](=O)[O-])nc2O1,Results_006,3476,0.6,0.6,1,0.4,参考化合物有效条目超过 8 条；该值比组内最高 Activity Level 低至少 0.4，仅删除该记录
CC1(COc2ccc(N3CCC(Oc4ccc(OC(F)(F)F)cc4)CC3)cc2)Cn2cc([N+](=O)[O-])nc2O1,Results_006,3477,0.6,0.6,1,0.4,参考化合物有效条目超过 8 条；该值比组内最高 Activity Level 低至少 0.4，仅删除该记录
CC1(COc2ccc(N3CCC(Oc4ccc(OC(F)(F)F)cc4)CC3)cc2)Cn2cc([N+](=O)[O-])nc2O1,Results_006,3478,0.6,0.6,1,0.4,参考化合物有效条目超过 8 条；该值比组内最高 Activity Level 低至少 0.4，仅删除该记录
CC1(COc2ccc(N3CCC(Oc4ccc(OC(F)(F)F)cc4)CC3)cc2)Cn2cc([N+](=O)[O-])nc2O1,Results_006,3479,0.6,0.6,1,0.4,参考化合物有效条目超过 8 条；该值比组内最高 Activity Level 低至少 0.4，仅删除该记录
CC1(COc2ccc(N3CCC(Oc4ccc(OC(F)(F)F)cc4)CC3)cc2)Cn2cc([N+](=O)[O-])nc2O1,Results_006,3480,0.6,0.6,1,0.4,参考化合物有效条目超过 8 条；该值比组内最高 Activity Level 低至少 0.4，仅删除该记录
CC1(COc2ccc(N3CCC(Oc4ccc(OC(F)(F)F)cc4)CC3)cc2)Cn2cc([N+](=O)[O-])nc2O1,Results_006,3485,0.6,0.6,1,0.4,参考化合物有效条目超过 8 条；该值比组内最高 Activity Level 低至少 0.4，仅删除该记录
CC1(COc2ccc(N3CCC(Oc4ccc(OC(F)(F)F)cc4)CC3)cc2)Cn2cc([N+](=O)[O-])nc2O1,Results_006,3486,0.6,0.6,1,0.4,参考化合物有效条目超过 8 条；该值比组内最高 Activity Level 低至少 0.4，仅删除该记录
CC1(COc2ccc(N3CCC(Oc4ccc(OC(F)(F)F)cc4)CC3)cc2)Cn2cc([N+](=O)[O-])nc2O1,Results_006,3487,0.6,0.6,1,0.4,参考化合物有效条目超过 8 条；该值比组内最高 Activity Level 低至少 0.4，仅删除该记录
CC1(COc2ccc(N3CCC(Oc4ccc(OC(F)(F)F)cc4)CC3)cc2)Cn2cc([N+](=O)[O-])nc2O1,Results_006,3488,0.6,0.6,1,0.4,参考化合物有效条目超过 8 条；该值比组内最高 Activity Level 低至少 0.4，仅删除该记录
CC1(COc2ccc(N3CCC(Oc4ccc(OC(F)(F)F)cc4)CC3)cc2)Cn2cc([N+](=O)[O-])nc2O1,Results_006,3490,0.6,0.6,1,0.4,参考化合物有效条目超过 8 条；该值比组内最高 Activity Level 低至少 0.4，仅删除该记录
CC1(COc2ccc(N3CCC(Oc4ccc(OC(F)(F)F)cc4)CC3)cc2)Cn2cc([N+](=O)[O-])nc2O1,Results_006,3491,0.6,0.6,1,0.4,参考化合物有效条目超过 8 条；该值比组内最高 Activity Level 低至少 0.4，仅删除该记录
CC1(COc2ccc(N3CCC(Oc4ccc(OC(F)(F)F)cc4)CC3)cc2)Cn2cc([N+](=O)[O-])nc2O1,Results_006,3492,0.6,0.6,1,0.4,参考化合物有效条目超过 8 条；该值比组内最高 Activity Level 低至少 0.4，仅删除该记录
CC1(COc2ccc(N3CCC(Oc4ccc(OC(F)(F)F)cc4)CC3)cc2)Cn2cc([N+](=O)[O-])nc2O1,Results_006,3493,0.6,0.6,1,0.4,参考化合物有效条目超过 8 条；该值比组内最高 Activity Level 低至少 0.4，仅删除该记录
Cn1c(C=C2SC(=O)N(C(=O)c3ccccc3)C2=O)nc2cc(F)c(F)cc21,Results_004,10348,0.8,0.2,0.8,0.6,普通化合物当前有效条目=3，跨度≥0.6；中位数=0.2，左侧=0，右侧=1；中位数左侧为空，删除右侧最高值
Cc1ccc(C(=O)N2C(=O)SC(=Cc3nc4cc(F)c(F)cc4n3C)C2=O)cc1,Results_004,10351,0.8,0.2,0.8,0.6,普通化合物当前有效条目=3，跨度≥0.6；中位数=0.2，左侧=0，右侧=1；中位数左侧为空，删除右侧最高值
COc1ccc(C(=O)N2C(=O)SC(=Cc3nc4cc(F)c(F)cc4n3C)C2=O)cc1,Results_004,10354,0.8,0.2,0.8,0.6,普通化合物当前有效条目=3，跨度≥0.6；中位数=0.2，左侧=0，右侧=1；中位数左侧为空，删除右侧最高值
Cn1c(C=C2SC(=O)N(C(=O)c3ccc(O)cc3)C2=O)nc2cc(F)c(F)cc21,Results_004,10357,0.8,0.2,0.8,0.6,普通化合物当前有效条目=3，跨度≥0.6；中位数=0.2，左侧=0，右侧=1；中位数左侧为空，删除右侧最高值
Cn1c(/C=C2\SC(=O)N(C(=O)c3ccc([N+](=O)[O-])cc3)C2=O)nc2cc(F)c(F)cc21,Results_004,10360,1,0.4,1,0.6,普通化合物当前有效条目=3，跨度≥0.6；中位数=0.6，左侧=1，右侧=1；两侧数量相同，删除距中位数更远的极端值；等距时删除低值
Cn1c(/C=C2\SC(=O)N(C(=O)c3ccc(F)cc3)C2=O)nc2cc(F)c(F)cc21,Results_004,10363,1,0.2,1,0.8,普通化合物当前有效条目=3，跨度≥0.6；中位数=0.4，左侧=1，右侧=1；两侧数量相同，删除距中位数更远的极端值；等距时删除低值
Cn1c(C=C2SC(=O)N(C(=O)c3ccc(Cl)cc3)C2=O)nc2cc(F)c(F)cc21,Results_004,10366,1,0.2,1,0.8,普通化合物当前有效条目=3，跨度≥0.6；中位数=0.4，左侧=1，右侧=1；两侧数量相同，删除距中位数更远的极端值；等距时删除低值
Cn1c(/C=C2\SC(=O)N(C(=O)c3ccc(C(F)(F)F)cc3)C2=O)nc2cc(F)c(F)cc21,Results_004,10371,0.4,0.4,1,0.6,普通化合物当前有效条目=3，跨度≥0.6；中位数=0.8，左侧=1，右侧=1；两侧数量相同，删除距中位数更远的极端值；等距时删除低值
Cn1c(/C=C2\SC(=O)N(C(=O)c3cc(F)c(F)c(F)c3)C2=O)nc2cc(F)c(F)cc21,Results_004,10372,1,0.4,1,0.6,普通化合物当前有效条目=3，跨度≥0.6；中位数=0.6，左侧=1，右侧=1；两侧数量相同，删除距中位数更远的极端值；等距时删除低值
CCCS(=O)(=O)Nc1ccc2nc(-c3ccc(Cl)cc3)nc(O)c2c1,Results_004,10642,0.6,0,0.6,0.6,普通化合物当前有效条目=3，跨度≥0.6；中位数=0，左侧=0，右侧=1；中位数左侧为空，删除右侧最高值
O=S(=O)(CCCCl)Nc1ccc2nc(-c3ccc(Cl)cc3)nc(O)c2c1,Results_004,10645,0.8,0,0.8,0.8,普通化合物当前有效条目=3，跨度≥0.6；中位数=0.1，左侧=1，右侧=1；两侧数量相同，删除距中位数更远的极端值；等距时删除低值
O=C(Nc1ccc2nc(-c3ccc(Cl)cc3)nc(O)c2c1)c1ccc(F)cc1,Results_004,10669,0.6,0,0.6,0.6,普通化合物当前有效条目=3，跨度≥0.6；中位数=0.1，左侧=1，右侧=1；两侧数量相同，删除距中位数更远的极端值；等距时删除低值
Cc1cc(CNCc2ccc(F)cc2)c(C)n1-c1ccc(Cl)cc1,Results_004,10976,0,0,0.8,0.8,普通化合物当前有效条目=2，跨度≥0.6；中位数=0.4，左侧=1，右侧=1；剩余两条评分跨度达到0.6，保留高值
Cc1cn(C2CCN(Cc3ccc4ccccc4n3)CC2)c(=O)[nH]c1=O,Results_004,11181,0.8,0,0.8,0.8,普通化合物当前有效条目=5，跨度≥0.6；中位数=0，左侧=0，右侧=2；中位数左侧为空，删除右侧最高值
C[C@@H]1CCC([C@@H](C)C(=O)OCCO)[C@]23OO[C@@](C)(CCC12)O3,Results_004,11252,0,0,1,1,普通化合物当前有效条目=4，跨度≥0.6；中位数=0.6，左侧=2，右侧=2；两侧数量相同，删除距中位数更远的极端值；等距时删除低值
C[C@@H]1CCC([C@@H](C)C(=O)OCCO)[C@]23OO[C@@](C)(CCC12)O3,Results_004,11251,0.4,0.4,1,0.6,普通化合物当前有效条目=3，跨度≥0.6；中位数=0.8，左侧=1，右侧=1；两侧数量相同，删除距中位数更远的极端值；等距时删除低值
CC(=O)Nc1ccc(/C=N/NC(N)=S)cc1,Results_004,11278,0.1,0.1,1,0.9,普通化合物当前有效条目=5，跨度≥0.6；中位数=1，左侧=2，右侧=0；中位数右侧为空，删除左侧最低值
CCN(CC)c1ccc2cc(-c3ccc(/C=N/NC(N)=S)s3)c(=O)oc2c1,Results_004,11282,0.2,0.2,1,0.8,普通化合物当前有效条目=4，跨度≥0.6；中位数=1，左侧=1，右侧=0；中位数右侧为空，删除左侧最低值
COC1C[C@@H]2C=C[C@@H]3[C@H]1[C@H](OC(=O)c1ccc[nH]1)[C@H](C)C(=O)O[C@H]([C@@H](C)O)[C@H](C)C=C(C)[C@@]21O[C@H]31,Results_004,11287,0.2,0.2,1,0.8,普通化合物当前有效条目=6，跨度≥0.6；中位数=0.7，左侧=3，右侧=3；两侧数量相同，删除距中位数更远的极端值；等距时删除低值
COc1ccc(-c2nc3c(N)nc(N)nc3nc2C(C)C)cc1,Results_004,11365,0.1,0.1,0.8,0.7,普通化合物当前有效条目=3，跨度≥0.6；中位数=0.6，左侧=1，右侧=1；两侧数量相同，删除距中位数更远的极端值；等距时删除低值
COc1cc(NCc2ccc3nc(N)nc(N)c3c2C)cc(OC)c1OC,Results_004,11373,0.2,0.2,0.8,0.6,普通化合物当前有效条目=2，跨度≥0.6；中位数=0.5，左侧=1，右侧=1；剩余两条评分跨度达到0.6，保留高值
CC(C)=CCC/C(C)=C/CC/C(C)=C/Cc1c(C)[nH]c2ccccc2c1=O,Results_005,11963,0,0,0.8,0.8,普通化合物当前有效条目=2，跨度≥0.6；中位数=0.4，左侧=1，右侧=1；剩余两条评分跨度达到0.6，保留高值
O=[N+]([O-])c1cnc2n1C[C@H](OCc1ccc(OC(F)(F)F)cc1)CO2,Results_005,14554,0.8,0.1,0.8,0.7,普通化合物当前有效条目=5，跨度≥0.6；中位数=0.2，左侧=2，右侧=1；删除记录数较少一侧的最外侧值
CC1(C)CCC[C@]2(C)[C@H]3C=C4C=C(O)C(=O)C=C4O[C@@]3(C)CC[C@@H]12,Results_004,11545,0.2,0.2,1,0.8,普通化合物当前有效条目=3，跨度≥0.6；中位数=0.8，左侧=1，右侧=1；两侧数量相同，删除距中位数更远的极端值；等距时删除低值
CO[C@@H]1c2cc(OC(=O)C(C)(C)C)c(O)cc2O[C@@]2(C)CC[C@H]3C(C)(C)CCC[C@]3(C)[C@@H]12,Results_004,11559,0.2,0.2,0.8,0.6,普通化合物当前有效条目=3，跨度≥0.6；中位数=0.6，左侧=1，右侧=1；两侧数量相同，删除距中位数更远的极端值；等距时删除低值
O=[N+]([O-])c1cn2c(n1)OC[C@@H](O)C2,Results_005,7734,1,0.2,1,0.8,普通化合物当前有效条目=6，跨度≥0.6；中位数=0.3，左侧=3，右侧=3；两侧数量相同，删除距中位数更远的极端值；等距时删除低值
O=[N+]([O-])c1cn2c(n1)OC[C@@H](O)C2,Results_005,7735,0.8,0.2,0.8,0.6,普通化合物当前有效条目=5，跨度≥0.6；中位数=0.2，左侧=0，右侧=2；中位数左侧为空，删除右侧最高值
C[C@@H]1CC[C@H]2[C@@H](C)C(=O)O[C@]3(C)O[C@]4(C)CC[C@@H]1[C@@]23OO4,Results_004,12257,0.125,0.125,0.75,0.625,普通化合物当前有效条目=2，跨度≥0.6；中位数=0.4375，左侧=1，右侧=1；剩余两条评分跨度达到0.6，保留高值
C[C@@H]1CC(C)(C)C[C@]2(C1)NC(=O)NC2=O,Results_004,12263,0.125,0.125,0.75,0.625,普通化合物当前有效条目=2，跨度≥0.6；中位数=0.4375，左侧=1，右侧=1；剩余两条评分跨度达到0.6，保留高值
O=C(Nc1cccc(O)c1)c1cccc(NC(=O)c2cccs2)c1,Results_004,12265,0.125,0.125,0.75,0.625,普通化合物当前有效条目=2，跨度≥0.6；中位数=0.4375，左侧=1，右侧=1；剩余两条评分跨度达到0.6，保留高值
CN(C)CCCN1C(=O)c2cccc3c(Br)ccc(c23)C1=O,Results_004,12267,0.125,0.125,0.75,0.625,普通化合物当前有效条目=3，跨度≥0.6；中位数=0.75，左侧=1，右侧=0；中位数右侧为空，删除左侧最低值
O=C(Nc1ccno1)Nc1ccc(Cl)cc1Cl,Results_004,12269,0.125,0.125,0.75,0.625,普通化合物当前有效条目=3，跨度≥0.6；中位数=0.75，左侧=1，右侧=0；中位数右侧为空，删除左侧最低值
NC(=S)N/N=C/c1ccc(OC(=O)CC2SC(=O)NC2=O)cc1,Results_004,12767,0.4,0.4,1,0.6,普通化合物当前有效条目=4，跨度≥0.6；中位数=0.8，左侧=1，右侧=1；两侧数量相同，删除距中位数更远的极端值；等距时删除低值
NC(=S)N/N=C/c1ccc(OC(=O)/C=C2\SC(=O)NC2=O)cc1,Results_004,12771,0.4,0.4,1,0.6,普通化合物当前有效条目=4，跨度≥0.6；中位数=0.8，左侧=1，右侧=1；两侧数量相同，删除距中位数更远的极端值；等距时删除低值
COc1cc(C=NNC(N)=S)ccc1OC(=O)CN1C(=O)CSC1=O,Results_004,12778,0.1,0.1,0.8,0.7,普通化合物当前有效条目=3，跨度≥0.6；中位数=0.8，左侧=1，右侧=0；中位数右侧为空，删除左侧最低值
CCOc1cc(C=NNC(N)=S)ccc1OC(=O)CN1C(=O)CSC1=O,Results_004,12781,0.2,0.2,1,0.8,普通化合物当前有效条目=3，跨度≥0.6；中位数=0.8，左侧=1，右侧=1；两侧数量相同，删除距中位数更远的极端值；等距时删除低值
NC(=S)N/N=C/c1ccc(OC(=O)CN2C(=O)CSC2=O)c(Br)c1,Results_004,12787,0.2,0.2,0.8,0.6,普通化合物当前有效条目=3，跨度≥0.6；中位数=0.6，左侧=1，右侧=1；两侧数量相同，删除距中位数更远的极端值；等距时删除低值
CCOc1cc(C=NNC(=O)c2ccccn2)ccc1OC(=O)CN1C(=O)CSC1=O,Results_004,12811,0.2,0.2,1,0.8,普通化合物当前有效条目=3，跨度≥0.6；中位数=0.8，左侧=1，右侧=1；两侧数量相同，删除距中位数更远的极端值；等距时删除低值
O=C(CN1C(=O)CSC1=O)Oc1ccc(C=NNC(=O)c2ccccn2)cc1Br,Results_004,12814,0,0,0.8,0.8,普通化合物当前有效条目=3，跨度≥0.6；中位数=0.8，左侧=1，右侧=0；中位数右侧为空，删除左侧最低值
CCOC(=O)c1cn(Cc2cccc(Cl)c2)c2ccc([N+](=O)[O-])cc2c1=O,Results_004,12999,0.2,0.2,1,0.8,普通化合物当前有效条目=2，跨度≥0.6；中位数=0.6，左侧=1，右侧=1；剩余两条评分跨度达到0.6，保留高值
CCCCS(=O)(=O)Nc1ccc2cnn(C)c2c1,Results_004,13171,0.6,0.6,1,0.4,参考化合物有效条目超过 8 条；该值比组内最高 Activity Level 低至少 0.4，仅删除该记录
CCCCS(=O)(=O)Nc1ccc2cnn(C)c2c1,Results_004,13174,0.6,0.6,1,0.4,参考化合物有效条目超过 8 条；该值比组内最高 Activity Level 低至少 0.4，仅删除该记录
COc1ccc2c(c1)oc(=O)c1c2oc2ccc(O)c(CN3CCCCC3)c21,Results_004,13217,1,0.4,1,0.6,普通化合物当前有效条目=7，跨度≥0.6；中位数=0.6，左侧=3，右侧=2；删除记录数较少一侧的最外侧值
COc1ccc2c(c1)oc(=O)c1c2oc2ccc(O)c(CN3CCCCC3)c21,Results_005,13547,1,0.4,1,0.6,普通化合物当前有效条目=6，跨度≥0.6；中位数=0.5，左侧=3，右侧=3；两侧数量相同，删除距中位数更远的极端值；等距时删除低值
COC(=O)[C@@H]1CCC(=O)N1Cc1cc2ccc(OC)cc2c2cc(OC)c(OC)cc12,Results_004,13405,0.1,0.1,1,0.9,参考化合物有效条目超过 8 条；该值比组内最高 Activity Level 低至少 0.4，仅删除该记录
COC(=O)[C@@H]1CCC(=O)N1Cc1cc2ccc(OC)cc2c2cc(OC)c(OC)cc12,Results_004,13406,0.1,0.1,1,0.9,参考化合物有效条目超过 8 条；该值比组内最高 Activity Level 低至少 0.4，仅删除该记录
CCCCOc1ccc2cc(CN3C(=O)CC[C@H]3C(=O)OC)c3cc(OC)c(OC)cc3c2c1,Results_004,13418,0.1,0.1,1,0.9,参考化合物有效条目超过 8 条；该值比组内最高 Activity Level 低至少 0.4，仅删除该记录
CCCCOc1ccc2cc(CN3C(=O)CC[C@H]3C(=O)OC)c3cc(OC)c(OC)cc3c2c1,Results_004,13419,0.1,0.1,1,0.9,参考化合物有效条目超过 8 条；该值比组内最高 Activity Level 低至少 0.4，仅删除该记录
COC(=O)[C@@H]1CCC(=O)N1Cc1cc2ccc(OCc3ccccc3)cc2c2cc(OC)c(OC)cc12,Results_004,13421,0.6,0.1,1,0.9,参考化合物有效条目超过 8 条；该值比组内最高 Activity Level 低至少 0.4，仅删除该记录
COC(=O)[C@@H]1CCC(=O)N1Cc1cc2ccc(OCc3ccccc3)cc2c2cc(OC)c(OC)cc12,Results_004,13424,0.6,0.1,1,0.9,参考化合物有效条目超过 8 条；该值比组内最高 Activity Level 低至少 0.4，仅删除该记录
COC(=O)[C@@H]1CCC(=O)N1Cc1cc2ccc(OCc3ccccc3)cc2c2cc(OC)c(OC)cc12,Results_004,13427,0.6,0.1,1,0.9,参考化合物有效条目超过 8 条；该值比组内最高 Activity Level 低至少 0.4，仅删除该记录
COC(=O)[C@@H]1CCC(=O)N1Cc1cc2ccc(OCc3ccccc3)cc2c2cc(OC)c(OC)cc12,Results_004,13431,0.1,0.1,1,0.9,参考化合物有效条目超过 8 条；该值比组内最高 Activity Level 低至少 0.4，仅删除该记录
COC(=O)[C@@H]1CCC(=O)N1Cc1cc2ccc(OCc3ccccc3)cc2c2cc(OC)c(OC)cc12,Results_004,13432,0.1,0.1,1,0.9,参考化合物有效条目超过 8 条；该值比组内最高 Activity Level 低至少 0.4，仅删除该记录
COc1ccc(C2NC(=O)NC(C)=C2C(=O)OCc2cn(-c3ccc(C(F)(F)F)cc3)nn2)cc1,Results_004,13519,0,0,0.6,0.6,普通化合物当前有效条目=2，跨度≥0.6；中位数=0.3，左侧=1，右侧=1；剩余两条评分跨度达到0.6，保留高值
O=C1C(=Cc2ccccc2)COc2ccccc21,Results_004,13864,0.5,0,1,1,参考化合物有效条目超过 8 条；该值比组内最高 Activity Level 低至少 0.4，仅删除该记录
O=C1C(=Cc2ccccc2)COc2ccccc21,Results_004,13865,0.25,0,1,1,参考化合物有效条目超过 8 条；该值比组内最高 Activity Level 低至少 0.4，仅删除该记录
O=C1C(=Cc2ccccc2)COc2ccccc21,Results_004,13866,0.5,0,1,1,参考化合物有效条目超过 8 条；该值比组内最高 Activity Level 低至少 0.4，仅删除该记录
O=C1C(=Cc2ccccc2)COc2ccccc21,Results_004,13868,0,0,1,1,参考化合物有效条目超过 8 条；该值比组内最高 Activity Level 低至少 0.4，仅删除该记录
O=C1C(=Cc2ccccc2)COc2ccccc21,Results_004,13869,0.5,0,1,1,参考化合物有效条目超过 8 条；该值比组内最高 Activity Level 低至少 0.4，仅删除该记录
O=C1C(=Cc2ccccc2)COc2ccccc21,Results_004,13871,0.25,0,1,1,参考化合物有效条目超过 8 条；该值比组内最高 Activity Level 低至少 0.4，仅删除该记录
O=C1C(=Cc2ccccc2)COc2ccccc21,Results_004,13872,0,0,1,1,参考化合物有效条目超过 8 条；该值比组内最高 Activity Level 低至少 0.4，仅删除该记录
O=C1C(=Cc2ccccc2)COc2ccccc21,Results_004,13875,0,0,1,1,参考化合物有效条目超过 8 条；该值比组内最高 Activity Level 低至少 0.4，仅删除该记录
O=C1C=C(Nc2ccccc2)C(=O)c2ccccc21,Results_004,13957,0.8,0.2,0.8,0.6,普通化合物当前有效条目=3，跨度≥0.6；中位数=0.2，左侧=0，右侧=1；中位数左侧为空，删除右侧最高值
COc1cc2c(cc1O)C[C@H]1c3c(cc(O)c(OC)c3-2)CCN1C,Results_004,13964,0,0,0.6,0.6,参考化合物有效条目超过 8 条；该值比组内最高 Activity Level 低至少 0.4，仅删除该记录
COc1cc2c(cc1O)C[C@H]1c3c(cc(O)c(OC)c3-2)CCN1C,Results_004,13968,0.1,0,0.6,0.6,参考化合物有效条目超过 8 条；该值比组内最高 Activity Level 低至少 0.4，仅删除该记录
COc1cc2c(cc1O)C[C@H]1c3c(cc(O)c(OC)c3-2)CCN1C,Results_004,13970,0.1,0,0.6,0.6,参考化合物有效条目超过 8 条；该值比组内最高 Activity Level 低至少 0.4，仅删除该记录
COc1cc2c(cc1O)C[C@H]1c3c(cc(O)c(OC)c3-2)CCN1C,Results_004,13971,0.1,0,0.6,0.6,参考化合物有效条目超过 8 条；该值比组内最高 Activity Level 低至少 0.4，仅删除该记录
COc1cc2c(cc1O)C[C@H]1c3c(cc(O)c(OC)c3-2)CCN1C,Results_004,13972,0.1,0,0.6,0.6,参考化合物有效条目超过 8 条；该值比组内最高 Activity Level 低至少 0.4，仅删除该记录
Cc1c2oc3c(C)ccc(C(=O)N[C@@H]4C(=O)N[C@H](C(C)C)C(=O)N5CCC[C@H]5C(=O)N(C)CC(=O)N(C)[C@@H](C(C)C)C(=O)O[C@@H]4C)c3nc-2c(C(=O)N[C@@H]2C(=O)N[C@H](C(C)C)C(=O)N3CCC[C@H]3C(=O)N(C)CC(=O)N(C)[C@@H](C(C)C)C(=O)O[C@@H]2C)c(N)c1=O,Results_006,334,0.8,0,0.8,0.8,普通化合物当前有效条目=4，跨度≥0.6；中位数=0，左侧=0，右侧=1；中位数左侧为空，删除右侧最高值
COc1ccc(N2CCN(c3ccc(C=NNC(=O)c4ccncc4)cc3)CC2)cc1,Results_004,14082,0.2,0.2,1,0.8,普通化合物当前有效条目=3，跨度≥0.6；中位数=0.6，左侧=1，右侧=1；两侧数量相同，删除距中位数更远的极端值；等距时删除低值
O=C(NN=Cc1ccc(N2CCN(c3ccccn3)CC2)cc1)c1ccncc1,Results_004,14085,0.4,0.4,1,0.6,普通化合物当前有效条目=3，跨度≥0.6；中位数=1，左侧=1，右侧=0；中位数右侧为空，删除左侧最低值
NC(=O)C1CCN(c2ccc(C=NNC(=O)c3ccncc3)cc2)CC1,Results_004,14100,0.4,0.4,1,0.6,普通化合物当前有效条目=3，跨度≥0.6；中位数=1，左侧=1，右侧=0；中位数右侧为空，删除左侧最低值
N/C(=N\NC(=S)N1CCOCC1)c1cc(N2CCCC2)ccn1,Results_005,2466,0.25,0.25,1,0.75,普通化合物当前有效条目=3，跨度≥0.6；中位数=1，左侧=1，右侧=0；中位数右侧为空，删除左侧最低值
COC(=O)N[C@H](C(=O)N1CC2(CC2)C[C@H]1c1ncc(-c2ccc3c(c2)C(F)(F)c2cc(-c4ccc5nc([C@@H]6[C@H]7CC[C@H](C7)N6C(=O)[C@@H](NC(=O)OC)C(C)C)[nH]c5c4)ccc2-3)[nH]1)C(C)C,Results_004,14430,0.8,0.2,0.8,0.6,普通化合物当前有效条目=3，跨度≥0.6；中位数=0.2，左侧=0，右侧=1；中位数左侧为空，删除右侧最高值
NCCCC(O)(P(=O)(O)O)P(=O)(O)O,Results_004,14471,0.8,0.2,0.8,0.6,普通化合物当前有效条目=3，跨度≥0.6；中位数=0.2，左侧=0，右侧=1；中位数左侧为空，删除右侧最高值
O=C1Nc2ccccc2C1=NNC(=O)c1cnc2cc(Cl)ccc2c1O,Results_004,14549,0.4,0.4,1,0.6,普通化合物当前有效条目=3，跨度≥0.6；中位数=0.8，左侧=1，右侧=1；两侧数量相同，删除距中位数更远的极端值；等距时删除低值
O=C1Nc2ccccc2C1=NNC(=O)c1cnc2ccc(Cl)cc2c1O,Results_004,14561,0,0,0.8,0.8,普通化合物当前有效条目=3，跨度≥0.6；中位数=0.4，左侧=1，右侧=1；两侧数量相同，删除距中位数更远的极端值；等距时删除低值
O=C1Nc2ccc(F)cc2C1=NNC(=O)c1cnc2ccc(Cl)cc2c1O,Results_004,14562,0.8,0,0.8,0.8,普通化合物当前有效条目=3，跨度≥0.6；中位数=0.2，左侧=1，右侧=1；两侧数量相同，删除距中位数更远的极端值；等距时删除低值
O=C1Nc2ccc(Br)cc2C1=NNC(=O)c1cnc2ccc(Cl)cc2c1O,Results_004,14565,0.6,0,0.6,0.6,普通化合物当前有效条目=3，跨度≥0.6；中位数=0.1，左侧=1，右侧=1；两侧数量相同，删除距中位数更远的极端值；等距时删除低值
O=C1Nc2ccc([N+](=O)[O-])cc2C1=NNC(=O)c1cnc2ccc(Cl)cc2c1O,Results_004,14568,0.6,0,0.6,0.6,普通化合物当前有效条目=3，跨度≥0.6；中位数=0，左侧=0，右侧=1；中位数左侧为空，删除右侧最高值
CN1C(=O)C(=NNC(=O)c2cnc3cc(Cl)ccc3c2O)c2ccccc21,Results_004,14573,0.2,0.2,1,0.8,普通化合物当前有效条目=3，跨度≥0.6；中位数=0.6，左侧=1，右侧=1；两侧数量相同，删除距中位数更远的极端值；等距时删除低值
O=C(NN=C1C(=O)N(Cc2ccccc2)c2ccc(Br)cc21)c1cnc2cc(Cl)ccc2c1O,Results_004,14580,0.6,0,0.6,0.6,普通化合物当前有效条目=3，跨度≥0.6；中位数=0.1，左侧=1，右侧=1；两侧数量相同，删除距中位数更远的极端值；等距时删除低值
CN1C(=O)C(=NNC(=O)c2cnc3ccc(Cl)cc3c2O)c2ccccc21,Results_004,14585,0.2,0.2,0.8,0.6,普通化合物当前有效条目=3，跨度≥0.6；中位数=0.6，左侧=1，右侧=1；两侧数量相同，删除距中位数更远的极端值；等距时删除低值
CN1C(=O)C(=NNC(=O)c2cnc3ccc(Cl)cc3c2O)c2cc(Br)ccc21,Results_004,14591,0,0,0.8,0.8,普通化合物当前有效条目=3，跨度≥0.6；中位数=0.4，左侧=1，右侧=1；两侧数量相同，删除距中位数更远的极端值；等距时删除低值
COc1nc2ccc(Br)cc2cc1C(c1ccccc1)C(O)(CCN(C)C)c1cccc2ccccc12,Results_004,14926,0.2,0.2,0.8,0.6,普通化合物当前有效条目=3，跨度≥0.6；中位数=0.8，左侧=1，右侧=0；中位数右侧为空，删除左侧最低值
CCCCCCCCCCSc1ncnc2nc[nH]c12,Results_004,15069,0.4,0.4,1,0.6,普通化合物当前有效条目=3，跨度≥0.6；中位数=0.8，左侧=1，右侧=1；两侧数量相同，删除距中位数更远的极端值；等距时删除低值
Cc1cccc(Sc2ncnc3[nH]cnc23)c1,Results_004,15078,0.4,0.4,1,0.6,普通化合物当前有效条目=2，跨度≥0.6；中位数=0.7，左侧=1，右侧=1；剩余两条评分跨度达到0.6，保留高值
Oc1nc(Sc2ccccc2)c2nc[nH]c2n1,Results_004,15090,0.4,0.4,1,0.6,普通化合物当前有效条目=2，跨度≥0.6；中位数=0.7，左侧=1，右侧=1；剩余两条评分跨度达到0.6，保留高值
CCCCCCCCCCSc1ncnc2c1ncn2C(CC)C(=O)O,Results_004,15107,0.4,0.4,1,0.6,普通化合物当前有效条目=3，跨度≥0.6；中位数=0.8，左侧=1，右侧=1；两侧数量相同，删除距中位数更远的极端值；等距时删除低值
CCOC(=O)Cn1cnc2c(Sc3ccc(Cl)cc3)ncnc21,Results_004,15112,0.2,0.2,1,0.8,普通化合物当前有效条目=2，跨度≥0.6；中位数=0.6，左侧=1，右侧=1；剩余两条评分跨度达到0.6，保留高值
CCOC(=O)Cn1cnc2c(Sc3ccc(C)cc3)ncnc21,Results_004,15116,0.4,0.4,1,0.6,普通化合物当前有效条目=2，跨度≥0.6；中位数=0.7，左侧=1，右侧=1；剩余两条评分跨度达到0.6，保留高值
CCOC(=O)Cn1cnc2c(Sc3ccc4ccccc4c3)ncnc21,Results_004,15118,0.4,0.4,1,0.6,普通化合物当前有效条目=2，跨度≥0.6；中位数=0.7，左侧=1，右侧=1；剩余两条评分跨度达到0.6，保留高值
CCOC(=O)Cn1cnc2c(SCc3ccccc3)nc(O)nc21,Results_004,15119,0,0,0.8,0.8,普通化合物当前有效条目=2，跨度≥0.6；中位数=0.4，左侧=1，右侧=1；剩余两条评分跨度达到0.6，保留高值
CCOC(=O)Cn1cnc2c(SCc3cc(Cl)ccc3F)nc(O)nc21,Results_004,15121,0,0,0.8,0.8,普通化合物当前有效条目=2，跨度≥0.6；中位数=0.4，左侧=1，右侧=1；剩余两条评分跨度达到0.6，保留高值
CCOC(=O)Cn1cnc2c(SCc3ccccc3F)nc(O)nc21,Results_004,15125,0,0,0.8,0.8,普通化合物当前有效条目=2，跨度≥0.6；中位数=0.4，左侧=1，右侧=1；剩余两条评分跨度达到0.6，保留高值
CCCCCCCCCCSc1ncnc2c1ncn2CC(=O)OCc1ccccc1,Results_004,15127,0,0,0.6,0.6,普通化合物当前有效条目=2，跨度≥0.6；中位数=0.3，左侧=1，右侧=1；剩余两条评分跨度达到0.6，保留高值
CCCCCCCCCCSc1ncnc2c1ncn2CC(=O)Oc1ccccc1,Results_004,15129,0,0,0.6,0.6,普通化合物当前有效条目=2，跨度≥0.6；中位数=0.3，左侧=1，右侧=1；剩余两条评分跨度达到0.6，保留高值
CCCCCCCCCCSc1ncnc2c1ncn2CC(=O)OC(C)(C)C,Results_004,15132,0.4,0.4,1,0.6,普通化合物当前有效条目=2，跨度≥0.6；中位数=0.7，左侧=1，右侧=1；剩余两条评分跨度达到0.6，保留高值
O=C(/C=C/C=C/c1ccc2c(c1)OCO2)N1CCCCC1,Results_004,15207,0.2,0.1,0.6,0.5,参考化合物有效条目超过 8 条；该值比组内最高 Activity Level 低至少 0.4，仅删除该记录
O=C(/C=C/C=C/c1ccc2c(c1)OCO2)N1CCCCC1,Results_004,15208,0.2,0.1,0.6,0.5,参考化合物有效条目超过 8 条；该值比组内最高 Activity Level 低至少 0.4，仅删除该记录
O=C(/C=C/C=C/c1ccc2c(c1)OCO2)N1CCCCC1,Results_004,15209,0.1,0.1,0.6,0.5,参考化合物有效条目超过 8 条；该值比组内最高 Activity Level 低至少 0.4，仅删除该记录
O=C(/C=C/C=C/c1ccc2c(c1)OCO2)N1CCCCC1,Results_004,15210,0.1,0.1,0.6,0.5,参考化合物有效条目超过 8 条；该值比组内最高 Activity Level 低至少 0.4，仅删除该记录
O=C(/C=C/C=C/c1ccc2c(c1)OCO2)N1CCCCC1,Results_004,15214,0.2,0.1,0.6,0.5,参考化合物有效条目超过 8 条；该值比组内最高 Activity Level 低至少 0.4，仅删除该记录
O=C(/C=C/C=C/c1ccc2c(c1)OCO2)N1CCCCC1,Results_006,1250,0.2,0.1,0.6,0.5,参考化合物有效条目超过 8 条；该值比组内最高 Activity Level 低至少 0.4，仅删除该记录
CSc1ncc(C2C(C(N)=O)=C(C)NC(C)=C2C(=O)N(c2ccccc2)c2ccccc2)n1Cc1ccc(F)cc1,Results_004,15220,0.2,0.2,1,0.8,普通化合物当前有效条目=7，跨度≥0.6；中位数=0.75，左侧=2，右侧=3；删除记录数较少一侧的最外侧值
CC[C@H]1OC(=O)[C@H](C)C(=O)[C@H](C)[C@@H](O[C@@H]2O[C@H](C)C[C@H](N(C)C)[C@H]2O)[C@](C)(OC)C[C@@H](C)C(=O)[C@H](C)[C@H]2N(CCCCn3cnc(-c4cccnc4)c3)C(=O)O[C@]12C,Results_006,1761,0.1,0.1,1,0.9,普通化合物当前有效条目=3，跨度≥0.6；中位数=1，左侧=1，右侧=0；中位数右侧为空，删除左侧最低值
Cc1ccn2c(C(=O)NCc3cccc(S(F)(F)(F)(F)F)c3)c(C)nc2c1,Results_004,15692,0.1,0.1,1,0.9,普通化合物当前有效条目=7，跨度≥0.6；中位数=0.8，左侧=1，右侧=3；删除记录数较少一侧的最外侧值
Cc1ccc2nc(C)c(C(=O)NCc3cccc(S(F)(F)(F)(F)F)c3)n2c1,Results_004,15707,0.1,0.1,1,0.9,普通化合物当前有效条目=7，跨度≥0.6；中位数=0.8，左侧=1，右侧=2；删除记录数较少一侧的最外侧值
CCc1nc2ccc(Cl)cn2c1C(=O)NCc1cccc(S(F)(F)(F)(F)F)c1,Results_004,15722,0.1,0.1,1,0.9,普通化合物当前有效条目=7，跨度≥0.6；中位数=0.8，左侧=1，右侧=3；删除记录数较少一侧的最外侧值
Cc1cn2c(C(=O)NCc3ccc(S(F)(F)(F)(F)F)cc3)c(C)nc2s1,Results_004,15729,0.2,0.2,1,0.8,普通化合物当前有效条目=8，跨度≥0.6；中位数=1，左侧=1，右侧=0；中位数右侧为空，删除左侧最低值
CC/C(C)=C1\OC(=O)[C@@H](C)[C@@H](O)[C@@H](Cc2cccnc2)NC(=O)[C@H](NC(=O)c2ncccc2O)[C@H](C)OC1=O,Results_004,15812,0.6,0.6,1,0.4,参考化合物有效条目超过 8 条；该值比组内最高 Activity Level 低至少 0.4，仅删除该记录
Nc1nc(NNC(=O)c2ccccc2O)cs1,Results_004,16294,0,0,0.6,0.6,普通化合物当前有效条目=3，跨度≥0.6；中位数=0.4，左侧=1，右侧=1；两侧数量相同，删除距中位数更远的极端值；等距时删除低值
Cc1ccc(Sc2ccccc2NC(=O)c2conc2C)c(C)c1,Results_004,16335,0.2,0.2,0.8,0.6,普通化合物当前有效条目=3，跨度≥0.6；中位数=0.6，左侧=1，右侧=1；两侧数量相同，删除距中位数更远的极端值；等距时删除低值
C[C@@H]1Oc2nc([N+](=O)[O-])cn2C[C@@H]1OCc1ccc(OC(F)(F)F)cc1,Results_004,17121,1,0.2,1,0.8,普通化合物当前有效条目=4，跨度≥0.6；中位数=0.2，左侧=0，右侧=1；中位数左侧为空，删除右侧最高值
C[C@H]1Oc2nc([N+](=O)[O-])cn2C[C@@H]1OCc1ccc(OC(F)(F)F)cc1,Results_004,17125,1,0.2,1,0.8,普通化合物当前有效条目=4，跨度≥0.6；中位数=0.2，左侧=0，右侧=1；中位数左侧为空，删除右侧最高值
O=C(Nc1ccccc1)Nc1ccc2c(Cl)c(OCCCBr)oc(=O)c2c1,Results_004,17460,0.75,0,0.75,0.75,普通化合物当前有效条目=5，跨度≥0.6；中位数=0，左侧=0，右侧=2；中位数左侧为空，删除右侧最高值
COc1cc(/C=C/c2cc(/C=C/c3ccc(OC)c(OC)c3)on2)ccc1O,Results_004,17627,0.4,0.4,0.8,0.4,参考化合物有效条目超过 8 条；该值比组内最高 Activity Level 低至少 0.4，仅删除该记录
COc1cc(/C=C/c2cc(/C=C/c3ccc(OC)c(OC)c3)on2)ccc1O,Results_004,17629,0.4,0.4,0.8,0.4,参考化合物有效条目超过 8 条；该值比组内最高 Activity Level 低至少 0.4，仅删除该记录
COc1cc(/C=C/c2cc(/C=C/c3ccc(OC)c(OC)c3)on2)ccc1O,Results_004,17630,0.4,0.4,0.8,0.4,参考化合物有效条目超过 8 条；该值比组内最高 Activity Level 低至少 0.4，仅删除该记录
COc1cc(/C=C/c2cc(/C=C/c3ccc(OC)c(OC)c3)on2)ccc1O,Results_004,17631,0.4,0.4,0.8,0.4,参考化合物有效条目超过 8 条；该值比组内最高 Activity Level 低至少 0.4，仅删除该记录
COc1cc(/C=C/c2cc(/C=C/c3ccc(OC)c(OC)c3)on2)ccc1O,Results_004,17632,0.4,0.4,0.8,0.4,参考化合物有效条目超过 8 条；该值比组内最高 Activity Level 低至少 0.4，仅删除该记录
COc1cc(/C=C/c2cc(/C=C/c3ccc(OC)c(OC)c3)on2)ccc1O,Results_004,17636,0.4,0.4,0.8,0.4,参考化合物有效条目超过 8 条；该值比组内最高 Activity Level 低至少 0.4，仅删除该记录
COc1cc(/C=C/c2cc(/C=C/c3ccc(OC)c(OC)c3)on2)ccc1O,Results_004,17637,0.4,0.4,0.8,0.4,参考化合物有效条目超过 8 条；该值比组内最高 Activity Level 低至少 0.4，仅删除该记录
COc1ccc(-n2nnnc2Nc2cccc(Br)c2)cc1,Results_004,17908,0,0,0.8,0.8,普通化合物当前有效条目=7，跨度≥0.6；中位数=0.8，左侧=1，右侧=0；中位数右侧为空，删除左侧最低值
COc1ccc(-n2nnnc2Nc2ccc(Br)cc2)cc1,Results_004,17915,0,0,0.8,0.8,普通化合物当前有效条目=7，跨度≥0.6；中位数=0.8，左侧=1，右侧=0；中位数右侧为空，删除左侧最低值
COc1ccc(Nc2nnnn2-c2ccc(F)cc2)cc1,Results_004,17932,0,0,0.6,0.6,普通化合物当前有效条目=2，跨度≥0.6；中位数=0.3，左侧=1，右侧=1；剩余两条评分跨度达到0.6，保留高值
COc1ccc(Nc2nnnn2-c2ccccc2Cl)cc1,Results_004,17934,0,0,0.6,0.6,普通化合物当前有效条目=2，跨度≥0.6；中位数=0.3，左侧=1，右侧=1；剩余两条评分跨度达到0.6，保留高值
COc1ccc(Nc2nnnn2-c2cccc(Cl)c2)cc1,Results_004,17936,0,0,0.6,0.6,普通化合物当前有效条目=2，跨度≥0.6；中位数=0.3，左侧=1，右侧=1；剩余两条评分跨度达到0.6，保留高值
COc1ccc(Nc2nnnn2-c2ccc(Cl)cc2)cc1,Results_004,17938,0,0,0.6,0.6,普通化合物当前有效条目=2，跨度≥0.6；中位数=0.3，左侧=1，右侧=1；剩余两条评分跨度达到0.6，保留高值
O=C(N/N=C/c1ccc(OCc2cn(-c3ccnc4cc(Cl)ccc34)nn2)cc1)c1ccncc1,Results_004,18061,0,0,1,1,普通化合物当前有效条目=2，跨度≥0.6；中位数=0.5，左侧=1，右侧=1；剩余两条评分跨度达到0.6，保留高值
COc1cc(/C=N/NC(=O)c2ccncc2)ccc1OCc1cn(-c2ccnc3cc(Cl)ccc23)nn1,Results_004,18063,0.2,0.2,1,0.8,普通化合物当前有效条目=2，跨度≥0.6；中位数=0.6，左侧=1，右侧=1；剩余两条评分跨度达到0.6，保留高值
COc1cc(/C=N/NC(=O)c2ccncc2)ccc1OCc1cn(CCNc2ccnc3cc(Cl)ccc23)nn1,Results_004,18069,0.4,0.4,1,0.6,普通化合物当前有效条目=2，跨度≥0.6；中位数=0.7，左侧=1，右侧=1；剩余两条评分跨度达到0.6，保留高值
COc1cc(/C=N/NC(=O)c2ccncc2)ccc1OCc1cn(CCCNc2ccnc3cc(Cl)ccc23)nn1,Results_004,18071,0.4,0.4,1,0.6,普通化合物当前有效条目=2，跨度≥0.6；中位数=0.7，左侧=1，右侧=1；剩余两条评分跨度达到0.6，保留高值
Cc1cc(Cl)ccc1-c1ccc(C(=O)N[C@H]2CCc3c(C)ccc(-c4ccncc4)c3C2)nc1,Results_004,18162,0.2,0.2,0.8,0.6,普通化合物当前有效条目=6，跨度≥0.6；中位数=0.5，左侧=3，右侧=3；两侧数量相同，删除距中位数更远的极端值；等距时删除低值
Cc1cc(Cl)ccc1-c1ccc(C(=O)N[C@H]2CCc3c(C)ccc(-c4ccncc4)c3C2)nc1,Results_004,18164,0.2,0.2,0.8,0.6,普通化合物当前有效条目=5，跨度≥0.6；中位数=0.8，左侧=2，右侧=0；中位数右侧为空，删除左侧最低值
Cc1cc(Cl)ccc1-c1ccc(C(=O)N[C@H]2CCc3c(C)ccc(-c4ccncc4)c3C2)nc1,Results_004,18166,0.2,0.2,0.8,0.6,普通化合物当前有效条目=4，跨度≥0.6；中位数=0.8，左侧=1，右侧=0；中位数右侧为空，删除左侧最低值
CC(C)N(C(=O)CCNCCCC1CCCC1)C(C)C,Results_004,18247,0,0,0.8,0.8,参考化合物有效条目超过 8 条；该值比组内最高 Activity Level 低至少 0.4，仅删除该记录
CC(C)N(C(=O)CCNCCC(c1ccccc1)c1ccccc1)C(C)C,Results_004,18258,0,0,0.8,0.8,参考化合物有效条目超过 8 条；该值比组内最高 Activity Level 低至少 0.4，仅删除该记录
O=C(NN=Cc1ccc([N+](=O)[O-])s1)c1ccccc1,Results_005,13251,0.4,0.4,1,0.6,普通化合物当前有效条目=2，跨度≥0.6；中位数=0.7，左侧=1，右侧=1；剩余两条评分跨度达到0.6，保留高值
COc1ccc2nccc(-n3cc(CCNCc4ccc5c(c4)NC(=O)CS5)nn3)c2n1,Results_005,66,0.4,0.4,1,0.6,普通化合物当前有效条目=4，跨度≥0.6；中位数=0.9，左侧=2，右侧=2；两侧数量相同，删除距中位数更远的极端值；等距时删除低值
O=c1ccc2ncc(=O)n3c2n1C[C@H]3CN1CCC(NCc2cc3c(cn2)OCCC3)CC1,Results_005,74,0.2,0.2,0.8,0.6,普通化合物当前有效条目=4，跨度≥0.6；中位数=0.8，左侧=1，右侧=0；中位数右侧为空，删除左侧最低值
CC(C)(C)n1cc(C(=O)O)c(=O)c2cc(F)c(-c3cccnc3)cc21,Results_005,243,0.2,0.2,1,0.8,参考化合物有效条目超过 8 条；该值比组内最高 Activity Level 低至少 0.4，仅删除该记录
COC(=O)/C=C/C(=O)c1ccc(OC)cc1,Results_005,286,0.4,0.4,1,0.6,普通化合物当前有效条目=7，跨度≥0.6；中位数=1，左侧=3，右侧=0；中位数右侧为空，删除左侧最低值
O=C(OCCCl)c1cnccn1,Results_005,308,0.6,0,0.6,0.6,普通化合物当前有效条目=8，跨度≥0.6；中位数=0，左侧=0，右侧=3；中位数左侧为空，删除右侧最高值
CCCCCCOC(=O)c1cnccn1,Results_005,316,0.8,0,0.8,0.8,普通化合物当前有效条目=8，跨度≥0.6；中位数=0.05，左侧=4，右侧=4；两侧数量相同，删除距中位数更远的极端值；等距时删除低值
CCCCCCOC(=O)c1cnccn1,Results_005,313,0.6,0,0.6,0.6,普通化合物当前有效条目=7，跨度≥0.6；中位数=0，左侧=0，右侧=3；中位数左侧为空，删除右侧最高值
O=C(OCCCOC(=O)c1cnccn1)c1cnccn1,Results_005,332,0.6,0,0.6,0.6,普通化合物当前有效条目=8，跨度≥0.6；中位数=0，左侧=0，右侧=3；中位数左侧为空，删除右侧最高值
NNC(=O)c1cccs1,Results_005,355,0,0,0.4,0.4,参考化合物有效条目超过 8 条；该值比组内最高 Activity Level 低至少 0.4，仅删除该记录
NNC(=O)c1cccs1,Results_005,356,0,0,0.4,0.4,参考化合物有效条目超过 8 条；该值比组内最高 Activity Level 低至少 0.4，仅删除该记录
NNC(=O)c1cccs1,Results_005,359,0,0,0.4,0.4,参考化合物有效条目超过 8 条；该值比组内最高 Activity Level 低至少 0.4，仅删除该记录
NNC(=O)c1cccs1,Results_005,363,0,0,0.4,0.4,参考化合物有效条目超过 8 条；该值比组内最高 Activity Level 低至少 0.4，仅删除该记录
NNC(=O)c1cccs1,Results_005,364,0,0,0.4,0.4,参考化合物有效条目超过 8 条；该值比组内最高 Activity Level 低至少 0.4，仅删除该记录
NNC(=O)c1cccs1,Results_005,365,0,0,0.4,0.4,参考化合物有效条目超过 8 条；该值比组内最高 Activity Level 低至少 0.4，仅删除该记录
NNC(=O)c1cccs1,Results_005,366,0,0,0.4,0.4,参考化合物有效条目超过 8 条；该值比组内最高 Activity Level 低至少 0.4，仅删除该记录
CCNN=CNC(=O)Nc1c(CC)cccc1CC,Results_005,409,0.2,0.2,1,0.8,参考化合物有效条目超过 8 条；该值比组内最高 Activity Level 低至少 0.4，仅删除该记录
CCNN=CNC(=O)Nc1c(CC)cccc1CC,Results_005,414,0.2,0.2,1,0.8,参考化合物有效条目超过 8 条；该值比组内最高 Activity Level 低至少 0.4，仅删除该记录
CCNN=CNC(=O)Nc1c(CC)cc(C#N)cc1CC,Results_005,441,0.2,0.2,1,0.8,普通化合物当前有效条目=8，跨度≥0.6；中位数=0.8，左侧=2，右侧=2；两侧数量相同，删除距中位数更远的极端值；等距时删除低值
CCNN=CNC(=O)Nc1c(CC)cc(C#N)cc1CC,Results_005,445,0.2,0.2,1,0.8,普通化合物当前有效条目=7，跨度≥0.6；中位数=0.8，左侧=1，右侧=2；删除记录数较少一侧的最外侧值
CCNC(=N)NC(=O)Nc1c(CC)cc(C(=O)NC(C)C)cc1CC,Results_005,455,0.4,0.4,1,0.6,普通化合物当前有效条目=8，跨度≥0.6；中位数=1，左侧=2，右侧=0；中位数右侧为空，删除左侧最低值
CCNC(=N)NC(=O)Nc1c(CC)cc(C(=O)NC(C)C)cc1CC,Results_005,459,0.4,0.4,1,0.6,普通化合物当前有效条目=7，跨度≥0.6；中位数=1，左侧=1，右侧=0；中位数右侧为空，删除左侧最低值
CCNC(=N)NC(=O)Nc1c(CC)cc(C(=O)NCc2ccccc2)cc1CC,Results_005,463,0.4,0.4,1,0.6,普通化合物当前有效条目=8，跨度≥0.6；中位数=1，左侧=2，右侧=0；中位数右侧为空，删除左侧最低值
CCNC(=N)NC(=O)Nc1c(CC)cc(C(=O)NCc2ccccc2)cc1CC,Results_005,467,0.4,0.4,1,0.6,普通化合物当前有效条目=7，跨度≥0.6；中位数=1，左侧=1，右侧=0；中位数右侧为空，删除左侧最低值
CCNC(=N)NC(=O)Nc1c(CC)cc(NS(=O)(=O)c2ccccc2)cc1CC,Results_005,473,0.2,0.2,1,0.8,普通化合物当前有效条目=8，跨度≥0.6；中位数=0.8，左侧=2，右侧=2；两侧数量相同，删除距中位数更远的极端值；等距时删除低值
CCNC(=N)NC(=O)Nc1c(CC)cc(NS(=O)(=O)c2ccccc2)cc1CC,Results_005,477,0.2,0.2,1,0.8,普通化合物当前有效条目=7，跨度≥0.6；中位数=0.8，左侧=1，右侧=2；删除记录数较少一侧的最外侧值
CCNC(=N)NC(=O)Nc1c(CC)cc(S(=O)(=O)NCC)cc1CC,Results_005,482,0.4,0.4,1,0.6,普通化合物当前有效条目=8，跨度≥0.6；中位数=0.9，左侧=4，右侧=4；两侧数量相同，删除距中位数更远的极端值；等距时删除低值
CCNC(=N)NC(=O)Nc1c(CC)cc(S(=O)(=O)NCC)cc1CC,Results_005,486,0.4,0.4,1,0.6,普通化合物当前有效条目=7，跨度≥0.6；中位数=1，左侧=3，右侧=0；中位数右侧为空，删除左侧最低值
COc1ccc(/C=C/C(=O)c2c(C)n(C)c3ccc(OCc4cn(-c5ccc(S(N)(=O)=O)cc5)nn4)cc23)c(OC)c1OC,Results_005,630,0.8,0.1,0.8,0.7,普通化合物当前有效条目=4，跨度≥0.6；中位数=0.1，左侧=0，右侧=1；中位数左侧为空，删除右侧最高值
Cc1c(C(=O)/C=C/c2ccc(F)c(F)c2)c2cc(OCc3cn(-c4ccc(S(N)(=O)=O)cc4)nn3)ccc2n1C,Results_005,635,0.8,0.1,0.8,0.7,普通化合物当前有效条目=4，跨度≥0.6；中位数=0.1，左侧=0，右侧=1；中位数左侧为空，删除右侧最高值
CN[C@@H]1[C@H](O)[C@H](NC)[C@H]2O[C@@]3(O)C(=O)C[C@@H](C)O[C@H]3O[C@@H]2[C@H]1O,Results_005,1198,0.1,0,0.6,0.6,参考化合物有效条目超过 8 条；该值比组内最高 Activity Level 低至少 0.4，仅删除该记录
CN[C@@H]1[C@H](O)[C@H](NC)[C@H]2O[C@@]3(O)C(=O)C[C@@H](C)O[C@H]3O[C@@H]2[C@H]1O,Results_005,8362,0.1,0,0.6,0.6,参考化合物有效条目超过 8 条；该值比组内最高 Activity Level 低至少 0.4，仅删除该记录
CN[C@@H]1[C@H](O)[C@H](NC)[C@H]2O[C@@]3(O)C(=O)C[C@@H](C)O[C@H]3O[C@@H]2[C@H]1O,Results_005,8364,0,0,0.6,0.6,参考化合物有效条目超过 8 条；该值比组内最高 Activity Level 低至少 0.4，仅删除该记录
CN[C@@H]1[C@H](O)[C@H](NC)[C@H]2O[C@@]3(O)C(=O)C[C@@H](C)O[C@H]3O[C@@H]2[C@H]1O,Results_005,8365,0,0,0.6,0.6,参考化合物有效条目超过 8 条；该值比组内最高 Activity Level 低至少 0.4，仅删除该记录
CN[C@@H]1[C@H](O)[C@H](NC)[C@H]2O[C@@]3(O)C(=O)C[C@@H](C)O[C@H]3O[C@@H]2[C@H]1O,Results_005,8366,0,0,0.6,0.6,参考化合物有效条目超过 8 条；该值比组内最高 Activity Level 低至少 0.4，仅删除该记录
CN[C@@H]1[C@H](O)[C@H](NC)[C@H]2O[C@@]3(O)C(=O)C[C@@H](C)O[C@H]3O[C@@H]2[C@H]1O,Results_005,8367,0,0,0.6,0.6,参考化合物有效条目超过 8 条；该值比组内最高 Activity Level 低至少 0.4，仅删除该记录
CN[C@@H]1[C@H](O)[C@H](NC)[C@H]2O[C@@]3(O)C(=O)C[C@@H](C)O[C@H]3O[C@@H]2[C@H]1O,Results_005,8368,0,0,0.6,0.6,参考化合物有效条目超过 8 条；该值比组内最高 Activity Level 低至少 0.4，仅删除该记录
CN[C@@H]1[C@H](O)[C@H](NC)[C@H]2O[C@@]3(O)C(=O)C[C@@H](C)O[C@H]3O[C@@H]2[C@H]1O,Results_005,8369,0,0,0.6,0.6,参考化合物有效条目超过 8 条；该值比组内最高 Activity Level 低至少 0.4，仅删除该记录
CN[C@@H]1[C@H](O)[C@H](NC)[C@H]2O[C@@]3(O)C(=O)C[C@@H](C)O[C@H]3O[C@@H]2[C@H]1O,Results_005,8370,0,0,0.6,0.6,参考化合物有效条目超过 8 条；该值比组内最高 Activity Level 低至少 0.4，仅删除该记录
CN[C@@H]1[C@H](O)[C@H](NC)[C@H]2O[C@@]3(O)C(=O)C[C@@H](C)O[C@H]3O[C@@H]2[C@H]1O,Results_006,1556,0,0,0.6,0.6,参考化合物有效条目超过 8 条；该值比组内最高 Activity Level 低至少 0.4，仅删除该记录
CN[C@@H]1[C@H](O)[C@H](NC)[C@H]2O[C@]3(O)[C@H](O[C@@H]2[C@H]1O)O[C@H](C)C[C@H]3NC(=O)Cc1ccccn1,Results_005,8318,0,0,0.8,0.8,参考化合物有效条目超过 8 条；该值比组内最高 Activity Level 低至少 0.4，仅删除该记录
CN[C@@H]1[C@H](O)[C@H](NC)[C@H]2O[C@]3(O)[C@H](O[C@@H]2[C@H]1O)O[C@H](C)C[C@H]3NC(=O)Cc1ccccn1,Results_005,8319,0,0,0.8,0.8,参考化合物有效条目超过 8 条；该值比组内最高 Activity Level 低至少 0.4，仅删除该记录
CCOC(=O)c1cc(C(=O)c2ccccc2)n2ccc(OC)cc12,Results_005,1508,0,0,0.6,0.6,普通化合物当前有效条目=3，跨度≥0.6；中位数=0.6，左侧=1，右侧=0；中位数右侧为空，删除左侧最低值
CCOC(=O)c1c(C)c(C(=O)c2ccc(C)cc2)n2ccc(OC)cc12,Results_005,1547,0,0,0.6,0.6,普通化合物当前有效条目=3，跨度≥0.6；中位数=0.6，左侧=1，右侧=0；中位数右侧为空，删除左侧最低值
O=C(Nc1ccc(Cl)c(C(F)(F)F)c1)NC1CCCCC1,Results_005,1559,0.6,0.6,1,0.4,参考化合物有效条目超过 8 条；该值比组内最高 Activity Level 低至少 0.4，仅删除该记录
COc1ccc(-c2nnc(-c3cc([N+](=O)[O-])ccc3O)o2)c2ccccc12,Results_005,1642,0.2,0,0.8,0.8,参考化合物有效条目超过 8 条；该值比组内最高 Activity Level 低至少 0.4，仅删除该记录
COc1ccc(-c2nnc(-c3cc([N+](=O)[O-])ccc3O)o2)c2ccccc12,Results_005,1644,0.4,0,0.8,0.8,参考化合物有效条目超过 8 条；该值比组内最高 Activity Level 低至少 0.4，仅删除该记录
COc1ccc(-c2nnc(-c3cc([N+](=O)[O-])ccc3O)o2)c2ccccc12,Results_005,1645,0.2,0,0.8,0.8,参考化合物有效条目超过 8 条；该值比组内最高 Activity Level 低至少 0.4，仅删除该记录
COc1ccc(-c2nnc(-c3cc([N+](=O)[O-])ccc3O)o2)c2ccccc12,Results_005,1674,0,0,0.8,0.8,参考化合物有效条目超过 8 条；该值比组内最高 Activity Level 低至少 0.4，仅删除该记录
Cc1cccc(OCC(N)=NNC(=O)c2ccncc2)c1,Results_005,1719,0,0,0.8,0.8,普通化合物当前有效条目=6，跨度≥0.6；中位数=0.7，左侧=3，右侧=3；两侧数量相同，删除距中位数更远的极端值；等距时删除低值
Cc1ccc(OCC(N)=NNC(=O)c2ccncc2)cc1,Results_005,1725,0.1,0.1,0.8,0.7,普通化合物当前有效条目=6，跨度≥0.6；中位数=0.6，左侧=1，右侧=2；删除记录数较少一侧的最外侧值
NC(COc1ccc(Cl)cc1)=NNC(=O)c1ccncc1,Results_005,1737,0,0,0.8,0.8,普通化合物当前有效条目=6，跨度≥0.6；中位数=0.5，左侧=3，右侧=3；两侧数量相同，删除距中位数更远的极端值；等距时删除低值
NC(COc1ccc([N+](=O)[O-])cc1)=NNC(=O)c1ccncc1,Results_005,1743,0.1,0.1,0.8,0.7,普通化合物当前有效条目=6，跨度≥0.6；中位数=0.4，左侧=1，右侧=2；删除记录数较少一侧的最外侧值
CCOC(=O)c1cc(C(=O)c2ccc(F)cc2)n2ccc(OC)cc12,Results_005,1870,0.8,0,0.8,0.8,普通化合物当前有效条目=5，跨度≥0.6；中位数=0.6，左侧=2，右侧=1；删除记录数较少一侧的最外侧值
CCOC(=O)c1cc(C(=O)c2ccc(F)cc2)n2ccc(OC)cc12,Results_005,15491,0,0,0.6,0.6,普通化合物当前有效条目=4，跨度≥0.6；中位数=0.3，左侧=2，右侧=2；两侧数量相同，删除距中位数更远的极端值；等距时删除低值
CCOC(=O)c1cc(C(=O)c2ccc(F)cc2)n2ccc(OC)cc12,Results_005,15493,0,0,0.6,0.6,普通化合物当前有效条目=3，跨度≥0.6；中位数=0.6，左侧=1，右侧=0；中位数右侧为空，删除左侧最低值
O=[N+]([O-])c1cn2c(n1)NCC(OCc1ccc(OC(F)(F)F)cc1)C2,Results_005,1921,1,0.1,1,0.9,普通化合物当前有效条目=3，跨度≥0.6；中位数=0.1，左侧=0，右侧=1；中位数左侧为空，删除右侧最高值
COc1ccc(-c2cc(C(F)(F)F)c3c(N)c(C(=O)Nc4cccc(C)c4C)sc3n2)cc1,Results_005,1935,0.2,0.2,0.8,0.6,普通化合物当前有效条目=2，跨度≥0.6；中位数=0.5，左侧=1，右侧=1；剩余两条评分跨度达到0.6，保留高值
COc1ccc(C(C)=NNC(N)=S)cc1,Results_005,2057,0.2,0.2,1,0.8,参考化合物有效条目超过 8 条；该值比组内最高 Activity Level 低至少 0.4，仅删除该记录
COc1ccc(C(C)=NNC(N)=S)cc1,Results_005,2058,0.2,0.2,1,0.8,参考化合物有效条目超过 8 条；该值比组内最高 Activity Level 低至少 0.4，仅删除该记录
COc1ccc(C(C)=NNC(N)=S)cc1,Results_005,2059,0.2,0.2,1,0.8,参考化合物有效条目超过 8 条；该值比组内最高 Activity Level 低至少 0.4，仅删除该记录
COc1ccc(C(C)=NNC(N)=S)cc1,Results_005,2060,0.2,0.2,1,0.8,参考化合物有效条目超过 8 条；该值比组内最高 Activity Level 低至少 0.4，仅删除该记录
COc1ccc(C(C)=NNC(N)=S)cc1,Results_005,2061,0.2,0.2,1,0.8,参考化合物有效条目超过 8 条；该值比组内最高 Activity Level 低至少 0.4，仅删除该记录
COc1ccc(C(C)=NNC(N)=S)cc1,Results_005,2062,0.6,0.2,1,0.8,参考化合物有效条目超过 8 条；该值比组内最高 Activity Level 低至少 0.4，仅删除该记录
COc1ccc(C(C)=NNC(N)=S)cc1,Results_005,2063,0.2,0.2,1,0.8,参考化合物有效条目超过 8 条；该值比组内最高 Activity Level 低至少 0.4，仅删除该记录
COc1ccc(C(C)=NNC(N)=S)cc1,Results_005,2064,0.4,0.2,1,0.8,参考化合物有效条目超过 8 条；该值比组内最高 Activity Level 低至少 0.4，仅删除该记录
COc1ccc(C(C)=NNC(N)=S)cc1,Results_005,2065,0.2,0.2,1,0.8,参考化合物有效条目超过 8 条；该值比组内最高 Activity Level 低至少 0.4，仅删除该记录
COc1ccc(C(C)=NNC(N)=S)cc1,Results_005,2066,0.2,0.2,1,0.8,参考化合物有效条目超过 8 条；该值比组内最高 Activity Level 低至少 0.4，仅删除该记录
CCCOc1ccc(C=NNC(N)=S)cc1,Results_005,2093,0.4,0.4,1,0.6,普通化合物当前有效条目=7，跨度≥0.6；中位数=1，左侧=3，右侧=0；中位数右侧为空，删除左侧最低值
CCCOc1ccc(C=NNC(N)=S)cc1,Results_005,2094,0.4,0.4,1,0.6,普通化合物当前有效条目=6，跨度≥0.6；中位数=1，左侧=2，右侧=0；中位数右侧为空，删除左侧最低值
Cc1c(N2C(=N)SC(=Cc3cn(-c4ccc(Cl)cc4)nc3-c3cccc(Br)c3)C2=O)cccc1C(F)(F)F,Results_005,3075,0.2,0.2,0.8,0.6,普通化合物当前有效条目=3，跨度≥0.6；中位数=0.8，左侧=1，右侧=0；中位数右侧为空，删除左侧最低值
O=c1ccc2nc3ccc(OCc4ccc([N+](=O)[O-])o4)cc3oc-2c1,Results_005,3188,0,0,1,1,普通化合物当前有效条目=7，跨度≥0.6；中位数=1，左侧=3，右侧=0；中位数右侧为空，删除左侧最低值
O=c1ccc2nc3ccc(OCc4ccc([N+](=O)[O-])o4)cc3oc-2c1,Results_005,3192,0,0,1,1,普通化合物当前有效条目=6，跨度≥0.6；中位数=1，左侧=2，右侧=0；中位数右侧为空，删除左侧最低值
O=c1ccc2nc3ccc(OCc4ccc([N+](=O)[O-])o4)cc3oc-2c1,Results_005,3193,0.25,0.25,1,0.75,普通化合物当前有效条目=5，跨度≥0.6；中位数=1，左侧=1，右侧=0；中位数右侧为空，删除左侧最低值
O=c1ccc2nc3ccc(OCc4ccc([N+](=O)[O-])s4)cc3oc-2c1,Results_005,3207,0.6,0,0.6,0.6,普通化合物当前有效条目=6，跨度≥0.6；中位数=0，左侧=0，右侧=2；中位数左侧为空，删除右侧最高值
O=c1ccc2nc3ccc(OCc4ccccc4)cc3oc-2c1,Results_005,3227,0.6,0,0.6,0.6,普通化合物当前有效条目=4，跨度≥0.6；中位数=0，左侧=0，右侧=1；中位数左侧为空，删除右侧最高值
COCOc1ccc2nc3ccc(=O)cc-3oc2c1,Results_005,3234,0,0,0.8,0.8,普通化合物当前有效条目=6，跨度≥0.6；中位数=0.7，左侧=3，右侧=3；两侧数量相同，删除距中位数更远的极端值；等距时删除低值
O=c1ccc2nc3ccc(OCc4ccc([N+](=O)[O-])o4)cc3oc-2c1I,Results_005,3243,0.8,0,0.8,0.8,普通化合物当前有效条目=5，跨度≥0.6；中位数=0，左侧=0，右侧=1；中位数左侧为空，删除右侧最高值
COCCOc1ccc2nc3ccc(=O)c(I)c-3oc2c1,Results_005,3257,0,0,0.8,0.8,普通化合物当前有效条目=4，跨度≥0.6；中位数=0.5，左侧=2，右侧=2；两侧数量相同，删除距中位数更远的极端值；等距时删除低值
COCCOc1ccc2nc3ccc(=O)c(Cl)c-3oc2c1,Results_005,3265,0,0,0.8,0.8,普通化合物当前有效条目=4，跨度≥0.6；中位数=0.6，左侧=1，右侧=1；两侧数量相同，删除距中位数更远的极端值；等距时删除低值
O=c1ccc2ccc(OCc3ccc([N+](=O)[O-])o3)cc2o1,Results_005,3270,0,0,0.6,0.6,普通化合物当前有效条目=4，跨度≥0.6；中位数=0.3，左侧=2，右侧=2；两侧数量相同，删除距中位数更远的极端值；等距时删除低值
O=c1ccc2ccc(OCc3ccc([N+](=O)[O-])o3)cc2o1,Results_005,3271,0,0,0.6,0.6,普通化合物当前有效条目=3，跨度≥0.6；中位数=0.6，左侧=1，右侧=0；中位数右侧为空，删除左侧最低值
COc1ccc2nc3ccc(=O)cc-3oc2c1,Results_005,3285,1,0.4,1,0.6,普通化合物当前有效条目=5，跨度≥0.6；中位数=0.8，左侧=2，右侧=1；删除记录数较少一侧的最外侧值
O=c1ccc2nc3ccc(OCC(O)C(F)(F)F)cc3oc-2c1,Results_005,3330,0,0,0.8,0.8,普通化合物当前有效条目=4，跨度≥0.6；中位数=0.7，左侧=2，右侧=2；两侧数量相同，删除距中位数更远的极端值；等距时删除低值
C=C[C@@H](O)C#CC#C[C@@H](O)/C=C\CCCCCCC,Results_005,3531,0.2,0.2,0.8,0.6,普通化合物当前有效条目=3，跨度≥0.6；中位数=0.6，左侧=1，右侧=1；两侧数量相同，删除距中位数更远的极端值；等距时删除低值
COc1cc(O)ccc1C(=O)/C=C/c1ccc(O)cc1,Results_005,3666,0.4,0.4,0.8,0.4,参考化合物有效条目超过 8 条；该值比组内最高 Activity Level 低至少 0.4，仅删除该记录
COc1cc(O)ccc1C(=O)/C=C/c1ccc(O)cc1,Results_005,3669,0.4,0.4,0.8,0.4,参考化合物有效条目超过 8 条；该值比组内最高 Activity Level 低至少 0.4，仅删除该记录
COc1cc(O)ccc1C(=O)/C=C/c1ccc(O)cc1,Results_005,3675,0.4,0.4,0.8,0.4,参考化合物有效条目超过 8 条；该值比组内最高 Activity Level 低至少 0.4，仅删除该记录
COc1cc(O)ccc1C(=O)/C=C/c1ccc(O)cc1,Results_005,3679,0.4,0.4,0.8,0.4,参考化合物有效条目超过 8 条；该值比组内最高 Activity Level 低至少 0.4，仅删除该记录
COc1cc(O)ccc1C(=O)/C=C/c1ccc(O)cc1,Results_005,3682,0.4,0.4,0.8,0.4,参考化合物有效条目超过 8 条；该值比组内最高 Activity Level 低至少 0.4，仅删除该记录
O=C1Nc2ccc(F)cc2C1=NNC(=O)c1cc2ccccc2s1,Results_005,4055,0.2,0.2,0.8,0.6,普通化合物当前有效条目=3，跨度≥0.6；中位数=0.8，左侧=1，右侧=0；中位数右侧为空，删除左侧最低值
O=C1Nc2ccc(Cl)cc2C1=NNC(=O)c1cc2ccccc2s1,Results_005,4059,0,0,0.6,0.6,普通化合物当前有效条目=3，跨度≥0.6；中位数=0.4，左侧=1，右侧=1；两侧数量相同，删除距中位数更远的极端值；等距时删除低值
O=C1Nc2ccc(Br)cc2C1=NNC(=O)c1cc2ccccc2s1,Results_005,4063,0,0,0.6,0.6,普通化合物当前有效条目=3，跨度≥0.6；中位数=0.4，左侧=1，右侧=1；两侧数量相同，删除距中位数更远的极端值；等距时删除低值
Cc1c(C(=O)NN=C2C(=O)Nc3ccc(F)cc32)sc2ccccc12,Results_005,4074,0.2,0.2,0.8,0.6,普通化合物当前有效条目=3，跨度≥0.6；中位数=0.6，左侧=1，右侧=1；两侧数量相同，删除距中位数更远的极端值；等距时删除低值
Cc1c(C(=O)NN=C2C(=O)Nc3ccc(Cl)cc32)sc2ccccc12,Results_005,4078,0.2,0.2,0.8,0.6,普通化合物当前有效条目=3，跨度≥0.6；中位数=0.6，左侧=1，右侧=1；两侧数量相同，删除距中位数更远的极端值；等距时删除低值
Cc1c(C(=O)NN=C2C(=O)Nc3ccc(Br)cc32)sc2ccccc12,Results_005,4082,0,0,0.6,0.6,普通化合物当前有效条目=3，跨度≥0.6；中位数=0.4，左侧=1，右侧=1；两侧数量相同，删除距中位数更远的极端值；等距时删除低值
Cc1c(C(=O)NN=C2C(=O)Nc3ccc(OC(F)(F)F)cc32)sc2ccccc12,Results_005,4089,0.2,0.2,0.8,0.6,普通化合物当前有效条目=3，跨度≥0.6；中位数=0.6，左侧=1，右侧=1；两侧数量相同，删除距中位数更远的极端值；等距时删除低值
O=C(OCc1ccccc1)c1csc(-c2ccccc2)n1,Results_005,4246,0.4,0.4,0.8,0.4,参考化合物有效条目超过 8 条；该值比组内最高 Activity Level 低至少 0.4，仅删除该记录
O=C(OCc1ccccc1)c1csc(-c2ccccc2)n1,Results_005,4248,0.4,0.4,0.8,0.4,参考化合物有效条目超过 8 条；该值比组内最高 Activity Level 低至少 0.4，仅删除该记录
O=C(OCc1ccccc1)c1csc(-c2ccccc2)n1,Results_005,4250,0.4,0.4,0.8,0.4,参考化合物有效条目超过 8 条；该值比组内最高 Activity Level 低至少 0.4，仅删除该记录
O=C(OCc1ccccc1)c1cc(-c2ccccc2)[nH]n1,Results_005,4253,0.8,0.2,0.8,0.6,普通化合物当前有效条目=3，跨度≥0.6；中位数=0.4，左侧=1，右侧=1；两侧数量相同，删除距中位数更远的极端值；等距时删除低值
Cc1ccn2c(C(=O)NCc3ccccc3)c(-c3ccccc3)nc2c1,Results_005,4266,0.4,0.4,1,0.6,普通化合物当前有效条目=3，跨度≥0.6；中位数=0.8，左侧=1，右侧=1；两侧数量相同，删除距中位数更远的极端值；等距时删除低值
CSc1ccc(F)cc1F,Results_005,4666,0,0,0.6,0.6,普通化合物当前有效条目=2，跨度≥0.6；中位数=0.3，左侧=1，右侧=1；剩余两条评分跨度达到0.6，保留高值
CCc1nc(N)nc(N)c1C#CCc1cc(OC)cc(-c2ccc(C(=O)O)cc2)c1,Results_005,4956,0.4,0.4,1,0.6,普通化合物当前有效条目=4，跨度≥0.6；中位数=0.8，左侧=1，右侧=1；两侧数量相同，删除距中位数更远的极端值；等距时删除低值
O=C(N/N=C/c1ccc(OCCCn2cc(C3(O)CCCCC3)nn2)cc1)c1ccncc1,Results_005,5379,0.4,0.4,1,0.6,普通化合物当前有效条目=4，跨度≥0.6；中位数=1，左侧=1，右侧=0；中位数右侧为空，删除左侧最低值
O=C(N/N=C/c1ccc(OCCCn2cc(CO)nn2)cc1)c1ccncc1,Results_005,5351,0.2,0.2,1,0.8,普通化合物当前有效条目=4，跨度≥0.6；中位数=1，左侧=1，右侧=0；中位数右侧为空，删除左侧最低值
Cc1cc(C)c(NC(=O)c2nc3cc(Cl)ccc3s2)c(C)c1,Results_005,5352,0.2,0.2,1,0.8,普通化合物当前有效条目=4，跨度≥0.6；中位数=1，左侧=1，右侧=0；中位数右侧为空，删除左侧最低值
O=C(N/N=C/c1ccc(OCCCn2cc(COc3ccc(Cl)cc3)nn2)cc1)c1ccncc1,Results_005,5380,0.4,0.4,1,0.6,普通化合物当前有效条目=4，跨度≥0.6；中位数=1，左侧=1，右侧=0；中位数右侧为空，删除左侧最低值
Cc1ccc(C(C)C)cc2c(C=O)ccc1-2,Results_005,5895,0,0,0.4,0.4,参考化合物有效条目超过 8 条；该值比组内最高 Activity Level 低至少 0.4，仅删除该记录
Cc1ccc(C(C)C)cc2c(C=O)ccc1-2,Results_005,5896,0,0,0.4,0.4,参考化合物有效条目超过 8 条；该值比组内最高 Activity Level 低至少 0.4，仅删除该记录
Cc1ccc(C(C)C)cc2c(C=O)ccc1-2,Results_005,5897,0,0,0.4,0.4,参考化合物有效条目超过 8 条；该值比组内最高 Activity Level 低至少 0.4，仅删除该记录
Cc1ccc(C(C)C)cc2c(C=O)ccc1-2,Results_005,5900,0,0,0.4,0.4,参考化合物有效条目超过 8 条；该值比组内最高 Activity Level 低至少 0.4，仅删除该记录
Cc1ccc(C(C)C)cc2c(C=O)ccc1-2,Results_005,5903,0,0,0.4,0.4,参考化合物有效条目超过 8 条；该值比组内最高 Activity Level 低至少 0.4，仅删除该记录
Cc1ccc(C(C)C)cc2c(C=O)ccc1-2,Results_005,5906,0,0,0.4,0.4,参考化合物有效条目超过 8 条；该值比组内最高 Activity Level 低至少 0.4，仅删除该记录
Cc1ccc(C(C)C)cc2c(C=O)ccc1-2,Results_005,5907,0,0,0.4,0.4,参考化合物有效条目超过 8 条；该值比组内最高 Activity Level 低至少 0.4，仅删除该记录
Cc1ccc(C(C)C)cc2c(C=O)ccc1-2,Results_005,5910,0,0,0.4,0.4,参考化合物有效条目超过 8 条；该值比组内最高 Activity Level 低至少 0.4，仅删除该记录
Cc1ccc(C(C)C)cc2c(C=O)ccc1-2,Results_005,5911,0,0,0.4,0.4,参考化合物有效条目超过 8 条；该值比组内最高 Activity Level 低至少 0.4，仅删除该记录
CN(C)CC=C(c1ccccc1)c1ccc(-c2ccc(Br)cc2)cc1,Results_005,6227,0.4,0.4,0.8,0.4,参考化合物有效条目超过 8 条；该值比组内最高 Activity Level 低至少 0.4，仅删除该记录
Cc1ccn2c3c(c(C(=O)OC(C)C)c2c1)C(=O)c1ccccc1C3=O,Results_005,7001,0.6,0.2,1,0.8,参考化合物有效条目超过 8 条；该值比组内最高 Activity Level 低至少 0.4，仅删除该记录
Cc1ccn2c3c(c(C(=O)OC(C)C)c2c1)C(=O)c1ccccc1C3=O,Results_005,7003,0.25,0.2,1,0.8,参考化合物有效条目超过 8 条；该值比组内最高 Activity Level 低至少 0.4，仅删除该记录
Cc1ccn2c3c(c(C(=O)OC(C)C)c2c1)C(=O)c1ccccc1C3=O,Results_005,7006,0.2,0.2,1,0.8,参考化合物有效条目超过 8 条；该值比组内最高 Activity Level 低至少 0.4，仅删除该记录
Cc1ccn2c3c(c(C(=O)OC(C)C)c2c1)C(=O)c1ccccc1C3=O,Results_005,7007,0.2,0.2,1,0.8,参考化合物有效条目超过 8 条；该值比组内最高 Activity Level 低至少 0.4，仅删除该记录
O=C1c2ccccc2C(=O)c2c1c(C(=O)OCc1ccccc1)c1ccccn21,Results_005,7011,0.5,0.4,1,0.6,参考化合物有效条目超过 8 条；该值比组内最高 Activity Level 低至少 0.4，仅删除该记录
O=C1c2ccccc2C(=O)c2c1c(C(=O)OCc1ccccc1)c1ccccn21,Results_005,7017,0.6,0.4,1,0.6,参考化合物有效条目超过 8 条；该值比组内最高 Activity Level 低至少 0.4，仅删除该记录
O=C1c2ccccc2C(=O)c2c1c(C(=O)OCc1ccccc1)c1ccccn21,Results_005,7018,0.6,0.4,1,0.6,参考化合物有效条目超过 8 条；该值比组内最高 Activity Level 低至少 0.4，仅删除该记录
O=C1c2ccccc2C(=O)c2c1c(C(=O)OCc1ccccc1)c1ccccn21,Results_005,7019,0.6,0.4,1,0.6,参考化合物有效条目超过 8 条；该值比组内最高 Activity Level 低至少 0.4，仅删除该记录
O=C1c2ccccc2C(=O)c2c1c(C(=O)OCc1ccccc1)c1ccccn21,Results_005,7020,0.4,0.4,1,0.6,参考化合物有效条目超过 8 条；该值比组内最高 Activity Level 低至少 0.4，仅删除该记录
Cc1nn(-c2ccc(Cl)cc2)c(O)c1Sc1ccc(Cl)cc1,Results_005,7116,0.2,0.2,0.8,0.6,普通化合物当前有效条目=2，跨度≥0.6；中位数=0.5，左侧=1，右侧=1；剩余两条评分跨度达到0.6，保留高值
C[C@@H](O)[C@H]1C(=O)N2C(C(=O)O)=C(S[C@@H]3CN[C@H](C(=O)N(C)C)C3)[C@H](C)[C@H]12,Results_005,7272,0.2,0.1,0.8,0.7,参考化合物有效条目超过 8 条；该值比组内最高 Activity Level 低至少 0.4，仅删除该记录
C[C@@H](O)[C@H]1C(=O)N2C(C(=O)O)=C(S[C@@H]3CN[C@H](C(=O)N(C)C)C3)[C@H](C)[C@H]12,Results_006,748,0.1,0.1,0.8,0.7,参考化合物有效条目超过 8 条；该值比组内最高 Activity Level 低至少 0.4，仅删除该记录
C[C@@H](O)[C@H]1C(=O)N2C(C(=O)O)=C(S[C@@H]3CN[C@H](C(=O)N(C)C)C3)[C@H](C)[C@H]12,Results_006,749,0.1,0.1,0.8,0.7,参考化合物有效条目超过 8 条；该值比组内最高 Activity Level 低至少 0.4，仅删除该记录
C[C@@H](O)[C@H]1C(=O)N2C(C(=O)O)=C(S[C@@H]3CN[C@H](C(=O)N(C)C)C3)[C@H](C)[C@H]12,Results_006,750,0.1,0.1,0.8,0.7,参考化合物有效条目超过 8 条；该值比组内最高 Activity Level 低至少 0.4，仅删除该记录
C[C@@H](O)[C@H]1C(=O)N2C(C(=O)O)=C(S[C@@H]3CN[C@H](C(=O)N(C)C)C3)[C@H](C)[C@H]12,Results_006,751,0.1,0.1,0.8,0.7,参考化合物有效条目超过 8 条；该值比组内最高 Activity Level 低至少 0.4，仅删除该记录
Cc1ccccc1-c1ccc(CN2Cc3[nH]c4ccccc4c(=O)c3C2)cc1,Results_005,7289,0.2,0.2,0.8,0.6,普通化合物当前有效条目=3，跨度≥0.6；中位数=0.8，左侧=1，右侧=0；中位数右侧为空，删除左侧最低值
O=c1c2c([nH]c3ccccc13)CN(Cc1ccc(-c3ccco3)cc1)C2,Results_005,7293,1,0.2,1,0.8,普通化合物当前有效条目=3，跨度≥0.6；中位数=0.2，左侧=0，右侧=1；中位数左侧为空，删除右侧最高值
O=c1c2c([nH]c3ccccc13)CN(Cc1ccc(-c3ccccc3)cc1)C2,Results_005,7296,0.8,0.1,0.8,0.7,普通化合物当前有效条目=3，跨度≥0.6；中位数=0.4，左侧=1，右侧=1；两侧数量相同，删除距中位数更远的极端值；等距时删除低值
O=c1c2c([nH]c3ccccc13)CN(Cc1ccc(-c3ccc(Cl)cc3)cc1)C2,Results_005,7299,1,0.2,1,0.8,普通化合物当前有效条目=3，跨度≥0.6；中位数=0.4，左侧=1，右侧=1；两侧数量相同，删除距中位数更远的极端值；等距时删除低值
O=c1c2c([nH]c3ccccc13)CN(Cc1ccc(-c3ccc(C(F)(F)F)cc3)cc1)C2,Results_005,7300,0.1,0.1,1,0.9,普通化合物当前有效条目=3，跨度≥0.6；中位数=0.6，左侧=1，右侧=1；两侧数量相同，删除距中位数更远的极端值；等距时删除低值
O=c1c2c([nH]c3ccccc13)CN(Cc1ccc(-c3ccc(OC(F)(F)F)cc3)cc1)C2,Results_005,7308,1,0,1,1,普通化合物当前有效条目=3，跨度≥0.6；中位数=0.4，左侧=1，右侧=1；两侧数量相同，删除距中位数更远的极端值；等距时删除低值
Cc1ccc(-c2ccc(CN3Cc4[nH]c5ccccc5c(=O)c4C3)cc2)cc1,Results_005,7309,0,0,1,1,普通化合物当前有效条目=3，跨度≥0.6；中位数=0.6，左侧=1，右侧=1；两侧数量相同，删除距中位数更远的极端值；等距时删除低值
O=c1c2c([nH]c3ccccc13)CN(Cc1cccc([N+](=O)[O-])c1)C2,Results_005,7320,0.2,0.2,1,0.8,普通化合物当前有效条目=2，跨度≥0.6；中位数=0.6，左侧=1，右侧=1；剩余两条评分跨度达到0.6，保留高值
O=c1c2c([nH]c3ccccc13)CN(Cc1ccc([N+](=O)[O-])cc1)C2,Results_005,7322,0.2,0.2,1,0.8,普通化合物当前有效条目=2，跨度≥0.6；中位数=0.6，左侧=1，右侧=1；剩余两条评分跨度达到0.6，保留高值
O=c1c2c([nH]c3ccccc13)CN(Cc1ccc(-c3cnc4ccccc4c3)cc1)C2,Results_005,7324,0.2,0.2,1,0.8,普通化合物当前有效条目=2，跨度≥0.6；中位数=0.6，左侧=1，右侧=1；剩余两条评分跨度达到0.6，保留高值
CC(=O)N1CCN(c2ccc(OC[C@@H]3CO[C@@](Cn4ccnc4)(c4ccc(Cl)cc4Cl)O3)cc2)CC1,Results_005,7461,0.2,0.2,0.6,0.4,参考化合物有效条目超过 8 条；该值比组内最高 Activity Level 低至少 0.4，仅删除该记录
O=C(N[C@@H]1COc2nc([N+](=O)[O-])cn2C1)c1cccc(OC(F)(F)F)c1,Results_005,7741,0.2,0.2,0.8,0.6,普通化合物当前有效条目=2，跨度≥0.6；中位数=0.5，左侧=1，右侧=1；剩余两条评分跨度达到0.6，保留高值
O=[N+]([O-])c1cn2c(n1)OC[C@@H](NS(=O)(=O)c1ccc(OC(F)(F)F)cc1)C2,Results_005,7755,0.2,0.2,0.8,0.6,普通化合物当前有效条目=2，跨度≥0.6；中位数=0.5，左侧=1，右侧=1；剩余两条评分跨度达到0.6，保留高值
O=C(CN[C@@H]1COc2nc([N+](=O)[O-])cn2C1)c1ccc(OC(F)(F)F)cc1,Results_005,7769,0.2,0.2,0.8,0.6,普通化合物当前有效条目=2，跨度≥0.6；中位数=0.5，左侧=1，右侧=1；剩余两条评分跨度达到0.6，保留高值
O=C(CN[C@@H]1COc2nc([N+](=O)[O-])cn2C1)Nc1ccc(OC(F)(F)F)cc1,Results_005,7771,0.4,0.4,1,0.6,普通化合物当前有效条目=2，跨度≥0.6；中位数=0.7，左侧=1，右侧=1；剩余两条评分跨度达到0.6，保留高值
CN(C(=O)N(C)[C@@H]1COc2nc([N+](=O)[O-])cn2C1)c1ccc(OC(F)(F)F)cc1,Results_005,7779,0.2,0.2,0.8,0.6,普通化合物当前有效条目=2，跨度≥0.6；中位数=0.5，左侧=1，右侧=1；剩余两条评分跨度达到0.6，保留高值
O=[N+]([O-])c1cn2c(n1)OC[C@@H](NC(=S)Nc1ccc(OC(F)(F)F)cc1)C2,Results_005,7781,0.2,0.2,0.8,0.6,普通化合物当前有效条目=2，跨度≥0.6；中位数=0.5，左侧=1，右侧=1；剩余两条评分跨度达到0.6，保留高值
O=C(Cc1ccc(-c2ccc(C(F)(F)F)nc2)cc1)N[C@@H]1COc2nc([N+](=O)[O-])cn2C1,Results_005,7801,0.4,0.4,1,0.6,普通化合物当前有效条目=2，跨度≥0.6；中位数=0.7，左侧=1，右侧=1；剩余两条评分跨度达到0.6，保留高值
O=C(Cc1ccc(-c2ccc(F)nc2)cc1)N[C@@H]1COc2nc([N+](=O)[O-])cn2C1,Results_005,7803,0.4,0.4,1,0.6,普通化合物当前有效条目=2，跨度≥0.6；中位数=0.7，左侧=1，右侧=1；剩余两条评分跨度达到0.6，保留高值
O=C(COc1ccc(-c2ccc(C(F)(F)F)cc2)cc1)N[C@@H]1COc2nc([N+](=O)[O-])cn2C1,Results_005,7805,0.4,0.4,1,0.6,普通化合物当前有效条目=2，跨度≥0.6；中位数=0.7，左侧=1，右侧=1；剩余两条评分跨度达到0.6，保留高值
O=C(Nc1ccc(-c2ccc(C(F)(F)F)cc2)cc1)N[C@@H]1COc2nc([N+](=O)[O-])cn2C1,Results_005,7835,0.4,0.4,1,0.6,普通化合物当前有效条目=2，跨度≥0.6；中位数=0.7，左侧=1，右侧=1；剩余两条评分跨度达到0.6，保留高值
O=C(NCc1ccc(-c2ccc(C(F)(F)F)cc2)cc1)N[C@@H]1COc2nc([N+](=O)[O-])cn2C1,Results_005,7847,0.4,0.4,1,0.6,普通化合物当前有效条目=2，跨度≥0.6；中位数=0.7，左侧=1，右侧=1；剩余两条评分跨度达到0.6，保留高值
O=C(NCc1ccc(-c2ccc(C(F)(F)F)nc2)cc1)N[C@@H]1COc2nc([N+](=O)[O-])cn2C1,Results_005,7853,0.4,0.4,1,0.6,普通化合物当前有效条目=2，跨度≥0.6；中位数=0.7，左侧=1，右侧=1；剩余两条评分跨度达到0.6，保留高值
O=C(Nc1ccc(-c2ccc(C(F)(F)F)cc2)cc1)O[C@@H]1COc2nc([N+](=O)[O-])cn2C1,Results_005,7865,0.4,0.4,1,0.6,普通化合物当前有效条目=2，跨度≥0.6；中位数=0.7，左侧=1，右侧=1；剩余两条评分跨度达到0.6，保留高值
O=C(Nc1ccc(-c2ccc(OC(F)(F)F)cc2)cc1)O[C@@H]1COc2nc([N+](=O)[O-])cn2C1,Results_005,7869,0.4,0.4,1,0.6,普通化合物当前有效条目=2，跨度≥0.6；中位数=0.7，左侧=1，右侧=1；剩余两条评分跨度达到0.6，保留高值
O=C(NCc1ccc(-c2ccc(C(F)(F)F)cc2)cc1)O[C@@H]1COc2nc([N+](=O)[O-])cn2C1,Results_005,7877,0.4,0.4,1,0.6,普通化合物当前有效条目=2，跨度≥0.6；中位数=0.7，左侧=1，右侧=1；剩余两条评分跨度达到0.6，保留高值
CCCCC(Oc1cc(C(F)(F)F)nc2c(C(F)(F)F)cccc12)c1cc(C(=O)OCC)no1,Results_005,8066,0.2,0.2,0.8,0.6,普通化合物当前有效条目=2，跨度≥0.6；中位数=0.5，左侧=1，右侧=1；剩余两条评分跨度达到0.6，保留高值
CN[C@@H]1[C@H](O)[C@H](NC)[C@H]2O[C@]3(O)[C@H](O[C@@H]2[C@H]1O)O[C@H](C)C[C@H]3NC(=O)Cc1ccccc1,Results_005,8323,0.2,0.2,0.8,0.6,普通化合物当前有效条目=2，跨度≥0.6；中位数=0.5，左侧=1，右侧=1；剩余两条评分跨度达到0.6，保留高值
CN[C@@H]1[C@H](O)[C@H](NC)[C@H]2O[C@]3(O)[C@H](O[C@@H]2[C@H]1O)O[C@H](C)C[C@H]3NC(=O)Cc1cscn1,Results_005,8326,1,0,1,1,普通化合物当前有效条目=8，跨度≥0.6；中位数=0.8，左侧=3，右侧=1；删除记录数较少一侧的最外侧值
CN[C@@H]1[C@H](O)[C@H](NC)[C@H]2O[C@]3(O)[C@H](O[C@@H]2[C@H]1O)O[C@H](C)C[C@H]3NC(=O)Cc1cscn1,Results_005,8331,0,0,0.8,0.8,普通化合物当前有效条目=7，跨度≥0.6；中位数=0.8，左侧=3，右侧=0；中位数右侧为空，删除左侧最低值
CN[C@@H]1[C@H](O)[C@H](NC)[C@H]2O[C@]3(O)[C@H](O[C@@H]2[C@H]1O)O[C@H](C)C[C@H]3NC(=O)Cc1cscn1,Results_005,8332,0,0,0.8,0.8,普通化合物当前有效条目=6，跨度≥0.6；中位数=0.8，左侧=2，右侧=0；中位数右侧为空，删除左侧最低值
CN[C@@H]1[C@H](O)[C@H](NC)[C@H]2O[C@]3(O)[C@H](O[C@@H]2[C@H]1O)O[C@H](C)C[C@H]3NC(=O)Cc1ccc(F)cn1,Results_005,8337,0.6,0,1,1,参考化合物有效条目超过 8 条；该值比组内最高 Activity Level 低至少 0.4，仅删除该记录
CN[C@@H]1[C@H](O)[C@H](NC)[C@H]2O[C@]3(O)[C@H](O[C@@H]2[C@H]1O)O[C@H](C)C[C@H]3NC(=O)Cc1ccc(F)cn1,Results_005,8339,0.6,0,1,1,参考化合物有效条目超过 8 条；该值比组内最高 Activity Level 低至少 0.4，仅删除该记录
CN[C@@H]1[C@H](O)[C@H](NC)[C@H]2O[C@]3(O)[C@H](O[C@@H]2[C@H]1O)O[C@H](C)C[C@H]3NC(=O)Cc1ccc(F)cn1,Results_005,8340,0,0,1,1,参考化合物有效条目超过 8 条；该值比组内最高 Activity Level 低至少 0.4，仅删除该记录
CN[C@@H]1[C@H](O)[C@H](NC)[C@H]2O[C@]3(O)[C@H](O[C@@H]2[C@H]1O)O[C@H](C)C[C@H]3NC(=O)Cc1ccc(F)cn1,Results_005,8341,0,0,1,1,参考化合物有效条目超过 8 条；该值比组内最高 Activity Level 低至少 0.4，仅删除该记录
CN[C@@H]1[C@H](O)[C@H](NC)[C@H]2O[C@]3(O)[C@H](O[C@@H]2[C@H]1O)O[C@H](C)C[C@H]3NC(=O)Cc1cc(Cl)ccn1,Results_005,8350,0,0,1,1,参考化合物有效条目超过 8 条；该值比组内最高 Activity Level 低至少 0.4，仅删除该记录
CN[C@@H]1[C@H](O)[C@H](NC)[C@H]2O[C@]3(O)[C@H](O[C@@H]2[C@H]1O)O[C@H](C)C[C@H]3NC(=O)Cc1cc(Cl)ccn1,Results_005,8351,0,0,1,1,参考化合物有效条目超过 8 条；该值比组内最高 Activity Level 低至少 0.4，仅删除该记录
CN[C@@H]1[C@H](O)[C@H](NC)[C@H]2O[C@]3(O)[C@H](O[C@@H]2[C@H]1O)O[C@H](C)C[C@H]3NC(=O)Cc1ccc(Cl)cn1,Results_005,8359,0,0,0.8,0.8,参考化合物有效条目超过 8 条；该值比组内最高 Activity Level 低至少 0.4，仅删除该记录
CN[C@@H]1[C@H](O)[C@H](NC)[C@H]2O[C@]3(O)[C@H](O[C@@H]2[C@H]1O)O[C@H](C)C[C@H]3NC(=O)Cc1ccc(Cl)cn1,Results_005,8360,0,0,0.8,0.8,参考化合物有效条目超过 8 条；该值比组内最高 Activity Level 低至少 0.4，仅删除该记录
CC(=NNC(=O)c1ccncc1)C(=O)Nc1ccc(S(=O)(=O)Nc2cc(C)on2)cc1,Results_005,8504,1,0.1,1,0.9,普通化合物当前有效条目=4，跨度≥0.6；中位数=0.1，左侧=0，右侧=1；中位数左侧为空，删除右侧最高值
CC(=NNC(=O)c1ccncc1)C(=O)Nc1ccc(Sc2ccc([N+](=O)[O-])cc2)cc1,Results_005,8528,1,0.1,1,0.9,普通化合物当前有效条目=4，跨度≥0.6；中位数=0.1，左侧=0，右侧=1；中位数左侧为空，删除右侧最高值
CC(=NNC(=O)c1ccncc1)C(=O)Nc1ccc(-c2ccccc2)cc1,Results_005,8532,1,0.4,1,0.6,普通化合物当前有效条目=8，跨度≥0.6；中位数=0.4，左侧=0，右侧=3；中位数左侧为空，删除右侧最高值
O=C(NN=Cc1ccc(OCc2cn(CCCCN3C(=O)C(=NNC(=O)c4ccncc4)c4ccccc43)nn2)cc1)c1ccncc1,Results_005,8794,0.4,0.4,1,0.6,普通化合物当前有效条目=3，跨度≥0.6；中位数=1，左侧=1，右侧=0；中位数右侧为空，删除左侧最低值
O=C(NN=Cc1ccc(OCc2cn(CCCCN3C(=O)C(=NNC(=O)c4ccncc4)c4cc(Cl)ccc43)nn2)cc1)c1ccncc1,Results_005,8803,0.2,0.2,1,0.8,普通化合物当前有效条目=3，跨度≥0.6；中位数=1，左侧=1，右侧=0；中位数右侧为空，删除左侧最低值
Cc1ccn2c(C(=O)C(=O)NCc3ccccc3)c(C)nc2c1,Results_005,8977,0.8,0.2,0.8,0.6,普通化合物当前有效条目=6，跨度≥0.6；中位数=0.475，左侧=3，右侧=3；两侧数量相同，删除距中位数更远的极端值；等距时删除低值
Cc1ccn2c(C(=O)C(=O)NCc3ccccc3)c(C)nc2c1,Results_005,8982,0.8,0.2,0.8,0.6,普通化合物当前有效条目=5，跨度≥0.6；中位数=0.2，左侧=0，右侧=2；中位数左侧为空，删除右侧最高值
CN(C)c1ccc2c[n+](C)c3c4cc5c(cc4ccc3c2c1)OCO5.[Cl-],Results_005,9117,0.4,0.4,0.8,0.4,参考化合物有效条目超过 8 条；该值比组内最高 Activity Level 低至少 0.4，仅删除该记录
CN(C)c1ccc2c[n+](C)c3c4cc5c(cc4ccc3c2c1)OCO5.[Cl-],Results_005,9118,0.4,0.4,0.8,0.4,参考化合物有效条目超过 8 条；该值比组内最高 Activity Level 低至少 0.4，仅删除该记录
CN(C)c1ccc2c[n+](C)c3c4cc5c(cc4ccc3c2c1)OCO5.[Cl-],Results_005,9119,0.4,0.4,0.8,0.4,参考化合物有效条目超过 8 条；该值比组内最高 Activity Level 低至少 0.4，仅删除该记录
CN(C)c1ccc2c[n+](C)c3c4cc5c(cc4ccc3c2c1)OCO5.[Cl-],Results_005,9120,0.4,0.4,0.8,0.4,参考化合物有效条目超过 8 条；该值比组内最高 Activity Level 低至少 0.4，仅删除该记录
CN(C)c1ccc2c[n+](C)c3c4cc5c(cc4ccc3c2c1)OCO5.[Cl-],Results_005,9121,0.4,0.4,0.8,0.4,参考化合物有效条目超过 8 条；该值比组内最高 Activity Level 低至少 0.4，仅删除该记录
CN(C)c1ccc2c[n+](C)c3c4cc5c(cc4ccc3c2c1)OCO5.[Cl-],Results_005,9122,0.4,0.4,0.8,0.4,参考化合物有效条目超过 8 条；该值比组内最高 Activity Level 低至少 0.4，仅删除该记录
C[n+]1cc2c3c(ccc2c2ccc4cc5c(cc4c21)OCO5)OCO3,Results_005,9125,0.2,0.2,0.8,0.6,参考化合物有效条目超过 8 条；该值比组内最高 Activity Level 低至少 0.4，仅删除该记录
CC(/C=C/c1cc2cc(C)ccc2[nH]c1=O)=N\NC(N)=S,Results_005,9735,0.6,0.4,1,0.6,参考化合物有效条目超过 8 条；该值比组内最高 Activity Level 低至少 0.4，仅删除该记录
CC(/C=C/c1cc2cc(C)ccc2[nH]c1=O)=N\NC(N)=S,Results_005,9739,0.4,0.4,1,0.6,参考化合物有效条目超过 8 条；该值比组内最高 Activity Level 低至少 0.4，仅删除该记录
CC(/C=C/c1cc2cc(C)ccc2[nH]c1=O)=N\NC(N)=S,Results_005,9741,0.6,0.4,1,0.6,参考化合物有效条目超过 8 条；该值比组内最高 Activity Level 低至少 0.4，仅删除该记录
CC(/C=C/c1cc2cccc(C)c2[nH]c1=O)=N\NC(N)=S,Results_005,9746,0.2,0.2,1,0.8,普通化合物当前有效条目=7，跨度≥0.6；中位数=1，左侧=3，右侧=0；中位数右侧为空，删除左侧最低值
CC(/C=C/c1cc2cccc(C)c2[nH]c1=O)=N\NC(N)=S,Results_005,9749,0.4,0.4,1,0.6,普通化合物当前有效条目=6，跨度≥0.6；中位数=1，左侧=2，右侧=0；中位数右侧为空，删除左侧最低值
CCOC(=O)c1cc(C(=O)c2ccccc2[N+](=O)[O-])n2c1cc(C)c1ccccc12,Results_005,9783,0,0,0.6,0.6,普通化合物当前有效条目=2，跨度≥0.6；中位数=0.3，左侧=1，右侧=1；剩余两条评分跨度达到0.6，保留高值
CSCC[C@H](NC(=O)c1cnccn1)C(=O)NNc1cccc(Cl)c1,Results_005,10116,0.2,0.2,0.8,0.6,普通化合物当前有效条目=4，跨度≥0.6；中位数=0.6，左侧=2，右侧=2；两侧数量相同，删除距中位数更远的极端值；等距时删除低值
CCc1nc2ccc(Cl)cn2c1C(=O)N[C@@H](C)C(=O)NNc1cccc(Cl)c1,Results_005,10138,0.2,0.2,0.8,0.6,普通化合物当前有效条目=2，跨度≥0.6；中位数=0.5，左侧=1，右侧=1；剩余两条评分跨度达到0.6，保留高值
O=C(Nc1cccnc1)c1c(O)cc(O)cc1Cl,Results_005,10340,0,0,0.6,0.6,普通化合物当前有效条目=3，跨度≥0.6；中位数=0.6，左侧=1，右侧=0；中位数右侧为空，删除左侧最低值
S=C(Nc1ccc(Br)cc1)Nc1nnn[nH]1,Results_005,10494,0,0,0.6,0.6,普通化合物当前有效条目=3，跨度≥0.6；中位数=0.4，左侧=1，右侧=1；两侧数量相同，删除距中位数更远的极端值；等距时删除低值
Fc1ccc(NC(=S)Nc2nnn[nH]2)cc1,Results_005,10499,0.8,0,0.8,0.8,普通化合物当前有效条目=3，跨度≥0.6；中位数=0，左侧=0，右侧=1；中位数左侧为空，删除右侧最高值
O=C(C=Cc1ccccc1[N+](=O)[O-])N1N=C(c2ccncc2)OC1c1ccco1,Results_005,10898,0.1,0.1,0.8,0.7,普通化合物当前有效条目=3，跨度≥0.6；中位数=0.8，左侧=1，右侧=0；中位数右侧为空，删除左侧最低值
O=C(Nc1ccc(Cl)cc1)Nc1nc(-c2cccs2)cs1,Results_005,10899,0.1,0.1,0.8,0.7,普通化合物当前有效条目=3，跨度≥0.6；中位数=0.8，左侧=1，右侧=0；中位数右侧为空，删除左侧最低值
NNC(=O)c1ccccn1,Results_005,10990,0.8,0.1,0.8,0.7,普通化合物当前有效条目=3，跨度≥0.6；中位数=0.1，左侧=0，右侧=1；中位数左侧为空，删除右侧最高值
CC(=O)c1cc2ccc(OCc3cn(-c4ccccc4Cl)nn3)cc2oc1=O,Results_005,11053,0.1,0.1,0.8,0.7,普通化合物当前有效条目=6，跨度≥0.6；中位数=0.8，左侧=2，右侧=0；中位数右侧为空，删除左侧最低值
CC(=O)c1cc2ccc(OCc3cn(-c4ccccc4Cl)nn3)cc2oc1=O,Results_005,11055,0.1,0.1,0.8,0.7,普通化合物当前有效条目=5，跨度≥0.6；中位数=0.8，左侧=1，右侧=0；中位数右侧为空，删除左侧最低值
O=c1ccc2ccc(OCc3cn(-c4ccccc4Cl)nn3)cc2o1,Results_005,11072,0.1,0.1,0.8,0.7,普通化合物当前有效条目=6，跨度≥0.6；中位数=0.8，左侧=2，右侧=0；中位数右侧为空，删除左侧最低值
O=c1ccc2ccc(OCc3cn(-c4ccccc4Cl)nn3)cc2o1,Results_005,11074,0.1,0.1,0.8,0.7,普通化合物当前有效条目=5，跨度≥0.6；中位数=0.8，左侧=1，右侧=0；中位数右侧为空，删除左侧最低值
CCOC(=O)c1cc2c(ccc3[nH]c(C(=O)OCC)cc32)[nH]1,Results_005,11277,0,0,0.6,0.6,普通化合物当前有效条目=2，跨度≥0.6；中位数=0.3，左侧=1，右侧=1；剩余两条评分跨度达到0.6，保留高值
COc1ncc(OC(C)C)cc1Cc1cc2cc(Br)ccc2nc1OC,Results_005,11792,0.4,0.4,1,0.6,普通化合物当前有效条目=6，跨度≥0.6；中位数=1，左侧=2，右侧=0；中位数右侧为空，删除左侧最低值
COc1cncc(OC)c1[C@](O)(CCN(C)C)[C@@H](c1cc2cc(Br)ccc2nc1OC)c1ccnc(OC)c1OC,Results_005,11872,0.2,0.2,1,0.8,普通化合物当前有效条目=4，跨度≥0.6；中位数=0.8，左侧=2，右侧=2；两侧数量相同，删除距中位数更远的极端值；等距时删除低值
O=C(Nc1nc2ccccc2s1)C1CCCC1,Results_005,11944,0,0,0.6,0.6,普通化合物当前有效条目=2，跨度≥0.6；中位数=0.3，左侧=1，右侧=1；剩余两条评分跨度达到0.6，保留高值
COc1ccc(COc2ccc(C(O)C3CC3)cc2)cc1,Results_005,11997,0.1,0.1,0.8,0.7,普通化合物当前有效条目=2，跨度≥0.6；中位数=0.45，左侧=1，右侧=1；剩余两条评分跨度达到0.6，保留高值
COc1ccc(COc2ccc(C(O)C3CC3)cc2)cc1OC,Results_005,12000,0.1,0.1,0.8,0.7,普通化合物当前有效条目=2，跨度≥0.6；中位数=0.45，左侧=1，右侧=1；剩余两条评分跨度达到0.6，保留高值
Cc1cccc([N+](=O)[O-])c1,Results_005,12037,0,0,1,1,普通化合物当前有效条目=4，跨度≥0.6；中位数=0.8，左侧=1，右侧=1；两侧数量相同，删除距中位数更远的极端值；等距时删除低值
CC(C)(C)OC(=O)C1=C(COC(=O)N2CCN(c3nc(=O)c4cc(C(F)(F)F)cc([N+](=O)[O-])c4s3)CC2)CS[C@@H]2[C@H](NC(=O)Cc3ccccc3)C(=O)N12,Results_005,12127,0.4,0.4,1,0.6,普通化合物当前有效条目=2，跨度≥0.6；中位数=0.7，左侧=1，右侧=1；剩余两条评分跨度达到0.6，保留高值
O=C(C1=CN(CCc2ccccc2)C(NCCc2ccccc2)CC1)C(F)(F)F,Results_005,12165,1,0.4,1,0.6,普通化合物当前有效条目=3，跨度≥0.6；中位数=0.6，左侧=1，右侧=1；两侧数量相同，删除距中位数更远的极端值；等距时删除低值
CCOC(=O)CN1C(=O)/C(=N\NC(=O)c2ccncc2)c2cc(Br)ccc21,Results_005,13048,0.2,0.2,0.8,0.6,普通化合物当前有效条目=3，跨度≥0.6；中位数=0.6，左侧=1，右侧=1；两侧数量相同，删除距中位数更远的极端值；等距时删除低值
CC[C@H](C)[C@H](NC(=O)CN)C(=O)NCC(=O)N[C@@H](CCCCN)C(=O)N[C@@H](Cc1ccccc1)C(=O)N[C@@H](CC(C)C)C(=O)N[C@@H](Cc1cnc[nH]1)C(=O)N[C@@H](CO)C(=O)N[C@@H](C)C(=O)NCC(=O)N[C@@H](CCCCN)C(=O)N[C@@H](Cc1ccccc1)C(=O)NCC(=O)N[C@@H](CCCCN)C(=O)N[C@@H](C)C(=O)N[C@@H](Cc1ccccc1)C(=O)N[C@H](C(=O)NCC(=O)N[C@@H](CCC(=O)O)C(=O)N[C@H](C(=O)N[C@@H](CCSC)C(=O)N[C@@H](CCCCN)C(=O)N[C@@H](CO)C(=O)O)[C@@H](C)CC)C(C)C,Results_005,13098,0.6,0,0.6,0.6,普通化合物当前有效条目=5，跨度≥0.6；中位数=0，左侧=0，右侧=2；中位数左侧为空，删除右侧最高值
O=C(Cn1c(-c2ccc([N+](=O)[O-])cc2)nc2ccccc21)NNC(=O)c1ccncc1,Results_005,13166,0.6,0,0.6,0.6,普通化合物当前有效条目=4，跨度≥0.6；中位数=0.2，左侧=1，右侧=1；两侧数量相同，删除距中位数更远的极端值；等距时删除低值
O=C(Cn1c(-c2cnccn2)nc2cc(Br)cnc21)NNC(=O)c1ccncc1,Results_005,13191,0,0,0.6,0.6,普通化合物当前有效条目=2，跨度≥0.6；中位数=0.3，左侧=1，右侧=1；剩余两条评分跨度达到0.6，保留高值
CCCCCCCCCCCC(=O)[N-]S(=O)(=O)OC[C@H]1O[C@@H](n2cnc3c(N)ncnc32)[C@H](O)[C@@H]1O,Results_005,13259,0.2,0.2,1,0.8,参考化合物有效条目超过 8 条；该值比组内最高 Activity Level 低至少 0.4，仅删除该记录
CCCCCCCCCCCC(=O)[N-]S(=O)(=O)OC[C@H]1O[C@@H](n2cnc3c(N)ncnc32)[C@H](O)[C@@H]1O,Results_005,16286,0.4,0.2,1,0.8,参考化合物有效条目超过 8 条；该值比组内最高 Activity Level 低至少 0.4，仅删除该记录
CCCCCCCCCCCC(=O)[N-]S(=O)(=O)OC[C@H]1O[C@@H](n2cnc3c(N)ncnc32)[C@H](O)[C@@H]1O,Results_005,16290,0.6,0.2,1,0.8,参考化合物有效条目超过 8 条；该值比组内最高 Activity Level 低至少 0.4，仅删除该记录
O=C(Nc1ccc2c(c1)OCOC2=O)c1cncc(Cl)n1,Results_005,13624,0,0,0.8,0.8,普通化合物当前有效条目=3，跨度≥0.6；中位数=0.8，左侧=1，右侧=0；中位数右侧为空，删除左侧最低值
CS(=O)(=O)c1ccc(-c2ccc(N3C[C@H](CN)OC3=O)cc2F)cn1,Results_005,13654,0.2,0.2,1,0.8,普通化合物当前有效条目=2，跨度≥0.6；中位数=0.6，左侧=1，右侧=1；剩余两条评分跨度达到0.6，保留高值
CS(=O)(=O)c1ccc(-c2ccc(N3C[C@H](CN)OC3=O)cc2F)cc1,Results_005,13656,0.2,0.2,1,0.8,普通化合物当前有效条目=2，跨度≥0.6；中位数=0.6，左侧=1，右侧=1；剩余两条评分跨度达到0.6，保留高值
Cc1ccc2cc(C)c(N/N=C/c3cc(Br)ccc3O)nc2c1,Results_005,13707,0.1,0.1,0.8,0.7,普通化合物当前有效条目=4，跨度≥0.6；中位数=0.45，左侧=2，右侧=2；两侧数量相同，删除距中位数更远的极端值；等距时删除低值
Cc1ccc2cc(C)c(N/N=C/c3cc(Br)ccc3O)nc2c1,Results_005,13709,0.1,0.1,0.8,0.7,普通化合物当前有效条目=3，跨度≥0.6；中位数=0.8，左侧=1，右侧=0；中位数右侧为空，删除左侧最低值
Oc1ccc(/C=N/Nc2ccc3ccccc3n2)c(O)c1,Results_005,13719,0.1,0.1,0.8,0.7,普通化合物当前有效条目=4，跨度≥0.6；中位数=0.45，左侧=2，右侧=2；两侧数量相同，删除距中位数更远的极端值；等距时删除低值
Oc1ccc(/C=N/Nc2ccc3ccccc3n2)c(O)c1,Results_005,13721,0.1,0.1,0.8,0.7,普通化合物当前有效条目=3，跨度≥0.6；中位数=0.8，左侧=1，右侧=0；中位数右侧为空，删除左侧最低值
COc1ccc(Nc2nc(NCc3ccco3)nc(N/N=C/c3ccccc3O)n2)cc1,Results_005,13727,0.1,0.1,0.8,0.7,普通化合物当前有效条目=4，跨度≥0.6；中位数=0.45，左侧=2，右侧=2；两侧数量相同，删除距中位数更远的极端值；等距时删除低值
COc1ccc(Nc2nc(NCc3ccco3)nc(N/N=C/c3ccccc3O)n2)cc1,Results_005,13729,0.1,0.1,0.8,0.7,普通化合物当前有效条目=3，跨度≥0.6；中位数=0.8，左侧=1，右侧=0；中位数右侧为空，删除左侧最低值
CCOC(=O)CN1C(=O)/C(=N\NC(=O)c2ccccn2)c2ccccc21,Results_005,13743,0.1,0.1,0.8,0.7,普通化合物当前有效条目=4，跨度≥0.6；中位数=0.45，左侧=2，右侧=2；两侧数量相同，删除距中位数更远的极端值；等距时删除低值
CCOC(=O)CN1C(=O)/C(=N\NC(=O)c2ccccn2)c2ccccc21,Results_005,13745,0.1,0.1,0.8,0.7,普通化合物当前有效条目=3，跨度≥0.6；中位数=0.8，左侧=1，右侧=0；中位数右侧为空，删除左侧最低值
N=C(N/N=C/c1cc([N+](=O)[O-])ccc1O)c1ccccn1,Results_005,13751,0.1,0.1,0.8,0.7,普通化合物当前有效条目=4，跨度≥0.6；中位数=0.45，左侧=2，右侧=2；两侧数量相同，删除距中位数更远的极端值；等距时删除低值
N=C(N/N=C/c1cc([N+](=O)[O-])ccc1O)c1ccccn1,Results_005,13753,0.1,0.1,0.8,0.7,普通化合物当前有效条目=3，跨度≥0.6；中位数=0.8，左侧=1，右侧=0；中位数右侧为空，删除左侧最低值
C/C(=N\Nc1ccccn1)c1nnc2c(n1)[nH]c1ccc(C)cc12,Results_005,13799,0.1,0.1,0.8,0.7,普通化合物当前有效条目=2，跨度≥0.6；中位数=0.45，左侧=1，右侧=1；剩余两条评分跨度达到0.6，保留高值
CC(=NNc1nnc2[nH]c3ccccc3c2n1)c1ccccn1,Results_005,13801,0.1,0.1,0.8,0.7,普通化合物当前有效条目=2，跨度≥0.6；中位数=0.45，左侧=1，右侧=1；剩余两条评分跨度达到0.6，保留高值
Cc1ccc(C)cc1,Results_005,17964,0.2,0.2,1,0.8,普通化合物当前有效条目=5，跨度≥0.6；中位数=0.6，左侧=2，右侧=2；两侧数量相同，删除距中位数更远的极端值；等距时删除低值
Cc1ccc(C)cc1,Results_006,2295,0.4,0.4,1,0.6,普通化合物当前有效条目=4，跨度≥0.6；中位数=0.8，左侧=2，右侧=2；两侧数量相同，删除距中位数更远的极端值；等距时删除低值
COc1ncnc(Cn2cc(C(=O)NCCF)c3ncc(C)cc32)c1C,Results_005,14444,0.2,0.2,1,0.8,普通化合物当前有效条目=6，跨度≥0.6；中位数=0.9，左侧=3，右侧=3；两侧数量相同，删除距中位数更远的极端值；等距时删除低值
COc1ncnc(Cn2cc(C(=O)NCCF)c3ncc(C)cc32)c1C,Results_005,14445,0.2,0.2,1,0.8,普通化合物当前有效条目=5，跨度≥0.6；中位数=1，左侧=2，右侧=0；中位数右侧为空，删除左侧最低值
COc1ncnc(Cn2cc(C(=O)NCC(F)F)c3ncc(C)cc32)c1C,Results_005,14452,1,0.2,1,0.8,普通化合物当前有效条目=3，跨度≥0.6；中位数=0.2，左侧=0，右侧=1；中位数左侧为空，删除右侧最高值
Cc1cnc2c(C(=O)NCCO)cn(Cc3ncnc(N(C)C)c3C)c2c1,Results_006,3504,0.1,0.1,1,0.9,普通化合物当前有效条目=7，跨度≥0.6；中位数=1，左侧=2，右侧=0；中位数右侧为空，删除左侧最低值
Cc1cnc2c(C(=O)NCCO)cn(Cc3ncnc(N(C)C)c3C)c2c1,Results_005,14456,0.2,0.2,1,0.8,普通化合物当前有效条目=6，跨度≥0.6；中位数=1，左侧=1，右侧=0；中位数右侧为空，删除左侧最低值
Cc1cnc2c(C(=O)NCCO)cn(Cc3ncnc(OC(F)F)c3C)c2c1,Results_005,14458,0.2,0.2,1,0.8,普通化合物当前有效条目=2，跨度≥0.6；中位数=0.6，左侧=1，右侧=1；剩余两条评分跨度达到0.6，保留高值
COc1nc([N+](=O)[O-])cn1CCOCc1ccc(OC(F)(F)F)cc1,Results_005,14527,0.8,0.2,0.8,0.6,普通化合物当前有效条目=3，跨度≥0.6；中位数=0.2，左侧=0，右侧=1；中位数左侧为空，删除右侧最高值
NCC[C@H](O)C(=O)N[C@H]1C[C@H](N)[C@@H](O[C@H]2O[C@H](CN)[C@@H](O)[C@H](O)[C@H]2O)[C@H](O)[C@H]1O[C@H]1O[C@H](CO)[C@@H](O)[C@H](N)[C@H]1O,Results_005,14776,1,0.2,1,0.8,普通化合物当前有效条目=3，跨度≥0.6；中位数=0.2，左侧=0，右侧=1；中位数左侧为空，删除右侧最高值
Nc1ccc(S(=O)(=O)c2ccc(N)cc2)cc1,Results_005,14821,0,0,1,1,普通化合物当前有效条目=2，跨度≥0.6；中位数=0.5，左侧=1，右侧=1；剩余两条评分跨度达到0.6，保留高值
Cl.NCCCN1c2ccccc2Sc2ccccc21,Results_005,14859,0.6,0.1,1,0.9,参考化合物有效条目超过 8 条；该值比组内最高 Activity Level 低至少 0.4，仅删除该记录
Cl.NCCCN1c2ccccc2Sc2ccccc21,Results_005,14862,0.1,0.1,1,0.9,参考化合物有效条目超过 8 条；该值比组内最高 Activity Level 低至少 0.4，仅删除该记录
Cl.NCCCN1c2ccccc2Sc2ccccc21,Results_005,14863,0.2,0.1,1,0.9,参考化合物有效条目超过 8 条；该值比组内最高 Activity Level 低至少 0.4，仅删除该记录
Cl.NCCCN1c2ccccc2Sc2ccccc21,Results_005,14864,0.4,0.1,1,0.9,参考化合物有效条目超过 8 条；该值比组内最高 Activity Level 低至少 0.4，仅删除该记录
OC(CNCCc1ccccc1)CN1c2ccccc2Sc2ccccc21,Results_005,14872,0.2,0.2,0.8,0.6,参考化合物有效条目超过 8 条；该值比组内最高 Activity Level 低至少 0.4，仅删除该记录
OC(CNCCc1ccccc1)CN1c2ccccc2Sc2ccccc21,Results_005,14873,0.2,0.2,0.8,0.6,参考化合物有效条目超过 8 条；该值比组内最高 Activity Level 低至少 0.4，仅删除该记录
OC(CNCCc1ccccc1)CN1c2ccccc2Sc2ccccc21,Results_005,14874,0.2,0.2,0.8,0.6,参考化合物有效条目超过 8 条；该值比组内最高 Activity Level 低至少 0.4，仅删除该记录
COC(=O)C1=C(C)NC(Nc2cccc(Br)c2)=[NH+]C1c1ccc(Cl)cc1.[Cl-],Results_005,15059,0.8,0.1,0.8,0.7,普通化合物当前有效条目=3，跨度≥0.6；中位数=0.4，左侧=1，右侧=1；两侧数量相同，删除距中位数更远的极端值；等距时删除低值
COC(=O)C1=C(C)NC(Nc2cccc(SC(F)(F)F)c2)=[NH+]C1c1ccc(Cl)cc1.[Cl-],Results_005,15071,0.8,0.1,0.8,0.7,普通化合物当前有效条目=3，跨度≥0.6；中位数=0.4，左侧=1，右侧=1；两侧数量相同，删除距中位数更远的极端值；等距时删除低值
Cc1nc(C(F)(F)F)ccc1NC(=O)c1ccc(C(F)(F)F)cc1,Results_005,15245,0.125,0.125,0.75,0.625,普通化合物当前有效条目=4，跨度≥0.6；中位数=0.5，左侧=1，右侧=1；两侧数量相同，删除距中位数更远的极端值；等距时删除低值
CCOC(=O)c1cccc(NC(=O)NC2COc3ccccc3C2)c1,Results_005,15249,0.125,0.125,0.75,0.625,普通化合物当前有效条目=4，跨度≥0.6；中位数=0.75，左侧=1，右侧=0；中位数右侧为空，删除左侧最低值
CCN(CC)CCN(C(=O)c1ccco1)c1nc2cc(C)cc(C)c2s1,Results_005,15253,0.125,0.125,0.75,0.625,普通化合物当前有效条目=4，跨度≥0.6；中位数=0.75，左侧=1，右侧=0；中位数右侧为空，删除左侧最低值
CCOC(=O)c1ccc(N/N=C2/C(=O)C3(C)CCC2C3(C)C)cc1,Results_005,15257,0.125,0.125,0.75,0.625,普通化合物当前有效条目=4，跨度≥0.6；中位数=0.75，左侧=1，右侧=0；中位数右侧为空，删除左侧最低值
COc1cc(C)c([N+](=O)[O-])cc1NC(=O)c1oc(=O)c2ccccc2c1-c1ccccc1,Results_005,15265,0.125,0.125,0.75,0.625,普通化合物当前有效条目=4，跨度≥0.6；中位数=0.75，左侧=1，右侧=0；中位数右侧为空，删除左侧最低值
O=C(Nc1ccc2c(c1)OCC(=O)N2Cc1ccccc1F)NC1CCCCC1,Results_005,15269,0.125,0.125,0.75,0.625,普通化合物当前有效条目=4，跨度≥0.6；中位数=0.75，左侧=1，右侧=0；中位数右侧为空，删除左侧最低值
Cc1ccc(C)c(N2CCN(C3CCCCCCC3)CC2)c1,Results_005,15273,0.125,0.125,0.75,0.625,普通化合物当前有效条目=4，跨度≥0.6；中位数=0.75，左侧=1，右侧=0；中位数右侧为空，删除左侧最低值
O=C(NCCc1ccc(Cl)cc1)C1(c2cccs2)CCOCC1,Results_005,15279,0.125,0.125,0.75,0.625,普通化合物当前有效条目=4，跨度≥0.6；中位数=0.75，左侧=1，右侧=0；中位数右侧为空，删除左侧最低值
O=C(O)C1CSc2c(C3CC3)c(Cc3cccc4ccccc34)cc(=O)n21,Results_005,15392,0.125,0.125,0.75,0.625,参考化合物有效条目超过 8 条；该值比组内最高 Activity Level 低至少 0.4，仅删除该记录
O=C(O)C1CSc2c(C3CC3)c(Cc3cccc4ccccc34)cc(=O)n21,Results_005,15393,0.125,0.125,0.75,0.625,参考化合物有效条目超过 8 条；该值比组内最高 Activity Level 低至少 0.4，仅删除该记录
O=C(O)C1CSc2c(C3CC3)c(Cc3cccc4ccccc34)cc(=O)n21,Results_005,15394,0.25,0.125,0.75,0.625,参考化合物有效条目超过 8 条；该值比组内最高 Activity Level 低至少 0.4，仅删除该记录
O=C(O)C1CSc2c(C3CC3)c(Cc3cccc4ccccc34)cc(=O)n21,Results_005,15400,0.125,0.125,0.75,0.625,参考化合物有效条目超过 8 条；该值比组内最高 Activity Level 低至少 0.4，仅删除该记录
O=C(O)C1CSc2c(C3CC3)c(Cc3cccc4ccccc34)cc(=O)n21,Results_005,15401,0.125,0.125,0.75,0.625,参考化合物有效条目超过 8 条；该值比组内最高 Activity Level 低至少 0.4，仅删除该记录
O=C(O)C1CSc2c(C3CC3)c(Cc3cccc4ccccc34)cc(=O)n21,Results_005,15402,0.25,0.125,0.75,0.625,参考化合物有效条目超过 8 条；该值比组内最高 Activity Level 低至少 0.4，仅删除该记录
O=C(O)C1CSc2c(C3CC3)c(Cc3cccc4ccccc34)cc(=O)n21,Results_005,15403,0.25,0.125,0.75,0.625,参考化合物有效条目超过 8 条；该值比组内最高 Activity Level 低至少 0.4，仅删除该记录
O=C(CCSc1nc2cc(Cl)ccc2o1)N1CCCC1,Results_005,15598,0.2,0.2,0.8,0.6,普通化合物当前有效条目=8，跨度≥0.6；中位数=0.8，左侧=3，右侧=0；中位数右侧为空，删除左侧最低值
CCCc1cc(=O)oc2c3c(c4c(c12)OC(C)(C)C=C4)OC(OC(C)=O)C3=O,Results_005,16173,0,0,0.6,0.6,普通化合物当前有效条目=3，跨度≥0.6；中位数=0.6，左侧=1，右侧=0；中位数右侧为空，删除左侧最低值
CCCc1cc(=O)oc2c1c(-c1ccc(F)cc1)cc1oc([N+](=O)[O-])cc12,Results_005,16239,0.4,0.4,1,0.6,普通化合物当前有效条目=4，跨度≥0.6；中位数=0.7，左侧=2，右侧=2；两侧数量相同，删除距中位数更远的极端值；等距时删除低值
CCCc1cc(=O)oc2c1c(-c1ccc(F)cc1)cc1oc([N+](=O)[O-])cc12,Results_005,16241,0.4,0.4,1,0.6,普通化合物当前有效条目=3，跨度≥0.6；中位数=1，左侧=1，右侧=0；中位数右侧为空，删除左侧最低值
O=[N+]([O-])c1cc2ccccc2o1,Results_005,16271,0,0,1,1,普通化合物当前有效条目=4，跨度≥0.6；中位数=0.5，左侧=2，右侧=2；两侧数量相同，删除距中位数更远的极端值；等距时删除低值
O=[N+]([O-])c1cc2ccccc2o1,Results_005,16273,0,0,1,1,普通化合物当前有效条目=3，跨度≥0.6；中位数=1，左侧=1，右侧=0；中位数右侧为空，删除左侧最低值
O=[N+]([O-])C1Cc2ccccc2O1,Results_005,16275,0,0,0.8,0.8,普通化合物当前有效条目=4，跨度≥0.6；中位数=0.4，左侧=2，右侧=2；两侧数量相同，删除距中位数更远的极端值；等距时删除低值
O=[N+]([O-])C1Cc2ccccc2O1,Results_005,16277,0,0,0.8,0.8,普通化合物当前有效条目=3，跨度≥0.6；中位数=0.8，左侧=1，右侧=0；中位数右侧为空，删除左侧最低值
CCCCCCCCCCCCCC(=O)NS(=O)(=O)OC[C@H]1O[C@@H](n2cnc3c(N)ncnc32)[C@H](O)[C@@H]1O.CC[NH+](CC)CC,Results_005,16302,0.4,0.4,1,0.6,参考化合物有效条目超过 8 条；该值比组内最高 Activity Level 低至少 0.4，仅删除该记录
CCCCCCCCCCCCCC(=O)NS(=O)(=O)OC[C@H]1O[C@@H](n2cnc3c(N)ncnc32)[C@H](O)[C@@H]1O.CC[NH+](CC)CC,Results_005,16305,0.6,0.4,1,0.6,参考化合物有效条目超过 8 条；该值比组内最高 Activity Level 低至少 0.4，仅删除该记录
C=CCCCCCCCCC(=O)NS(=O)(=O)OC[C@H]1O[C@@H](n2cnc3c(N)ncnc32)[C@H](O)[C@@H]1O.CC[NH+](CC)CC,Results_005,16319,0.4,0.4,1,0.6,参考化合物有效条目超过 8 条；该值比组内最高 Activity Level 低至少 0.4，仅删除该记录
C=CCCCCCCCCC(=O)NS(=O)(=O)OC[C@H]1O[C@@H](n2cnc3c(N)ncnc32)[C@H](O)[C@@H]1O.CC[NH+](CC)CC,Results_005,16325,0.6,0.4,1,0.6,参考化合物有效条目超过 8 条；该值比组内最高 Activity Level 低至少 0.4，仅删除该记录
[N-]=[N+]=NCCCCCCCCCCCC(=O)[N-]S(=O)(=O)OC[C@H]1O[C@@H](n2cnc3c(N)ncnc32)[C@H](O)[C@@H]1O,Results_005,16334,0.4,0.4,1,0.6,参考化合物有效条目超过 8 条；该值比组内最高 Activity Level 低至少 0.4，仅删除该记录
[N-]=[N+]=NCCCCCCCCCCCC(=O)[N-]S(=O)(=O)OC[C@H]1O[C@@H](n2cnc3c(N)ncnc32)[C@H](O)[C@@H]1O,Results_005,16340,0.6,0.4,1,0.6,参考化合物有效条目超过 8 条；该值比组内最高 Activity Level 低至少 0.4，仅删除该记录
Nc1ncnc2c1ncn2[C@@H]1O[C@H](COS(=O)(=O)[N-]C(=O)CCCCCCCCCCOc2ccccc2)[C@@H](O)[C@H]1O,Results_005,16354,0.4,0.4,0.8,0.4,参考化合物有效条目超过 8 条；该值比组内最高 Activity Level 低至少 0.4，仅删除该记录
CCCCCCCCCOCC(=O)[N-]S(=O)(=O)OC[C@H]1O[C@@H](n2cnc3c(N)ncnc32)[C@H](O)[C@@H]1O,Results_005,16367,0.4,0.4,1,0.6,参考化合物有效条目超过 8 条；该值比组内最高 Activity Level 低至少 0.4，仅删除该记录
C[C@]1(c2ccc(C#N)cc2)NC(=O)N(CC(=O)c2ccc(F)cc2F)C1=O,Results_005,17425,0.2,0.2,0.8,0.6,普通化合物当前有效条目=6，跨度≥0.6；中位数=0.5，左侧=3，右侧=3；两侧数量相同，删除距中位数更远的极端值；等距时删除低值
C[C@]1(c2ccc(C#N)cc2)NC(=O)N(CC(=O)c2ccc(F)cc2F)C1=O,Results_005,17426,0.2,0.2,0.8,0.6,普通化合物当前有效条目=5，跨度≥0.6；中位数=0.8，左侧=2，右侧=0；中位数右侧为空，删除左侧最低值
C[C@]1(c2ccc(C#N)cc2)NC(=O)N(CC(=O)c2ccc(F)cc2F)C1=O,Results_005,17427,0.2,0.2,0.8,0.6,普通化合物当前有效条目=4，跨度≥0.6；中位数=0.8，左侧=1，右侧=0；中位数右侧为空，删除左侧最低值
CC(=O)[C@](C)(O)[C@@H](O)C[C@@H]1C[C@]23OC(=O)C(=C(O)[C@@]4(C)[C@H]5[C@H](C=C[C@H]4[C@H](C)/C=C/C[C@]2(C)C=C1CO)[C@@H](O[C@H]1O[C@H](C)[C@@H](O)[C@H](O[C@H]2O[C@H](C)[C@@H](OC(=O)c4c(O)ccc(Cl)c4C)[C@H](O)[C@H]2O)[C@H]1O)[C@H](C)C[C@@H]5C)C3=O,Results_005,17820,0,0,0.6,0.6,普通化合物当前有效条目=2，跨度≥0.6；中位数=0.3，左侧=1，右侧=1；剩余两条评分跨度达到0.6，保留高值
O=C(C=Cc1ccccc1)NNC(=S)N/N=C/c1ccc2cccc(O)c2n1,Results_005,17976,0.2,0.2,0.8,0.6,普通化合物当前有效条目=3，跨度≥0.6；中位数=0.6，左侧=1，右侧=1；两侧数量相同，删除距中位数更远的极端值；等距时删除低值
Cc1cn2cc([N+](=O)[O-])nc2c(=O)n1Cc1ccc(OC(F)(F)F)cc1,Results_005,18663,0.2,0.2,0.8,0.6,参考化合物有效条目超过 8 条；该值比组内最高 Activity Level 低至少 0.4，仅删除该记录
Cc1cn2cc([N+](=O)[O-])nc2c(=O)n1Cc1ccc(OC(F)(F)F)cc1,Results_005,18664,0.2,0.2,0.8,0.6,参考化合物有效条目超过 8 条；该值比组内最高 Activity Level 低至少 0.4，仅删除该记录
Cc1cn2cc([N+](=O)[O-])nc2c(=O)n1Cc1ccc(OC(F)(F)F)cc1,Results_005,18665,0.2,0.2,0.8,0.6,参考化合物有效条目超过 8 条；该值比组内最高 Activity Level 低至少 0.4，仅删除该记录
Cc1cn2cc([N+](=O)[O-])nc2c(=O)n1Cc1ccc(OC(F)(F)F)cc1,Results_005,18666,0.2,0.2,0.8,0.6,参考化合物有效条目超过 8 条；该值比组内最高 Activity Level 低至少 0.4，仅删除该记录
Cc1cn2cc([N+](=O)[O-])nc2c(=O)n1Cc1ccc(OC(F)(F)F)cc1,Results_005,18667,0.2,0.2,0.8,0.6,参考化合物有效条目超过 8 条；该值比组内最高 Activity Level 低至少 0.4，仅删除该记录
Cc1cn2cc([N+](=O)[O-])nc2c(=O)n1Cc1ccc(OC(F)(F)F)cc1,Results_005,18668,0.2,0.2,0.8,0.6,参考化合物有效条目超过 8 条；该值比组内最高 Activity Level 低至少 0.4，仅删除该记录
Cc1cn2cc([N+](=O)[O-])nc2c(=O)n1Cc1ccc(OC(F)(F)F)cc1,Results_006,4083,0.2,0.2,0.8,0.6,参考化合物有效条目超过 8 条；该值比组内最高 Activity Level 低至少 0.4，仅删除该记录
Cc1cn2cc([N+](=O)[O-])nc2c(=O)n1Cc1ccc(OC(F)(F)F)cc1,Results_006,4085,0.2,0.2,0.8,0.6,参考化合物有效条目超过 8 条；该值比组内最高 Activity Level 低至少 0.4，仅删除该记录
CC1=C(C(=O)Nc2cccc(C)n2)C(c2ccccn2)C(C(=O)Nc2cccc(C)n2)=C(C)N1,Results_006,97,0,0,0.6,0.6,普通化合物当前有效条目=2，跨度≥0.6；中位数=0.3，左侧=1，右侧=1；剩余两条评分跨度达到0.6，保留高值
Cc1nc(/C=N/NC(=O)c2ccncc2)c(CO)c(C)c1O,Results_006,322,0,0,0.8,0.8,普通化合物当前有效条目=4，跨度≥0.6；中位数=0.8，左侧=1，右侧=0；中位数右侧为空，删除左侧最低值
Oc1ccc(C2CC(c3ccccc3O)=NN2C(=S)Nc2ccccc2)cc1,Results_006,583,0,0,0.75,0.75,普通化合物当前有效条目=4，跨度≥0.6；中位数=0.375，左侧=2，右侧=2；两侧数量相同，删除距中位数更远的极端值；等距时删除低值
Oc1ccc(C2CC(c3ccccc3O)=NN2C(=S)Nc2ccccc2)cc1,Results_006,584,0,0,0.75,0.75,普通化合物当前有效条目=3，跨度≥0.6；中位数=0.75，左侧=1，右侧=0；中位数右侧为空，删除左侧最低值
NC(=S)N1N=C(c2ccccc2O)CC1c1ccc(O)cc1,Results_006,601,0,0,0.75,0.75,普通化合物当前有效条目=2，跨度≥0.6；中位数=0.375，左侧=1，右侧=1；剩余两条评分跨度达到0.6，保留高值
CC(O)C1C(=O)N2C(C(=O)O)=C(SC3CNC(C(=O)N(C)C)C3)C(C)C12,Results_006,766,0.8,0.2,0.8,0.6,普通化合物当前有效条目=3，跨度≥0.6；中位数=0.4，左侧=1，右侧=1；两侧数量相同，删除距中位数更远的极端值；等距时删除低值
C[C@@H](O)[C@H]1C(=O)N2C(C(=O)O)=C(S[C@@H]3CN[C@H](CNS(N)(=O)=O)C3)[C@H](C)[C@H]12,Results_006,777,0.2,0.2,0.8,0.6,普通化合物当前有效条目=3，跨度≥0.6；中位数=0.6，左侧=1，右侧=1；两侧数量相同，删除距中位数更远的极端值；等距时删除低值
O=Cc1ccc(OCCOc2ccc(C=O)cc2)cc1,Results_006,789,0.25,0.25,1,0.75,普通化合物当前有效条目=2，跨度≥0.6；中位数=0.625，左侧=1，右侧=1；剩余两条评分跨度达到0.6，保留高值
O=Cc1ccc(OCCCCCOc2ccc(C=O)cc2)cc1,Results_006,795,0.25,0.25,1,0.75,普通化合物当前有效条目=2，跨度≥0.6；中位数=0.625，左侧=1，右侧=1；剩余两条评分跨度达到0.6，保留高值
O=Cc1ccc(OCCCCCCOc2ccc(C=O)cc2)cc1,Results_006,797,0.25,0.25,1,0.75,普通化合物当前有效条目=2，跨度≥0.6；中位数=0.625，左侧=1，右侧=1；剩余两条评分跨度达到0.6，保留高值
O=C(Nc1ccc2c(c1)OCOC2=O)c1ccc2ccccc2n1,Results_006,899,0.8,0.1,0.8,0.7,普通化合物当前有效条目=3，跨度≥0.6；中位数=0.1，左侧=0，右侧=1；中位数左侧为空，删除右侧最高值
O=C(c1ccncc1)N1N=CCC1(O)C(F)(F)F,Results_006,961,0.4,0.4,1,0.6,普通化合物当前有效条目=5，跨度≥0.6；中位数=0.6，左侧=1，右侧=2；删除记录数较少一侧的最外侧值
CC1=NN(C(=O)c2ccncc2)C(O)(C(F)(F)F)C1,Results_006,965,0,0,0.8,0.8,普通化合物当前有效条目=5，跨度≥0.6；中位数=0.6，左侧=2，右侧=2；两侧数量相同，删除距中位数更远的极端值；等距时删除低值
CC1=NN(C(=O)c2ccncc2)C(O)(C(F)(F)F)C1,Results_006,966,0,0,0.8,0.8,普通化合物当前有效条目=4，跨度≥0.6；中位数=0.7，左侧=2，右侧=2；两侧数量相同，删除距中位数更远的极端值；等距时删除低值
O=C(c1ccncc1)N1N=C(c2ccccc2)CC1(O)C(F)(F)F,Results_006,968,0.6,0,0.6,0.6,普通化合物当前有效条目=5，跨度≥0.6；中位数=0.2，左侧=2，右侧=2；两侧数量相同，删除距中位数更远的极端值；等距时删除低值
O=C(c1ccncc1)N1N=C(c2ccccc2)CC1(O)C(F)(F)F,Results_006,972,0.6,0,0.6,0.6,普通化合物当前有效条目=4，跨度≥0.6；中位数=0.1，左侧=2，右侧=2；两侧数量相同，删除距中位数更远的极端值；等距时删除低值
Cc1ccc(C2=NN(C(=O)c3ccncc3)C(O)(C(F)(F)F)C2)cc1,Results_006,976,0,0,0.8,0.8,普通化合物当前有效条目=5，跨度≥0.6；中位数=0.8，左侧=2，右侧=0；中位数右侧为空，删除左侧最低值
Cc1ccc(C2=NN(C(=O)c3ccncc3)C(O)(C(F)(F)F)C2)cc1,Results_006,975,0.2,0.2,0.8,0.6,普通化合物当前有效条目=4，跨度≥0.6；中位数=0.8，左侧=1，右侧=0；中位数右侧为空，删除左侧最低值
C[C@@H](O)[C@@H]1C(=O)N2C(C(=O)O)=C(S[C@H]3CN[C@@H](C(=O)N(C)C)C3)[C@H](C)[C@H]12,Results_006,1338,1,0.4,1,0.6,普通化合物当前有效条目=7，跨度≥0.6；中位数=0.8，左侧=3，右侧=1；删除记录数较少一侧的最外侧值
Cc1ccn2c(C(=O)NCc3cccc(F)c3)c(C)nc2c1,Results_006,1464,0.4,0.4,1,0.6,普通化合物当前有效条目=4，跨度≥0.6；中位数=1，左侧=1，右侧=0；中位数右侧为空，删除左侧最低值
CCCCC1(O)C(=O)N(c2ccccc2)N(c2ccc(O)cc2)C1=O,Results_006,1656,0.2,0.2,0.6,0.4,参考化合物有效条目超过 8 条；该值比组内最高 Activity Level 低至少 0.4，仅删除该记录
CCOc1cccc2c1B(O)OC2CN,Results_006,1974,0.2,0.2,1,0.8,参考化合物有效条目超过 8 条；该值比组内最高 Activity Level 低至少 0.4，仅删除该记录
CCOc1cccc2c1B(O)OC2CN,Results_006,1975,0.2,0.2,1,0.8,参考化合物有效条目超过 8 条；该值比组内最高 Activity Level 低至少 0.4，仅删除该记录
CCOc1cccc2c1B(O)OC2CN,Results_006,1976,0.2,0.2,1,0.8,参考化合物有效条目超过 8 条；该值比组内最高 Activity Level 低至少 0.4，仅删除该记录
CCOc1cccc2c1B(O)OC2CN,Results_006,1977,0.2,0.2,1,0.8,参考化合物有效条目超过 8 条；该值比组内最高 Activity Level 低至少 0.4，仅删除该记录
NCC1OB(O)c2ccccc21,Results_006,3765,0,0,0.8,0.8,普通化合物当前有效条目=4，跨度≥0.6；中位数=0.8，左侧=1，右侧=0；中位数右侧为空，删除左侧最低值
Cc1cc(C)c(C)c(C)c1,Results_006,2301,0.4,0.4,1,0.6,普通化合物当前有效条目=3，跨度≥0.6；中位数=0.8，左侧=1，右侧=1；两侧数量相同，删除距中位数更远的极端值；等距时删除低值
Cc1ccc(I)cc1,Results_006,2313,0.2,0.2,1,0.8,普通化合物当前有效条目=3，跨度≥0.6；中位数=0.8，左侧=1，右侧=1；两侧数量相同，删除距中位数更远的极端值；等距时删除低值
O=C(N/N=C/c1ccc(-n2cccn2)cc1)c1ccncc1,Results_006,2706,0.4,0.4,1,0.6,普通化合物当前有效条目=5，跨度≥0.6；中位数=0.8，左侧=2，右侧=2；两侧数量相同，删除距中位数更远的极端值；等距时删除低值
O=C(N/N=C/c1ccc(-n2cccn2)cc1)c1ccncc1,Results_006,2707,0.4,0.4,1,0.6,普通化合物当前有效条目=4，跨度≥0.6；中位数=0.9，左侧=2，右侧=2；两侧数量相同，删除距中位数更远的极端值；等距时删除低值
O=C(N/N=C/c1ccc(-n2ccnc2)cc1)c1ccncc1,Results_006,2712,0.2,0.2,1,0.8,普通化合物当前有效条目=5，跨度≥0.6；中位数=0.8，左侧=2，右侧=2；两侧数量相同，删除距中位数更远的极端值；等距时删除低值
O=C(N/N=C/c1ccc(-n2ccnc2)cc1)c1ccncc1,Results_006,2711,0.4,0.4,1,0.6,普通化合物当前有效条目=4，跨度≥0.6；中位数=0.9，左侧=2，右侧=2；两侧数量相同，删除距中位数更远的极端值；等距时删除低值
O=C(N/N=C/c1ccc(-n2cncn2)cc1)c1ccncc1,Results_006,2717,0.2,0.2,1,0.8,普通化合物当前有效条目=5，跨度≥0.6；中位数=0.8，左侧=2，右侧=2；两侧数量相同，删除距中位数更远的极端值；等距时删除低值
O=C(N/N=C/c1ccc(-n2cncn2)cc1)c1ccncc1,Results_006,2716,0.4,0.4,1,0.6,普通化合物当前有效条目=4，跨度≥0.6；中位数=0.9，左侧=2，右侧=2；两侧数量相同，删除距中位数更远的极端值；等距时删除低值
Cl.Cl.Cl.Cl.Cl.Cl.c1cc(OP2(Oc3ccc(CN4CCCC4)cc3)=NP(Oc3ccc(CN4CCCC4)cc3)(Oc3ccc(CN4CCCC4)cc3)=NP(Oc3ccc(CN4CCCC4)cc3)(Oc3ccc(CN4CCCC4)cc3)=N2)ccc1CN1CCCC1,Results_006,2786,0,0,0.8,0.8,普通化合物当前有效条目=3，跨度≥0.6；中位数=0.8，左侧=1，右侧=0；中位数右侧为空，删除左侧最低值
Cl.Cl.Cl.Cl.Cl.Cl.c1cc(OP2(Oc3ccc(CN4CCOCC4)cc3)=NP(Oc3ccc(CN4CCOCC4)cc3)(Oc3ccc(CN4CCOCC4)cc3)=NP(Oc3ccc(CN4CCOCC4)cc3)(Oc3ccc(CN4CCOCC4)cc3)=N2)ccc1CN1CCOCC1,Results_006,2792,0.8,0,0.8,0.8,普通化合物当前有效条目=4，跨度≥0.6；中位数=0，左侧=0，右侧=1；中位数左侧为空，删除右侧最高值
Cl.Cl.Cl.Cl.Cl.Cl.c1cc(OP2(Oc3ccc(CNCCN4CCCC4)cc3)=NP(Oc3ccc(CNCCN4CCCC4)cc3)(Oc3ccc(CNCCN4CCCC4)cc3)=NP(Oc3ccc(CNCCN4CCCC4)cc3)(Oc3ccc(CNCCN4CCCC4)cc3)=N2)ccc1CNCCN1CCCC1,Results_006,2798,0.6,0,0.6,0.6,普通化合物当前有效条目=3，跨度≥0.6；中位数=0，左侧=0，右侧=1；中位数左侧为空，删除右侧最高值
CN(/N=C/c1ccc(OP2(Oc3ccc(/C=N/N(C)P(=S)(NCCN4CCCC4)NCCN4CCCC4)cc3)=NP(Oc3ccc(/C=N/N(C)P(=S)(NCCN4CCCC4)NCCN4CCCC4)cc3)(Oc3ccc(/C=N/N(C)P(=S)(NCCN4CCCC4)NCCN4CCCC4)cc3)=NP(Oc3ccc(/C=N/N(C)P(=S)(NCCN4CCCC4)NCCN4CCCC4)cc3)(Oc3ccc(/C=N/N(C)P(=S)(NCCN4CCCC4)NCCN4CCCC4)cc3)=N2)cc1)P(=S)(NCCN1CCCC1)NCCN1CCCC1.Cl.Cl.Cl.Cl.Cl.Cl.Cl.Cl.Cl.Cl.Cl.Cl,Results_006,2801,0.8,0,0.8,0.8,普通化合物当前有效条目=3，跨度≥0.6；中位数=0，左侧=0，右侧=1；中位数左侧为空，删除右侧最高值
CN(/N=C/c1ccc(OP2(Oc3ccc(/C=N/N(C)P(=S)(NCCN4CCCCC4)NCCN4CCCCC4)cc3)=NP(Oc3ccc(/C=N/N(C)P(=S)(NCCN4CCCCC4)NCCN4CCCCC4)cc3)(Oc3ccc(/C=N/N(C)P(=S)(NCCN4CCCCC4)NCCN4CCCCC4)cc3)=NP(Oc3ccc(/C=N/N(C)P(=S)(NCCN4CCCCC4)NCCN4CCCCC4)cc3)(Oc3ccc(/C=N/N(C)P(=S)(NCCN4CCCCC4)NCCN4CCCCC4)cc3)=N2)cc1)P(=S)(NCCN1CCCCC1)NCCN1CCCCC1.Cl.Cl.Cl.Cl.Cl.Cl.Cl.Cl.Cl.Cl.Cl.Cl,Results_006,2804,0.8,0,0.8,0.8,普通化合物当前有效条目=3，跨度≥0.6；中位数=0，左侧=0，右侧=1；中位数左侧为空，删除右侧最高值
CN(/N=C/c1ccc(OP2(Oc3ccc(/C=N/N(C)P(=S)(NCCCN4CCCC4)NCCCN4CCCC4)cc3)=NP(Oc3ccc(/C=N/N(C)P(=S)(NCCCN4CCCC4)NCCCN4CCCC4)cc3)(Oc3ccc(/C=N/N(C)P(=S)(NCCCN4CCCC4)NCCCN4CCCC4)cc3)=NP(Oc3ccc(/C=N/N(C)P(=S)(NCCCN4CCCC4)NCCCN4CCCC4)cc3)(Oc3ccc(/C=N/N(C)P(=S)(NCCCN4CCCC4)NCCCN4CCCC4)cc3)=N2)cc1)P(=S)(NCCCN1CCCC1)NCCCN1CCCC1.Cl.Cl.Cl.Cl.Cl.Cl.Cl.Cl.Cl.Cl.Cl.Cl,Results_006,2807,0.6,0,0.6,0.6,普通化合物当前有效条目=3，跨度≥0.6；中位数=0，左侧=0，右侧=1；中位数左侧为空，删除右侧最高值
CN(/N=C/c1ccc(OP2(Oc3ccc(/C=N/N(C)P(=S)(NCCCN4CCCCC4)NCCCN4CCCCC4)cc3)=NP(Oc3ccc(/C=N/N(C)P(=S)(NCCCN4CCCCC4)NCCCN4CCCCC4)cc3)(Oc3ccc(/C=N/N(C)P(=S)(NCCCN4CCCCC4)NCCCN4CCCCC4)cc3)=NP(Oc3ccc(/C=N/N(C)P(=S)(NCCCN4CCCCC4)NCCCN4CCCCC4)cc3)(Oc3ccc(/C=N/N(C)P(=S)(NCCCN4CCCCC4)NCCCN4CCCCC4)cc3)=N2)cc1)P(=S)(NCCCN1CCCCC1)NCCCN1CCCCC1.Cl.Cl.Cl.Cl.Cl.Cl.Cl.Cl.Cl.Cl.Cl.Cl,Results_006,2810,0.8,0,0.8,0.8,普通化合物当前有效条目=3，跨度≥0.6；中位数=0，左侧=0，右侧=1；中位数左侧为空，删除右侧最高值
CN(/N=C/c1ccc(OP2(Oc3ccc(/C=N/N(C)P(=S)(NCCCN4CCOCC4)NCCCN4CCOCC4)cc3)=NP(Oc3ccc(/C=N/N(C)P(=S)(NCCCN4CCOCC4)NCCCN4CCOCC4)cc3)(Oc3ccc(/C=N/N(C)P(=S)(NCCCN4CCOCC4)NCCCN4CCOCC4)cc3)=NP(Oc3ccc(/C=N/N(C)P(=S)(NCCCN4CCOCC4)NCCCN4CCOCC4)cc3)(Oc3ccc(/C=N/N(C)P(=S)(NCCCN4CCOCC4)NCCCN4CCOCC4)cc3)=N2)cc1)P(=S)(NCCCN1CCOCC1)NCCCN1CCOCC1.Cl.Cl.Cl.Cl.Cl.Cl.Cl.Cl.Cl.Cl.Cl.Cl,Results_006,2813,0.6,0,0.6,0.6,普通化合物当前有效条目=3，跨度≥0.6；中位数=0，左侧=0，右侧=1；中位数左侧为空，删除右侧最高值
CN1CCCC1CCNP(=S)(NCCC1CCCN1C)N(C)/N=C/c1ccc(OP2(Oc3ccc(/C=N/N(C)P(=S)(NCCC4CCCN4C)NCCC4CCCN4C)cc3)=NP(Oc3ccc(/C=N/N(C)P(=S)(NCCC4CCCN4C)NCCC4CCCN4C)cc3)(Oc3ccc(/C=N/N(C)P(=S)(NCCC4CCCN4C)NCCC4CCCN4C)cc3)=NP(Oc3ccc(/C=N/N(C)P(=S)(NCCC4CCCN4C)NCCC4CCCN4C)cc3)(Oc3ccc(/C=N/N(C)P(=S)(NCCC4CCCN4C)NCCC4CCCN4C)cc3)=N2)cc1.Cl.Cl.Cl.Cl.Cl.Cl.Cl.Cl.Cl.Cl.Cl.Cl,Results_006,2816,0.8,0,0.8,0.8,普通化合物当前有效条目=3，跨度≥0.6；中位数=0，左侧=0，右侧=1；中位数左侧为空，删除右侧最高值
CN(/N=C/c1ccc(OP2(Oc3ccc(/C=N/N(C)P(=S)(Oc4ccc(CNCCN5CCCC5)cc4)Oc4ccc(CNCCN5CCCC5)cc4)cc3)=NP(Oc3ccc(/C=N/N(C)P(=S)(Oc4ccc(CNCCN5CCCC5)cc4)Oc4ccc(CNCCN5CCCC5)cc4)cc3)(Oc3ccc(/C=N/N(C)P(=S)(Oc4ccc(CNCCN5CCCC5)cc4)Oc4ccc(CNCCN5CCCC5)cc4)cc3)=NP(Oc3ccc(/C=N/N(C)P(=S)(Oc4ccc(CNCCN5CCCC5)cc4)Oc4ccc(CNCCN5CCCC5)cc4)cc3)(Oc3ccc(/C=N/N(C)P(=S)(Oc4ccc(CNCCN5CCCC5)cc4)Oc4ccc(CNCCN5CCCC5)cc4)cc3)=N2)cc1)P(=S)(Oc1ccc(CNCCN2CCCC2)cc1)Oc1ccc(CNCCN2CCCC2)cc1.Cl.Cl.Cl.Cl.Cl.Cl.Cl.Cl.Cl.Cl.Cl.Cl,Results_006,2822,0.8,0,0.8,0.8,普通化合物当前有效条目=3，跨度≥0.6；中位数=0，左侧=0，右侧=1；中位数左侧为空，删除右侧最高值
CN(/N=C/c1ccc(OP2(Oc3ccc(/C=N/N(C)P(=S)(Oc4ccc(CNCCCn5ccnc5)cc4)Oc4ccc(CNCCCn5ccnc5)cc4)cc3)=NP(Oc3ccc(/C=N/N(C)P(=S)(Oc4ccc(CNCCCn5ccnc5)cc4)Oc4ccc(CNCCCn5ccnc5)cc4)cc3)(Oc3ccc(/C=N/N(C)P(=S)(Oc4ccc(CNCCCn5ccnc5)cc4)Oc4ccc(CNCCCn5ccnc5)cc4)cc3)=NP(Oc3ccc(/C=N/N(C)P(=S)(Oc4ccc(CNCCCn5ccnc5)cc4)Oc4ccc(CNCCCn5ccnc5)cc4)cc3)(Oc3ccc(/C=N/N(C)P(=S)(Oc4ccc(CNCCCn5ccnc5)cc4)Oc4ccc(CNCCCn5ccnc5)cc4)cc3)=N2)cc1)P(=S)(Oc1ccc(CNCCCn2ccnc2)cc1)Oc1ccc(CNCCCn2ccnc2)cc1.Cl.Cl.Cl.Cl.Cl.Cl.Cl.Cl.Cl.Cl.Cl.Cl.Cl.Cl.Cl.Cl.Cl.Cl,Results_006,2825,0.6,0,0.6,0.6,普通化合物当前有效条目=3，跨度≥0.6；中位数=0，左侧=0，右侧=1；中位数左侧为空，删除右侧最高值
CC1CCCCN1CCCNCc1ccc(OP(=S)(Oc2ccc(CNCCCN3CCCCC3C)cc2)N(C)/N=C/c2ccc(OP3(Oc4ccc(/C=N/N(C)P(=S)(Oc5ccc(CNCCCN6CCCCC6C)cc5)Oc5ccc(CNCCCN6CCCCC6C)cc5)cc4)=NP(Oc4ccc(/C=N/N(C)P(=S)(Oc5ccc(CNCCCN6CCCCC6C)cc5)Oc5ccc(CNCCCN6CCCCC6C)cc5)cc4)(Oc4ccc(/C=N/N(C)P(=S)(Oc5ccc(CNCCCN6CCCCC6C)cc5)Oc5ccc(CNCCCN6CCCCC6C)cc5)cc4)=NP(Oc4ccc(/C=N/N(C)P(=S)(Oc5ccc(CNCCCN6CCCCC6C)cc5)Oc5ccc(CNCCCN6CCCCC6C)cc5)cc4)(Oc4ccc(/C=N/N(C)P(=S)(Oc5ccc(CNCCCN6CCCCC6C)cc5)Oc5ccc(CNCCCN6CCCCC6C)cc5)cc4)=N3)cc2)cc1.Cl.Cl.Cl.Cl.Cl.Cl.Cl.Cl.Cl.Cl.Cl.Cl.Cl.Cl.Cl.Cl.Cl.Cl,Results_006,2834,0.8,0,0.8,0.8,普通化合物当前有效条目=3，跨度≥0.6；中位数=0，左侧=0，右侧=1；中位数左侧为空，删除右侧最高值
Cc1nccn1CCCNCc1ccc(OP(=S)(Oc2ccc(CNCCCn3ccnc3C)cc2)N(C)/N=C/c2ccc(OP3(Oc4ccc(/C=N/N(C)P(=S)(Oc5ccc(CNCCCn6ccnc6C)cc5)Oc5ccc(CNCCCn6ccnc6C)cc5)cc4)=NP(Oc4ccc(/C=N/N(C)P(=S)(Oc5ccc(CNCCCn6ccnc6C)cc5)Oc5ccc(CNCCCn6ccnc6C)cc5)cc4)(Oc4ccc(/C=N/N(C)P(=S)(Oc5ccc(CNCCCn6ccnc6C)cc5)Oc5ccc(CNCCCn6ccnc6C)cc5)cc4)=NP(Oc4ccc(/C=N/N(C)P(=S)(Oc5ccc(CNCCCn6ccnc6C)cc5)Oc5ccc(CNCCCn6ccnc6C)cc5)cc4)(Oc4ccc(/C=N/N(C)P(=S)(Oc5ccc(CNCCCn6ccnc6C)cc5)Oc5ccc(CNCCCn6ccnc6C)cc5)cc4)=N3)cc2)cc1.Cl.Cl.Cl.Cl.Cl.Cl.Cl.Cl.Cl.Cl.Cl.Cl,Results_006,2837,0.8,0,0.8,0.8,普通化合物当前有效条目=3，跨度≥0.6；中位数=0，左侧=0，右侧=1；中位数左侧为空，删除右侧最高值
CN(/N=C/c1ccc(OP2(Oc3ccc(/C=N/N(C)P(=S)(Oc4ccc(CNCCN5CCCCC5)cc4)Oc4ccc(CNCCN5CCCCC5)cc4)cc3)=NP(Oc3ccc(/C=N/N(C)P(=S)(Oc4ccc(CNCCN5CCCCC5)cc4)Oc4ccc(CNCCN5CCCCC5)cc4)cc3)(Oc3ccc(/C=N/N(C)P(=S)(Oc4ccc(CNCCN5CCCCC5)cc4)Oc4ccc(CNCCN5CCCCC5)cc4)cc3)=NP(Oc3ccc(/C=N/N(C)P(=S)(Oc4ccc(CNCCN5CCCCC5)cc4)Oc4ccc(CNCCN5CCCCC5)cc4)cc3)(Oc3ccc(/C=N/N(C)P(=S)(Oc4ccc(CNCCN5CCCCC5)cc4)Oc4ccc(CNCCN5CCCCC5)cc4)cc3)=N2)cc1)P(=S)(Oc1ccc(CNCCN2CCCCC2)cc1)Oc1ccc(CNCCN2CCCCC2)cc1.Cl.Cl.Cl.Cl.Cl.Cl.Cl.Cl.Cl.Cl.Cl.Cl,Results_006,2843,0.6,0,0.6,0.6,普通化合物当前有效条目=3，跨度≥0.6；中位数=0，左侧=0，右侧=1；中位数左侧为空，删除右侧最高值
CN(/N=C/c1ccc(OP2(Oc3ccc(/C=N/N(C)P(=S)(Oc4ccc(CNCCN5CCOCC5)cc4)Oc4ccc(CNCCN5CCOCC5)cc4)cc3)=NP(Oc3ccc(/C=N/N(C)P(=S)(Oc4ccc(CNCCN5CCOCC5)cc4)Oc4ccc(CNCCN5CCOCC5)cc4)cc3)(Oc3ccc(/C=N/N(C)P(=S)(Oc4ccc(CNCCN5CCOCC5)cc4)Oc4ccc(CNCCN5CCOCC5)cc4)cc3)=NP(Oc3ccc(/C=N/N(C)P(=S)(Oc4ccc(CNCCN5CCOCC5)cc4)Oc4ccc(CNCCN5CCOCC5)cc4)cc3)(Oc3ccc(/C=N/N(C)P(=S)(Oc4ccc(CNCCN5CCOCC5)cc4)Oc4ccc(CNCCN5CCOCC5)cc4)cc3)=N2)cc1)P(=S)(Oc1ccc(CNCCN2CCOCC2)cc1)Oc1ccc(CNCCN2CCOCC2)cc1.Cl.Cl.Cl.Cl.Cl.Cl.Cl.Cl.Cl.Cl.Cl.Cl,Results_006,2846,0.8,0,0.8,0.8,普通化合物当前有效条目=3，跨度≥0.6；中位数=0，左侧=0，右侧=1；中位数左侧为空，删除右侧最高值
CC(C)=CCC/C(C)=C/CNCC(=O)NC1C2CC3CC(C2)CC1C3,Results_006,3003,0.6,0,0.6,0.6,普通化合物当前有效条目=3，跨度≥0.6；中位数=0，左侧=0，右侧=1；中位数左侧为空，删除右侧最高值
CCOC(=O)c1cc(COc2ccnc3cc(Cl)ccc23)on1,Results_006,3177,0.2,0.2,0.8,0.6,普通化合物当前有效条目=2，跨度≥0.6；中位数=0.5，左侧=1，右侧=1；剩余两条评分跨度达到0.6，保留高值
CCOC(=O)c1cc(COc2ccnc3cc(C(F)(F)F)ccc23)on1,Results_006,3179,0.2,0.2,0.8,0.6,普通化合物当前有效条目=2，跨度≥0.6；中位数=0.5，左侧=1，右侧=1；剩余两条评分跨度达到0.6，保留高值
Cc1cn2c(C(=O)Nc3ccc(Oc4cccc(C(F)(F)F)c4)cc3)c(C)nc2s1,Results_006,3588,0.2,0.2,0.8,0.6,普通化合物当前有效条目=2，跨度≥0.6；中位数=0.5，左侧=1，右侧=1；剩余两条评分跨度达到0.6，保留高值
Cc1cn2c(C(=O)NCc3ccc(N4CCS(=O)(=O)CC4)c(F)c3)c(C)nc2s1,Results_006,3590,0.1,0.1,0.8,0.7,普通化合物当前有效条目=7，跨度≥0.6；中位数=0.8，左侧=1，右侧=0；中位数右侧为空，删除左侧最低值
CC[C@@H]1[C@@H](C)O[C@@](O)([C@H](C)[C@H](O)[C@H](C)[C@H]2OC(=O)C=CC=C[C@H](C)[C@@H]([C@H](C)[C@@H](O)[C@]3(O)C[C@@H](O[C@H]4C[C@H](O)[C@H](O)[C@H](C)O4)[C@H](CC)[C@@H](C)O3)OC(=O)C=CC=C[C@@H]2C)C[C@H]1O[C@H]1C[C@H](O)[C@H](O)[C@H](C)O1,Results_006,3672,0.2,0.2,0.8,0.6,普通化合物当前有效条目=4，跨度≥0.6；中位数=0.5，左侧=2，右侧=2；两侧数量相同，删除距中位数更远的极端值；等距时删除低值
CC[C@@H]1[C@@H](C)O[C@@](O)([C@H](C)[C@H](O)[C@H](C)[C@H]2OC(=O)C=CC=C[C@H](C)[C@@H]([C@H](C)[C@@H](O)[C@]3(O)C[C@@H](O[C@H]4C[C@H](O)[C@H](O)[C@H](C)O4)[C@H](CC)[C@@H](C)O3)OC(=O)C=CC=C[C@@H]2C)C[C@H]1O[C@H]1C[C@H](O)[C@H](O)[C@H](C)O1,Results_006,3674,0.2,0.2,0.8,0.6,普通化合物当前有效条目=3，跨度≥0.6；中位数=0.8，左侧=1，右侧=0；中位数右侧为空，删除左侧最低值
COC1=CC(C)=C[C@@H](C)[C@@H](O)[C@@H](C)CC(C)=CC=C[C@H](OC)[C@@H]([C@@H](C)[C@@H](O)[C@H](C)[C@]2(O)C[C@@H](O)[C@H](C)[C@@H](C(C)C)O2)OC1=O,Results_006,3680,0.1,0.1,0.8,0.7,普通化合物当前有效条目=4，跨度≥0.6；中位数=0.45，左侧=2，右侧=2；两侧数量相同，删除距中位数更远的极端值；等距时删除低值
COC1=CC(C)=C[C@@H](C)[C@@H](O)[C@@H](C)CC(C)=CC=C[C@H](OC)[C@@H]([C@@H](C)[C@@H](O)[C@H](C)[C@]2(O)C[C@@H](O)[C@H](C)[C@@H](C(C)C)O2)OC1=O,Results_006,3682,0.1,0.1,0.8,0.7,普通化合物当前有效条目=3，跨度≥0.6；中位数=0.8，左侧=1，右侧=0；中位数右侧为空，删除左侧最低值
Fc1ccc(-c2n[nH]c(=S)n2/N=C/c2ccc(Cl)cc2)cc1Oc1ccccc1,Results_006,3702,0,0,0.6,0.6,普通化合物当前有效条目=2，跨度≥0.6；中位数=0.3，左侧=1，右侧=1；剩余两条评分跨度达到0.6，保留高值
O=C(Nc1ccc2c(c1)B(O)OC2)c1ccc(C(F)(F)F)cn1,Results_006,3735,0.2,0.2,0.8,0.6,普通化合物当前有效条目=2，跨度≥0.6；中位数=0.5，左侧=1，右侧=1；剩余两条评分跨度达到0.6，保留高值
O=C(Nc1ccc2c(c1)B(O)OC2)c1cnc2ccccc2n1,Results_006,3747,0,0,0.6,0.6,普通化合物当前有效条目=2，跨度≥0.6；中位数=0.3，左侧=1，右侧=1；剩余两条评分跨度达到0.6，保留高值
CCc1cccc(C(=O)c2cc(C(C)=O)c3ccccn23)c1,Results_006,3890,0,0,0.6,0.6,普通化合物当前有效条目=2，跨度≥0.6；中位数=0.3，左侧=1，右侧=1；剩余两条评分跨度达到0.6，保留高值
O=[N+]([O-])c1nccn1CCCCNc1ncnc2ccccc12,Results_006,3953,0,0,0.8,0.8,普通化合物当前有效条目=8，跨度≥0.6；中位数=0.4，左侧=4，右侧=4；两侧数量相同，删除距中位数更远的极端值；等距时删除低值
O=[N+]([O-])c1nccn1CCCCNc1ncnc2ccccc12,Results_006,3955,0,0,0.8,0.8,普通化合物当前有效条目=7，跨度≥0.6；中位数=0.8，左侧=3，右侧=0；中位数右侧为空，删除左侧最低值
O=[N+]([O-])c1nccn1CCCCNc1ncnc2ccccc12,Results_006,3957,0,0,0.8,0.8,普通化合物当前有效条目=6，跨度≥0.6；中位数=0.8，左侧=2，右侧=0；中位数右侧为空，删除左侧最低值
O=[N+]([O-])c1nccn1CCCCNc1ncnc2ccccc12,Results_006,3959,0,0,0.8,0.8,普通化合物当前有效条目=5，跨度≥0.6；中位数=0.8，左侧=1，右侧=0；中位数右侧为空，删除左侧最低值
O=[N+]([O-])c1ncn(CCCCNc2ncnc3ccccc23)n1,Results_006,3967,0.1,0.1,0.5,0.4,参考化合物有效条目超过 8 条；该值比组内最高 Activity Level 低至少 0.4，仅删除该记录
O=[N+]([O-])c1ncn(CCCCNc2ncnc3ccccc23)n1,Results_006,3968,0.1,0.1,0.5,0.4,参考化合物有效条目超过 8 条；该值比组内最高 Activity Level 低至少 0.4，仅删除该记录
O=[N+]([O-])c1ncn(CCCCNc2ncnc3ccccc23)n1,Results_006,3969,0.1,0.1,0.5,0.4,参考化合物有效条目超过 8 条；该值比组内最高 Activity Level 低至少 0.4，仅删除该记录
O=[N+]([O-])c1ncn(CCCCNc2ncnc3ccccc23)n1,Results_006,3970,0.1,0.1,0.5,0.4,参考化合物有效条目超过 8 条；该值比组内最高 Activity Level 低至少 0.4，仅删除该记录
O=[N+]([O-])c1ncn(CCCCNc2ncnc3ccccc23)n1,Results_006,3971,0.1,0.1,0.5,0.4,参考化合物有效条目超过 8 条；该值比组内最高 Activity Level 低至少 0.4，仅删除该记录
O=[N+]([O-])c1nccn1CCCNc1ccnc2c(Cl)cccc12,Results_006,3974,0,0,0.8,0.8,普通化合物当前有效条目=8，跨度≥0.6；中位数=0.4，左侧=4，右侧=4；两侧数量相同，删除距中位数更远的极端值；等距时删除低值
O=[N+]([O-])c1nccn1CCCNc1ccnc2c(Cl)cccc12,Results_006,3976,0,0,0.8,0.8,普通化合物当前有效条目=7，跨度≥0.6；中位数=0.8，左侧=3，右侧=0；中位数右侧为空，删除左侧最低值
O=[N+]([O-])c1nccn1CCCNc1ccnc2c(Cl)cccc12,Results_006,3978,0,0,0.8,0.8,普通化合物当前有效条目=6，跨度≥0.6；中位数=0.8，左侧=2，右侧=0；中位数右侧为空，删除左侧最低值
O=[N+]([O-])c1nccn1CCCNc1ccnc2c(Cl)cccc12,Results_006,3980,0,0,0.8,0.8,普通化合物当前有效条目=5，跨度≥0.6；中位数=0.8，左侧=1，右侧=0；中位数右侧为空，删除左侧最低值
O=[N+]([O-])c1nccn1CCCCNc1ccnc2c(Cl)cccc12,Results_006,3982,0.25,0.1,1,0.9,参考化合物有效条目超过 8 条；该值比组内最高 Activity Level 低至少 0.4，仅删除该记录
O=[N+]([O-])c1nccn1CCCCNc1ccnc2c(Cl)cccc12,Results_006,3984,0.25,0.1,1,0.9,参考化合物有效条目超过 8 条；该值比组内最高 Activity Level 低至少 0.4，仅删除该记录
O=[N+]([O-])c1nccn1CCCCNc1ccnc2c(Cl)cccc12,Results_006,3986,0.25,0.1,1,0.9,参考化合物有效条目超过 8 条；该值比组内最高 Activity Level 低至少 0.4，仅删除该记录
O=[N+]([O-])c1nccn1CCCCNc1ccnc2c(Cl)cccc12,Results_006,3988,0.1,0.1,1,0.9,参考化合物有效条目超过 8 条；该值比组内最高 Activity Level 低至少 0.4，仅删除该记录
O=[N+]([O-])c1nccn1CCCCNc1ccnc2c(Cl)cccc12,Results_006,3989,0.1,0.1,1,0.9,参考化合物有效条目超过 8 条；该值比组内最高 Activity Level 低至少 0.4，仅删除该记录
O=[N+]([O-])c1nccn1CCCCNc1ccnc2c(Cl)cccc12,Results_006,3990,0.1,0.1,1,0.9,参考化合物有效条目超过 8 条；该值比组内最高 Activity Level 低至少 0.4，仅删除该记录
O=[N+]([O-])c1nccn1CCCCNc1ccnc2c(Cl)cccc12,Results_006,3991,0.1,0.1,1,0.9,参考化合物有效条目超过 8 条；该值比组内最高 Activity Level 低至少 0.4，仅删除该记录
O=[N+]([O-])c1nccn1CCCCNc1ccnc2c(Cl)cccc12,Results_006,3992,0.1,0.1,1,0.9,参考化合物有效条目超过 8 条；该值比组内最高 Activity Level 低至少 0.4，仅删除该记录
O=[N+]([O-])c1nccn1CCCCNc1ccnc2c(Cl)cccc12,Results_006,3993,0.25,0.1,1,0.9,参考化合物有效条目超过 8 条；该值比组内最高 Activity Level 低至少 0.4，仅删除该记录
O=c1c2nc([N+](=O)[O-])cn2ccn1Cc1ccc(-c2cccc(OC(F)(F)F)c2)cc1,Results_006,4099,0.2,0.2,0.8,0.6,普通化合物当前有效条目=2，跨度≥0.6；中位数=0.5，左侧=1，右侧=1；剩余两条评分跨度达到0.6，保留高值
O=c1c2nc([N+](=O)[O-])cn2ccn1Cc1ccc(-c2cccc(OC(F)(F)F)c2)nc1,Results_006,4101,0.2,0.2,0.8,0.6,普通化合物当前有效条目=2，跨度≥0.6；中位数=0.5，左侧=1，右侧=1；剩余两条评分跨度达到0.6，保留高值
